amount,hour,account_age_days,transactions_24h,distance_km,card_present,is_fraud,fraud_probability,review_recommended
36.64328358765369,7,257.1137506067097,4,3.0465955309074118,1,0,0.37154675,0
49.34051444161607,11,314.0501872711268,2,5.216905284678122,1,0,0.049612544,0
27.82297573466064,6,701.6015169315162,1,4.871169172534939,1,0,0.045929074,0
15.02038323878832,1,813.4846879080546,1,52.68338091172679,1,0,0.033361312,0
23.227320993198163,7,748.385325356699,2,2.52842017879893,1,0,0.08304465,0
13.576677691078247,5,51.84601512924356,5,16.940792115404378,1,1,0.9641832,1
38.86692386182152,14,237.54815269913908,1,1.5137021909998527,1,0,0.035918843,0
139.80033772293226,15,200.0702188106188,3,20.64685662243981,1,0,0.05163553,0
22.371626491153236,4,310.50934739354864,1,1.0918348224659298,1,0,0.06102052,0
19.67846912392644,16,222.38081890272736,0,2.292560134900125,0,0,0.011968642,0
59.730456544474734,6,128.06639659066516,2,3.098317967489904,1,0,0.108499154,0
52.294280632513335,14,27.78090634264419,4,12.339568682600015,0,1,0.9967685,1
40.66689004654541,3,103.53335011029206,5,2.898379616130172,0,1,0.99952686,1
14.433212223040876,23,751.095068854279,1,9.1472143747448,0,0,0.016502835,0
35.543175811840186,5,673.2343640437443,2,45.17114159956719,1,0,0.03907214,0
73.35445173699928,23,60.0852688709604,4,5.19470816852353,1,0,0.073986724,0
9.542785774267704,19,867.8690873681187,1,34.908742965722766,1,0,0.00888311,0
23.159017718496777,20,65.92060333917674,2,6.297185675638326,1,0,0.030848585,0
5.467258268745464,2,503.17773789904703,3,32.3318322096768,1,1,0.97021234,1
10.07908273726096,11,847.6472572536887,0,62.365137114623934,1,0,0.005166785,0
5.8023613395569065,20,573.0968146081628,2,11.699711710805284,1,0,0.012457412,0
28.93086067848788,18,1576.9273617517104,3,15.707274200080812,1,0,0.05583674,0
10.304219984446297,5,728.0269943024294,4,27.439618634424164,1,1,0.89593345,1
48.003040796175945,5,347.6131699966489,2,25.379954172988278,0,0,0.07191322,0
42.80911668758108,11,1117.751817976273,1,3.719277702119682,0,0,0.04157821,0
30.35827265144291,20,619.5764940975959,5,6.135639013672723,1,0,0.026685197,0
2.9542366398555626,1,282.7001498414716,4,3.95906271885676,1,1,0.99918395,1
21.355452727807748,5,267.8919764061193,1,12.89382459246603,1,0,0.041153762,0
34.86554368646748,15,405.7061198961763,0,11.7225637033965,0,0,0.011701399,0
40.98921510996941,23,1217.2335035359838,4,62.15326348640912,0,0,0.20736381,0
7.923747273266685,11,1539.6000727280991,0,6.796149889707382,1,0,0.030363781,0
22.697317006735496,0,303.15429139150126,2,1.9595191356909496,1,0,0.15877862,0
13.756080189093405,15,307.6251305588911,1,5.267808648587399,0,0,0.014896466,0
16.299961740060354,19,423.66922632918914,4,13.9997160864476,0,0,0.5885736,0
105.73105187511328,4,1289.1055343653688,0,10.97224983511493,1,0,0.027312456,0
16.3212073188118,12,837.4362699621911,2,0.7211984336252509,1,0,0.053816468,0
35.42714361310257,0,1463.8415173767517,4,48.145481051869886,0,0,0.9701009,1
88.62286261507374,19,687.0233429670187,2,2.6391030572570617,1,0,0.024188882,0
20.41764682290117,14,139.58748361245782,3,10.904046473279148,1,0,0.05058355,0
32.730195133658725,12,389.139733605164,2,27.51331933914112,0,0,0.03019793,0
40.87277294673271,2,280.2947115863195,1,11.24198419630742,0,0,0.049915414,0
39.00858594186018,20,269.5381465664813,1,3.013310342906148,0,0,0.040356852,0
10.750413012276535,17,177.10271786587523,2,7.294526937765209,1,0,0.024402466,0
39.493663067929454,17,1265.8859792902938,1,29.88402398504355,1,0,0.033454385,0
142.42612179713836,11,362.28695828641327,3,28.400202329152616,1,0,0.06346016,0
7.790112659707868,15,568.9133309797518,2,18.915881473087712,1,0,0.017426655,0
86.43413579666566,21,105.45718385944512,1,2.154927265208909,1,0,0.030650731,0
41.237746977977935,22,1574.823414708232,5,30.15248994522532,0,0,0.048957627,0
19.26961698300606,4,2191.9141922330614,4,5.276252893170955,0,1,0.92905205,1
270.5390760212771,2,333.472096444948,3,25.304179923524185,1,1,0.98111045,1
78.43417296819064,13,325.44536739652864,1,16.194171299357247,1,0,0.032298345,0
11.031017725811232,22,151.3421525586758,4,1.839030510723633,1,0,0.059648186,0
39.42957734743965,15,207.331525845714,2,3.806877587366328,1,0,0.04115568,0
65.14982279871244,12,222.79080052724385,1,2.305137588047652,1,0,0.041520976,0
30.30212598723903,12,569.4449453380905,1,59.5905097399998,1,0,0.0067287423,0
72.45098521284453,16,316.4562837807183,4,6.222579105270727,1,0,0.057045978,0
34.24301765544684,22,265.0688019097175,0,19.4198204964491,0,0,0.01921909,0
71.32504734089775,16,1024.2221822872507,2,27.015444107134662,0,0,0.18508641,0
154.24196823741178,14,466.82839044821617,2,80.49134922186634,1,0,0.031676583,0
18.62188960032184,9,504.5210652709504,4,1.025059541262699,1,0,0.09057599,0
44.841704498800205,22,612.7811288364845,3,11.267690512072273,1,0,0.019092899,0
23.027575290407192,12,559.9792383084297,4,3.319083275099198,1,0,0.06354948,0
41.56541333450627,5,663.191262508805,3,17.490392074739738,1,0,0.8070768,0
11.165241019868075,23,1011.7754507524244,1,4.75989993267195,1,0,0.014341707,0
20.50560787262605,17,753.4624450384725,0,18.93995511101566,1,0,0.014800891,0
30.0783013736278,11,243.3880410310849,1,17.010264348361762,1,0,0.021354444,0
89.90592735838781,20,351.0958232834449,2,3.612843871834433,1,0,0.02217562,0
115.0333409276368,21,952.8011649305956,2,8.242136130188861,1,0,0.01933856,0
9.742251075339402,22,256.124775609283,0,47.89375726788148,1,0,0.0019125119,0
16.53298760759104,0,965.8866317363236,2,16.626259779458223,1,0,0.12197517,0
69.88866127576925,11,260.7631830795594,3,16.730985410185134,1,0,0.058444493,0
4.990720139208748,13,109.7348991242585,2,19.70227147308375,0,0,0.030110575,0
23.030746672686316,20,386.20367360695,3,0.7306788340404682,0,0,0.70125943,0
33.205418629271755,16,133.73554656528393,1,14.300662989284474,1,0,0.023137035,0
128.63963618809134,15,1207.8533066375403,1,7.827921549362967,1,0,0.03581653,0
72.92298619058357,9,439.09365193286015,2,4.235602286437595,0,0,0.07526532,0
26.38476023848808,21,1631.4301753352752,1,6.822892531667926,0,0,0.041665383,0
25.31568352633256,1,167.84864288641953,1,0.9844570558855512,1,0,0.07901403,0
28.49716473895218,6,1441.2967931778103,3,16.538213440940975,1,0,0.5850699,0
167.92700659873395,19,489.9670013383496,1,23.813538727296567,1,0,0.022394812,0
23.854551970548297,1,32.79569974410081,0,18.217199382209547,1,0,0.022859322,0
27.01303727862689,18,762.9149360144133,3,9.897979714491624,1,0,0.034003645,0
52.0700052127518,19,101.3828220670484,1,17.92403014653851,1,0,0.023379304,0
32.43472327382143,9,413.1305362939797,1,6.381317247110869,0,0,0.01665968,0
30.04558631131346,2,194.95229326222403,2,18.52653255519735,0,0,0.15619831,0
12.012320805498868,2,181.02009207520948,2,3.895460023837989,1,0,0.17832431,0
36.17898885528368,16,330.90323498247045,0,5.133926801767993,0,0,0.01606115,0
23.48633533744407,20,634.4636542194751,3,49.273054755969774,0,0,0.13371852,0
117.46351517181584,14,547.0960244187443,1,0.5477030450322491,1,0,0.034846462,0
70.3222678090482,18,496.23028277158096,2,26.872925851487683,1,0,0.017551739,0
35.72520231746892,1,389.20215753494136,2,32.26665765092359,1,0,0.10265876,0
71.40593743687407,20,170.38035993481168,2,5.846409251099096,1,0,0.033204183,0
26.05293548166077,16,102.40727284653306,2,2.400852176473634,0,0,0.06988958,0
104.80760734548464,19,86.09651676035944,1,0.3822610112466961,1,0,0.03767603,0
36.40115261280716,5,593.2653700286148,1,27.004376236367627,1,0,0.032677103,0
65.5873180059314,6,437.2789407552858,2,8.99968458936315,0,0,0.08286383,0
10.065429740234531,13,391.3823557993822,1,2.81373296048634,1,0,0.029415214,0
51.76322985674458,14,470.8854759957621,1,9.795385886134412,1,0,0.035764616,0
6.765227449960961,10,577.8223307924459,2,0.2983830321413349,1,0,0.046364278,0
4.781101957901525,11,208.95514358732305,4,13.717729903459675,1,0,0.049538955,0
26.99153024840946,20,605.5184780077726,1,0.0609321176515253,1,0,0.018636081,0
14.880808943375404,9,127.2403769403632,1,29.71811242256929,0,0,0.011294207,0
43.12284036963235,14,842.4732508607332,1,8.79490282948891,0,0,0.03386009,0
345.4184658447516,9,627.636064180327,1,21.5942190273129,0,0,0.65783226,0
15.931158068120942,5,559.1339160769206,3,6.810707512637516,1,1,0.9044355,1
19.61032892810973,16,187.57246927813708,5,3.593832330523598,1,0,0.059874002,0
44.94340115677674,0,416.7655066156293,0,15.37172070711286,0,0,0.051800653,0
59.92017689628839,23,73.99377335154873,0,0.4745727456247134,1,0,0.018018369,0
30.679477143475697,14,1161.8520721399527,2,3.10834079496952,1,0,0.05798728,0
29.78692889932657,11,289.98173439751514,4,14.526114540399352,0,1,0.87384,0
73.88153670443018,12,262.41950971609805,2,3.753263921552693,1,0,0.04484711,0
61.553556732792366,8,463.22872947015605,4,6.02622360525589,0,0,0.52767986,0
13.017884827348954,23,621.9518736275736,4,6.588275848646382,0,0,0.069420815,0
33.81209847142192,15,137.94439183114582,3,16.752518225156226,1,0,0.048158593,0
37.91272655238525,3,107.09892157853346,2,21.230405824757664,1,0,0.14219017,0
12.749797357527664,15,507.3254885562434,1,4.853206821925604,1,0,0.027772723,0
47.45771484019981,18,594.5741848942389,2,0.6535474954620358,1,0,0.027770609,0
15.51866546260186,9,1041.6893114138652,0,4.594960072440372,1,0,0.025663592,0
96.74384457451036,23,517.8729702461832,1,15.596080141204574,1,0,0.012620778,0
44.37809148360379,15,705.6127593899092,4,7.531335849807164,1,0,0.0644021,0
40.01708491384446,6,299.0819081462637,3,6.637884485925009,1,0,0.6801076,0
20.26654804296537,15,353.2255370841955,4,14.98283243240717,1,0,0.04031515,0
32.504878186631494,23,661.2631887500431,1,11.02515306403427,0,0,0.023836255,0
4.964207696866864,17,606.3255778239986,0,15.184969006659488,1,0,0.01113035,0
11.80581881067598,0,795.6636825539255,3,52.80845674610948,1,1,0.9578594,1
52.60650594112905,4,80.6437226746435,5,38.93794235157203,1,1,0.99143183,1
4.355471880551776,1,231.7840205309797,2,3.5377456285670426,1,0,0.17568456,0
85.33703395072128,15,672.0882214339517,3,19.313158285493557,0,0,0.2794406,0
6.38469375172368,22,428.1138293568458,4,27.58569619973569,0,0,0.40026003,0
78.00231476037092,10,80.05438627893153,2,6.232334227951784,1,0,0.08508455,0
15.713228970132224,11,39.09792539151604,2,4.743695581130919,0,0,0.05963524,0
79.75752418345142,21,10.632507874516849,2,9.05156424860318,0,0,0.26344907,0
41.71877250936499,5,170.24829499901077,1,0.541090511485805,1,0,0.0585544,0
7.870842113638433,14,191.34540178717413,3,6.288283933835973,1,0,0.0436274,0
127.63169705172731,23,299.2676328268343,3,17.122624156980667,1,0,0.01933982,0
154.73394458542347,19,690.6911657675912,4,38.37910200969476,0,1,0.82080007,0
34.2674215575466,22,657.1229919176852,2,8.323425314438515,1,0,0.015862964,0
27.829141521468483,19,142.99369229635195,1,14.560501334985684,1,0,0.018019065,0
31.191107371004644,16,267.9635429338474,1,1.9818673727986689,1,0,0.028362121,0
13.802471595107985,5,373.3530348453541,1,19.366807940874622,1,0,0.030147718,0
109.79190042758094,21,368.142336697706,2,12.839858457496128,1,0,0.020404782,0
21.265968420883627,1,823.7675051454233,1,21.66089405040997,0,0,0.07403106,0
34.77189992950984,21,739.7382055789095,4,35.447928199255166,0,0,0.12074891,0
16.555255376051385,18,1015.261577205452,1,15.913026697896314,0,0,0.019604782,0
19.56861290548147,21,539.5861832832757,1,31.37208939446719,1,0,0.006400585,0
10.198848771169702,1,356.21322200349914,0,33.5861498399191,0,0,0.013705467,0
128.64662619627035,17,341.56840606243225,0,18.481574776185177,1,0,0.024888977,0
31.371894949263456,22,647.0943470784706,3,12.175051838849058,1,0,0.01830865,0
96.15116791172316,22,684.5563452837381,0,5.908332599226397,1,0,0.015857412,0
37.08915455835797,16,874.0276191452449,2,25.821828696035983,1,0,0.031891737,0
18.276141613890623,22,938.719137210571,2,23.740191647991125,1,0,0.011414157,0
26.39869929996372,10,175.43978541508267,1,7.108898475772335,1,0,0.032456893,0
20.90041362609333,0,226.98171501239,3,12.652416472614195,1,1,0.9985703,1
36.89068570206354,16,666.911553964781,1,17.75755409380355,1,0,0.025866048,0
25.14686307964686,19,210.88864731979064,2,1.0032350884640449,0,0,0.06370652,0
27.114761491141792,3,651.9916892371498,1,17.276902828140887,0,0,0.033278443,0
9.22046357753913,9,133.93856954771255,3,48.51987840470338,1,0,0.050068323,0
16.332452385052022,15,1065.2862293808987,5,1.9404261724141172,0,0,0.08138561,0
191.34107122963397,2,776.2494912440852,1,21.596682685318463,1,0,0.05454512,0
18.70454951323537,22,437.9482191128203,2,20.56050047338419,0,0,0.0293321,0
12.754781391157149,0,283.41027802260385,0,13.781028270026342,1,0,0.034120888,0
51.28130868038164,0,457.3448780241266,1,21.309891838049143,0,0,0.09975408,0
149.4963831492576,0,102.16869240142266,2,27.390436201655334,1,0,0.26361355,0
8.550379753007775,22,221.91666146974143,2,26.37627199212097,1,0,0.007840421,0
29.70983547462242,12,826.4289071209867,3,5.441503798245331,1,0,0.07011481,0
19.45195241119836,7,339.87601300292044,2,17.87127348815209,1,0,0.045138035,0
6.290122372890337,21,886.9995415126139,3,10.852990338469883,1,0,0.018648442,0
76.31936518191347,9,509.8828464609643,1,4.943309957277637,0,0,0.056552727,0
35.75020779051259,2,138.33221081493252,4,17.742586409475486,1,1,0.9989895,1
39.30854181704677,22,47.36874916124505,3,14.038978667290984,0,1,0.9909499,1
17.24786775712128,8,433.2007194712884,2,31.911270128790264,1,0,0.023166114,0
57.672713747012274,19,229.51306153982583,3,21.68305112956641,1,0,0.028696338,0
21.342548247131035,2,296.8647456946719,2,19.852322558215413,1,0,0.14274703,0
31.724739155038296,9,1584.6849591116074,3,3.0974912502397745,1,0,0.1456453,0
12.082271438492675,4,446.874763538404,4,29.762966723634737,1,1,0.97879547,1
10.847094323033811,23,231.9823156467472,3,0.1988814335678034,0,0,0.90351343,1
139.1471289933267,18,331.1590242677027,0,37.73777349909181,1,0,0.020829523,0
22.04080031286698,0,520.8231514152307,5,26.878413638660064,1,1,0.9989178,1
48.99314333379172,5,178.48531387128995,3,1.7168268056947715,1,1,0.92588174,1
35.38222464054304,15,132.1165602279317,0,16.177465244483592,1,0,0.01489951,0
23.54361826789829,13,983.2357434626838,4,35.07565086777512,1,0,0.07229027,0
22.021935607135894,12,516.7587339016976,1,14.795592906416314,1,0,0.02722307,0
68.72290786376688,2,1038.6775120391044,0,56.25835432130577,1,0,0.019859476,0
27.062050487581047,21,250.43444024496145,1,4.641051117138161,1,0,0.014845486,0
31.454949634505542,9,211.46381332620888,3,20.679147318356826,1,0,0.055718064,0
37.42060756909456,0,250.12537881149623,1,3.293605614257764,0,0,0.070087284,0
118.68920100339938,10,146.72199627055502,2,10.604875886327214,1,0,0.07008071,0
72.27736247207393,7,174.3575055547528,0,26.75731990787008,1,0,0.017527368,0
53.65637392624088,2,461.78794785735295,2,24.73092784093097,1,0,0.10569825,0
20.83071555140789,11,462.24080420671424,1,11.97517828202863,0,0,0.011554304,0
9.189222040852446,10,364.5453341767102,4,28.46859163442716,1,0,0.04839455,0
94.5879350765112,1,315.34312631270336,5,37.42462833621694,1,1,0.9985305,1
96.2017101192345,20,816.2430947635178,5,5.73642708891668,1,0,0.029988796,0
31.79444537785838,15,781.9827037745148,3,13.537631763597869,1,0,0.050700795,0
62.92124352626185,17,640.5870744880742,2,11.107358783385886,1,0,0.031521574,0
79.95332715693378,20,963.8725701271208,2,19.35399203634028,1,0,0.024991913,0
84.03088859882791,15,582.8352959573886,1,12.933707290102038,0,0,0.09740568,0
91.9627379981625,21,417.6597514434465,3,63.28221244318841,1,0,0.009963212,0
23.20533825352942,2,607.0539790676472,2,26.71004642777216,1,0,0.10477737,0
166.49628263666094,3,792.5423580710825,0,5.506968204651118,1,0,0.023230204,0
10.52135437311308,6,1443.5249933936568,1,8.407183626861162,1,0,0.06326194,0
86.63666219772716,12,371.1011520810807,2,10.735528418060952,0,0,0.11330671,0
59.97525611208923,7,411.5567162051165,1,14.46250915066247,1,0,0.04470183,0
87.67344970036667,23,142.56656809571638,0,15.48993892927946,0,0,0.16095899,0
239.6089709969041,16,246.0313383472836,3,49.70932748600539,1,0,0.07588952,0
161.4903636981224,1,129.65930854464094,6,7.1566754224740805,0,1,0.99976736,1
11.644373393288214,19,316.5903342887795,2,1.6072146125596425,0,0,0.04128355,0
6.762065696168021,16,342.4531320560608,2,6.615128243635837,1,0,0.020772992,0
82.83817940609418,15,793.0472308655053,3,7.077547457626853,1,0,0.04644539,0
13.26312441563866,6,392.14848844704215,1,27.593565858679792,0,0,0.009607165,0
36.14702363086453,7,285.05567934230714,0,15.348853895736571,1,0,0.016457343,0
84.75184170061846,21,220.33767006683863,4,26.107343665943475,1,0,0.042769093,0
7.072419548088398,19,145.0781177211761,3,1.949359264480195,0,1,0.9680714,1
4.437182245947059,14,1046.678233652421,2,18.798667721938568,1,0,0.032281093,0
47.43209078171711,7,768.4427417310691,1,7.611534268303066,1,0,0.043440823,0
38.25927022046161,21,151.44305207055302,3,21.08173791174019,0,1,0.9747096,1
28.622608960404715,10,402.7272815895661,2,8.79117114779602,1,0,0.046271693,0
38.036064056216055,1,184.4712375372879,3,6.983300090282597,1,1,0.9974948,1
15.479001950988447,7,499.3469701875468,2,20.852745365562228,1,0,0.04485542,0
8.056712482487061,14,656.4858130387072,2,30.237959450856216,1,0,0.016363736,0
30.980102671947147,16,331.1959725444915,3,35.37670347899543,1,0,0.017720057,0
13.850084157249745,10,73.40420888961187,2,8.423230446642174,0,0,0.048963398,0
7.074654989384064,11,173.63060985351828,5,7.811566758883511,1,0,0.046824086,0
60.68406065413922,2,194.9859840276428,1,35.10741205215836,1,0,0.040552203,0
34.41874647377067,17,1420.5482254121134,1,32.65228343755358,1,0,0.037729952,0
54.95576212737685,9,1031.6686323426306,0,10.017955420361364,1,0,0.028691014,0
13.608642360123376,2,608.1650318616313,1,1.5494516472944182,1,0,0.069151975,0
18.952601570794847,17,212.17767475693088,1,9.167621978006746,1,0,0.019129612,0
13.476628632807854,11,237.7205309472542,2,11.54124431860524,1,0,0.026331985,0
15.079830658011929,13,217.04526168272312,4,5.022098754700224,1,0,0.062259927,0
44.49638356864399,4,693.7446706437973,2,6.922357394546514,0,0,0.11423293,0
16.727020128199715,14,70.07736745155269,2,11.300613794466916,0,0,0.055464793,0
52.25137931241771,12,749.9178180010668,3,6.887361924722305,1,0,0.06872445,0
51.40605285835876,6,119.06980088219606,4,15.070705374499132,1,0,0.8545804,0
277.3169253163528,0,832.6253131392723,4,19.01554671759269,1,1,0.97102123,1
9.090327663534604,12,607.1248475246186,3,30.19041189979529,1,0,0.032291275,0
88.93469868940672,23,425.4738488492196,4,14.328163534259785,1,0,0.023358563,0
33.46539895734923,10,429.7108565581785,1,25.280437475207208,1,0,0.021176413,0
36.088356181761554,18,306.7244996987047,1,0.2509374601197363,1,0,0.02298655,0
8.586027546430886,21,1697.3675276496824,3,15.963527863277402,1,0,0.028664464,0
23.099389469237785,18,308.6836503216581,3,8.1645819105681,0,1,0.8542474,0
76.95318603904568,21,405.77227907286937,3,21.414874168535498,1,0,0.020373821,0
33.700801753578645,11,469.6900424805026,6,8.872380502650147,0,0,0.39365712,0
39.688218102531295,10,295.6482760066945,2,3.419065995290928,1,0,0.051185623,0
27.36550611498012,9,980.9752278946024,1,4.018938305658077,1,0,0.04341889,0
116.11368415297098,12,199.9589674438372,2,4.28882832372868,1,0,0.054985154,0
35.82075352904922,6,223.27927563659543,0,41.44999485838273,0,0,0.04727261,0
4.053514682096711,7,84.16187707525967,3,0.5651346895412449,1,0,0.41585225,0
18.318792573711907,11,533.2260954249764,3,4.878356982812364,1,0,0.06060529,0
5.110020382318826,13,300.9191864875137,1,35.206225394044544,1,0,0.0061555034,0
1.4170278071902398,3,455.0770409851393,2,11.038305859859149,1,0,0.152522,0
21.53941796474182,3,716.1606842822308,2,14.863328916357528,1,0,0.12594865,0
138.8730005119936,19,228.1324407671284,3,20.752781391096622,1,0,0.034410387,0
38.36401481866905,23,197.04292626724492,0,49.48865547198458,1,0,0.0034575332,0
11.330002464899616,16,253.0012844252921,1,10.599872403721,1,0,0.015626622,0
14.286287080980136,9,1185.2630523106418,3,4.814043292606573,0,0,0.099042065,0
113.36505992151297,18,108.82299130801462,1,6.843328488066462,1,0,0.04325872,0
42.846614056281055,0,839.0087854745534,1,45.116254349497815,0,0,0.34372425,0
38.39776449265968,23,628.4503443876416,3,58.28327964394262,1,0,0.0063032266,0
34.69300949428927,7,882.2124861058358,1,65.96313647279577,1,0,0.015438563,0
38.03094846539236,9,506.1631172685805,0,10.366530063924984,1,0,0.0240902,0
81.89235549013281,22,399.0447969265807,2,15.207687216969092,1,0,0.015201507,0
63.597063465630725,12,134.2607702535475,1,4.507811799107153,0,0,0.06308064,0
45.40874465402572,7,378.3091380338827,3,12.17043332498895,1,0,0.28905973,0
12.89876592947854,15,376.475872526869,2,9.8689931569236,1,0,0.021884859,0
61.01433062799302,9,154.29240829334117,4,1.9898331869639383,1,0,0.114105634,0
18.46270815016788,20,877.3479257556478,1,25.81458268420385,0,0,0.018239778,0
109.27259981749638,23,1018.8334142423896,0,28.251244626091434,1,0,0.0152484495,0
10.267146921400734,21,107.499867007978,3,1.0198256051998984,0,1,0.9784631,1
31.89275996620673,18,696.659994724246,3,19.05439297495583,0,0,0.12484495,0
36.32992252547182,23,630.2768710134352,1,16.47261548550628,1,0,0.010062984,0
9.731367678340357,8,840.6046759217774,3,28.0331434651135,0,0,0.06336644,0
204.787251738332,23,384.0672479434381,4,26.257430724805083,1,0,0.021909323,0
157.65463202502332,3,407.2599089826028,2,2.7010886374283394,1,0,0.065051176,0
23.021216296068367,22,1027.6624427383626,3,73.8476461439765,1,0,0.006653386,0
79.17979602359884,9,188.8119067077345,4,19.94084294205789,1,0,0.11766373,0
53.44622828412739,13,753.2908010227843,2,1.5959019782268524,1,0,0.053328414,0
2.681672150354798,8,147.44806316612326,3,8.263554660534332,1,0,0.094518855,0
47.01177095842223,19,643.2898051491935,2,22.103549969976346,0,0,0.047042027,0
34.42062401903171,21,381.4975658472288,2,26.52118173861961,1,0,0.009949346,0
39.77415595365147,5,598.6718603100692,1,9.09027673260136,0,0,0.028843094,0
12.467497777477334,12,199.4800858027955,0,75.10586259737833,1,0,0.0014858071,0
27.956590106080707,14,398.0144662088106,2,34.233139958866616,1,0,0.014035595,0
30.62268997455617,22,537.8970429628562,4,7.146307730729384,1,0,0.025596004,0
120.07231871453337,4,1042.9602539726195,0,25.33695362809078,1,0,0.033596125,0
51.1328455301013,23,550.7416285397354,0,5.681314373231428,1,0,0.010626551,0
36.39549378258048,4,332.1215963193408,1,15.49511838203862,1,0,0.04753933,0
168.84311968493418,20,226.6361955924263,2,11.138323531418092,1,0,0.024987718,0
21.00482283649036,11,966.326535447944,2,24.53051924757176,0,0,0.031845298,0
24.793206771023588,9,1038.613111589355,3,18.756127775853518,0,0,0.08059233,0
5.949129989777979,19,1051.1612302803844,1,16.428749887657364,1,0,0.01526325,0
175.75761288031828,9,1266.8363862782517,2,12.587873391193042,1,0,0.043855373,0
95.9984809777708,11,711.3656959555839,4,0.4645954367808217,1,0,0.07563113,0
91.5465919673984,13,1065.9332537671069,1,28.03193924339309,1,0,0.04428666,0
71.44289408435299,21,882.0420608832109,2,27.648080344344542,1,0,0.016763635,0
40.85987734966693,16,758.6097658731742,2,18.92941028866089,0,0,0.04302863,0
45.39894828191224,23,53.18519388597609,1,9.592454547634032,1,0,0.02108512,0
28.44559767925223,20,329.3493097503487,1,4.853006790622301,1,0,0.014649234,0
29.856410511241656,2,28.998448489512697,2,36.55391204580052,0,0,0.19517979,0
38.64060288025591,19,212.30604203931813,1,6.394964314224713,0,0,0.03789025,0
165.97372813156923,9,473.0283615352935,2,30.95890963642968,0,1,0.9336579,1
63.7958347269517,7,88.63587272396121,0,13.382291819755038,1,0,0.023902906,0
34.52003479707201,18,305.054047408147,3,10.966457452278863,0,1,0.8679987,0
20.503753143472096,17,257.2768588926786,3,1.9818384124664905,1,0,0.039584402,0
19.394732577695528,6,181.42303204367784,1,4.883106102790683,0,0,0.019240912,0
181.7632491053124,9,428.8417704545564,0,3.902333075487794,1,0,0.026013969,0
60.74515368020901,1,173.60719463646012,3,91.5750141083238,0,0,0.9991742,1
39.15587826071881,18,189.3713445441884,1,22.70358201472379,0,0,0.031602643,0
25.88899973545358,4,627.3414659004223,2,14.052967914330123,1,0,0.115203924,0
12.072698588631498,0,411.1189141993024,1,3.955394004462231,0,0,0.054618932,0
34.23123195945856,6,436.4715968532942,2,7.53636281759545,1,0,0.092038155,0
87.67686210034813,20,562.4574831617681,2,14.390798462035471,1,0,0.019976053,0
24.716295258204283,12,521.7630287167639,4,42.02314814358228,1,0,0.041764088,0
29.15881933139081,16,1002.4107140866124,4,33.49166946893765,1,0,0.050332706,0
29.340407120151664,22,501.49557597516304,4,1.6745543887771603,0,0,0.35857287,0
40.83723827619985,3,31.25475788282944,2,6.176001159033392,1,0,0.1824267,0
7.440879998764629,10,273.4890954790503,1,8.441990170493625,1,0,0.022168232,0
28.92197387888505,6,442.5921525206924,2,19.063984209844108,1,0,0.06608348,0
15.57402530296028,17,681.8854808887463,1,1.9562010044909333,1,0,0.027464146,0
88.64016039986542,7,521.4939998676556,4,9.833741870911725,1,0,0.21926807,0
16.935319010400754,15,402.6228129079386,1,30.787257479007778,1,0,0.008511553,0
65.17309610189164,12,875.2506179946721,1,8.830731327581441,1,0,0.046475008,0
168.07956235218757,23,1400.2176321790494,5,1.1503005522555223,1,0,0.013390883,0
26.74650307740701,21,1045.787697671709,0,7.5614239839086945,0,0,0.019144176,0
20.053901991825335,9,350.58706590899027,2,8.440476460566943,1,0,0.043219574,0
44.31983232388789,23,588.1899254383583,1,41.66704191411743,1,0,0.0055673504,0
36.52405090122879,4,628.360737097851,1,15.732197601138456,1,0,0.048876304,0
13.54996077734031,14,384.5231724039997,2,17.49901773641191,0,0,0.021263715,0
58.02763808262364,11,752.8450691184269,1,13.990200544900038,1,0,0.044788677,0
274.6550793380416,2,254.0774571384596,2,1.6141118942670578,1,0,0.05774076,0
28.27245487630416,12,580.3389768880347,1,2.445496556630665,0,0,0.01950302,0
29.878041241086358,23,721.6179924013826,3,4.140571206673632,1,0,0.017504012,0
12.872174632272582,2,557.37715987661,4,31.086997056386156,1,0,0.99448663,1
50.35452327064687,23,273.94817737199946,2,15.565717906951164,0,0,0.092250794,0
10.51732371565979,10,238.21945304420413,0,0.5335718368444387,1,0,0.017826617,0
12.098348741536364,2,1223.4233326650196,3,0.4191602072618224,0,0,0.9302447,1
131.58687394321217,12,169.83859922137214,2,18.60797059224039,1,0,0.05516052,0
14.798812493205752,15,473.2350150655049,2,31.458687740601448,0,0,0.019373016,0
107.91647727153966,14,379.81978550229553,1,6.335792113709862,1,0,0.037976697,0
168.0662091389149,15,108.05738308057776,2,34.912190286642975,1,0,0.04066225,0
47.43339220046294,11,378.40299362492703,2,36.19483123634486,1,0,0.020365248,0
63.64949575698489,15,870.9079365877058,0,3.4370614986937684,1,0,0.026521701,0
257.8172353263518,4,194.8718866957963,4,34.10469889583905,0,1,0.9985703,1
30.06229106840441,17,230.48444413208503,0,55.34448403336045,1,0,0.0031556874,0
20.226511675292883,9,620.9402762545201,2,19.979782031416363,1,0,0.038310718,0
9.457129818867116,0,621.3669977574549,2,0.688960112461972,0,0,0.19965437,0
38.15691808497951,20,503.9026959721648,1,33.47445520299316,1,0,0.008667713,0
160.63652610357892,7,264.93068520007944,2,9.313921768354724,0,0,0.40643352,0
95.54481279958442,7,255.4660171352932,0,9.850914606508873,0,0,0.21640848,0
14.26642334592522,8,199.088164811848,2,9.434303442123838,1,0,0.042213645,0
15.55877232424502,23,619.249831591146,1,3.190055043379651,1,0,0.010603575,0
22.105551380309866,15,688.3345922722282,3,22.90496500501227,1,0,0.03467842,0
49.02194634810032,6,389.38133248867575,4,1.290479930117569,1,0,0.7163695,0
29.80536982942349,2,155.36645460438064,3,9.891780949372889,0,1,0.9973773,1
45.351984962235264,1,403.7694941598889,1,18.368609436908688,0,0,0.06439461,0
49.24162872508185,6,510.1455019344588,5,16.888981181601228,1,0,0.5129084,0
27.14591062047027,13,738.9673074297493,1,15.757265817382867,0,0,0.018806636,0
35.157081334142966,4,433.8062724590307,1,15.199116711316114,1,0,0.047263786,0
44.99684504565939,8,157.75297058189935,2,14.935692768359994,1,0,0.052130405,0
33.65058014365627,1,247.439990261725,3,18.39400765342593,1,1,0.9969855,1
60.55311204691535,10,1787.6434021500856,4,12.579124094572697,1,0,0.19110744,0
237.66824515452063,11,817.9581450324747,0,25.699755274639635,1,0,0.042132128,0
66.15313520127725,19,1484.219538161628,1,10.851019820694177,1,0,0.04246472,0
38.69887564096141,4,642.9329219341155,2,39.95074838658598,0,0,0.11747142,0
6.779351013432313,12,188.77153092160543,2,8.573093439246193,1,0,0.02653768,0
53.944572596100016,11,204.41481852062617,1,9.683724909046648,1,0,0.035868764,0
5.22430402610176,3,498.52956446623966,1,40.25894919510018,1,0,0.020873884,0
8.943847930316862,4,408.3081393980736,4,4.510976899030447,1,1,0.9845196,1
86.02511190012143,19,392.4098222467889,2,2.4355879100481044,0,0,0.12540443,0
74.16075190308317,19,642.171668614609,0,26.0482254446176,1,0,0.013557098,0
31.5023139433004,4,77.7907316712187,3,26.01911447208528,1,1,0.9836992,1
6.619295165735172,2,1001.8742667579764,2,1.1475812190607646,0,0,0.16146386,0
25.24558990171437,12,329.7992971030625,0,49.46224591038187,1,0,0.004023697,0
18.56469542798472,18,852.9271180295979,2,12.634894027009864,0,0,0.029580878,0
69.1889208256587,15,338.45506959958925,2,58.509701626747095,0,0,0.6294872,0
349.9290894646871,15,820.5245559588856,1,28.35734178809648,0,1,0.7523041,0
45.46444027368176,21,1304.8749978319154,2,3.0408956022440425,0,0,0.06538047,0
16.788411755873337,3,156.31833228416565,3,35.344344658088595,1,1,0.98923,1
11.352619039610676,20,362.7942874151127,1,20.8805190620376,1,0,0.007210884,0
34.601800532861404,9,629.7681796242765,1,31.9019341345197,1,0,0.021482252,0
30.66760256951569,13,1209.8296190224828,2,4.266738987265285,1,0,0.064067446,0
11.570755537186278,9,1067.087538255836,1,44.36602322282318,1,0,0.022114016,0
41.11426886952908,0,284.4554433646972,1,1.244593695786516,1,0,0.068003,0
11.57776535142608,10,433.26756308744206,0,21.4254640922388,1,0,0.010058074,0
111.28642372481868,18,487.3614352842691,1,6.924895183524703,1,0,0.02461962,0
105.91645317983992,16,1203.7350874596148,1,76.82391846092146,1,0,0.02405821,0
108.28333513495042,15,87.23137781760597,1,2.343716617226281,1,0,0.051925678,0
22.78151654634281,0,411.69354533950985,2,38.403664202555134,1,0,0.0954141,0
61.22285474296388,20,382.5618249267487,4,7.47051953100766,1,0,0.036775097,0
32.07030405953524,3,723.9633780502044,3,1.9914553284218472,1,1,0.95557004,1
24.80853974855037,0,909.3091692663284,5,39.9931871161144,1,1,0.9965834,1
26.071801888037445,16,805.8598472827945,2,23.48046137442249,0,0,0.03030221,0
9.977022777861004,19,748.939542703388,3,16.097647369208495,1,0,0.021605762,0
8.637699658215839,2,819.8819015996081,3,6.789536731223159,1,1,0.9784082,1
80.98911726363144,13,127.31971857984884,2,36.17438465813774,0,0,0.58479476,0
30.22787754426246,20,309.2657521034958,0,6.906299255428397,0,0,0.017087985,0
45.441457589294416,13,660.3954218504712,1,3.1012353682560034,1,0,0.043139093,0
99.65461806690722,8,678.0270526253972,1,26.917764677739477,1,0,0.038090132,0
6.468003643225341,2,157.4573884451123,1,6.1271766272196375,0,0,0.031261683,0
16.70770392933091,0,211.92452014964647,3,56.55595826044485,1,1,0.9973869,1
43.6121091008287,23,692.6236689048178,0,75.15985894852098,0,0,0.08682375,0
54.16824150760374,18,233.4699227537621,3,12.442261812780632,1,0,0.037398547,0
25.10144839866365,8,808.6702694869025,2,28.51386296385588,1,0,0.050411697,0
102.42995843897508,5,1408.1548480962667,2,50.56613766605645,0,1,0.9379233,1
45.16827404947352,22,482.31486969183584,4,6.029037715196167,1,0,0.025546843,0
10.87664534010048,23,641.2122947939787,1,29.26536562728773,1,0,0.0052011777,0
14.428944501760864,17,562.1787136538541,2,18.66784911299237,0,0,0.020851558,0
81.8977125351006,22,888.5359624753771,3,4.552063205958101,0,0,0.13294226,0
58.196863204561176,16,1333.3950199217886,4,18.488448129579854,1,0,0.07051644,0
5.4790885327922565,21,621.9840716881642,5,6.390074633385306,1,0,0.02066191,0
140.85236764361233,20,383.32637069651935,1,50.81472090187478,1,0,0.013178522,0
66.55489068981865,21,199.73240243885937,1,3.4512444133112337,1,0,0.02456803,0
140.2382816615201,12,392.5042021830822,3,5.358353700763342,1,0,0.046880197,0
24.935665272850184,1,297.64666711269587,1,12.8039897982364,1,0,0.072656155,0
27.229304880942568,18,799.4172599175956,0,57.90673008372068,1,0,0.0052428213,0
11.864407065723688,0,875.2665676003711,1,3.367665778555151,1,0,0.059991304,0
462.6309121195299,17,331.0796655862283,2,3.553365145259372,0,0,0.11270539,0
30.70869301451585,9,443.9199613725416,2,8.404300582360467,0,0,0.03628077,0
179.02638408145057,7,715.0545419338924,1,20.014781687779895,0,0,0.73905724,0
19.157754121139263,10,265.24159492692445,1,0.7563220493962559,1,0,0.037594277,0
43.11371639625864,20,668.389534090485,2,9.0775187568568,1,0,0.022476265,0
6.880198569880012,9,537.4187424649593,1,4.242684669143846,1,0,0.03418941,0
24.956463611536183,12,748.8065437488804,0,33.17636478998166,1,0,0.012378922,0
97.88124013038164,14,114.59672394880042,2,10.91891038152074,0,0,0.26900423,0
10.467300758417611,15,595.8984777043381,1,8.259857368959501,1,0,0.025540395,0
106.93568135957987,18,191.78031353968373,1,68.33933930464252,1,0,0.010665454,0
51.27676962769712,14,530.0494919413925,4,17.63809073905723,1,0,0.063258946,0
12.884809701698869,18,395.28531477385343,3,17.519042924405777,1,0,0.019580316,0
22.16252342963117,14,554.6646116204915,0,10.7726221899494,1,0,0.020067584,0
23.125463427240764,22,516.8154073205383,2,4.770162207984263,1,0,0.013199063,0
34.830054950623406,16,856.6198406590205,1,7.752973411000366,1,0,0.03614531,0
21.40995571250413,16,424.7043028711889,1,14.858677110088005,1,0,0.017564807,0
16.00197415307091,6,990.2696878004848,0,17.902688432933317,1,0,0.023945145,0
26.988539083127467,21,289.9724047830938,3,5.0941691329701095,1,0,0.025224457,0
13.106525833407758,13,554.7797050436843,3,31.32046195428933,1,0,0.028329724,0
10.07919529243656,2,510.331695501285,2,18.38093652443829,1,0,0.13028353,0
34.87685809711682,3,415.66487415766886,2,0.1848222850080957,0,0,0.13957506,0
88.48864383701428,0,366.5876319655757,2,4.440820963720939,1,0,0.117880896,0
7.929803808167493,17,602.3936644237028,1,36.49074644458717,0,0,0.009249844,0
36.726852066561534,10,451.7266302375289,3,3.687120441279137,1,0,0.07347596,0
19.106790686662585,18,733.9246020263898,5,12.985312261822148,1,0,0.031806443,0
13.774989087812044,21,385.53119815148347,1,28.61895442064842,1,0,0.0051415036,0
85.92180622527837,22,1461.9168108186768,1,19.28944156529248,1,0,0.034347996,0
21.798263505456063,9,1233.9194661286017,0,20.05043309885564,1,0,0.028564172,0
163.7435825257395,13,306.1627736182552,0,5.081222614053893,1,0,0.029559972,0
16.779545852333914,2,670.9720873587178,1,5.6144868943214,1,0,0.06680241,0
53.86613533963467,1,240.24563659653396,5,5.564365367035888,1,1,0.9989411,1
29.157640652029293,3,941.4083301517963,5,53.90074457128572,0,0,0.8889691,1
17.218393309031008,1,440.36712947912673,2,4.867931110496877,1,0,0.14630733,0
65.86946908500936,5,516.1119857025021,2,3.570960967912482,1,0,0.085178986,0
31.34382966848478,18,622.7162154176301,1,12.333366511858523,0,0,0.019491075,0
66.90077695297771,20,19.390627563886657,3,17.99791536800048,1,0,0.056094147,0
34.9077369162189,10,586.0923509682048,1,3.910877101312403,1,0,0.043765545,0
12.356518587781745,8,1180.0989633265997,3,9.071901031537095,1,0,0.18960102,0
33.04699888273482,22,9.23618780342957,3,51.51523289813562,0,1,0.99067056,1
38.54996412950391,20,582.0989862393149,1,3.774598022951503,0,0,0.027009884,0
95.43667646404587,8,313.9875755049068,4,13.19765246744075,1,0,0.124010205,0
14.786742357600374,22,972.7868987615929,2,21.689163289901096,0,0,0.023802549,0
35.1867695443855,17,146.75008811206524,1,1.5703100071866969,1,0,0.033116937,0
6.541204152969053,18,423.3354713799403,2,65.1496044830596,1,0,0.0022410122,0
70.21016213713429,19,192.67587276217748,5,7.734109559783744,1,0,0.07200611,0
12.410179029723976,22,334.18563623397813,3,29.171301421154183,1,0,0.009638404,0
6.011296679380895,19,127.27965445652406,2,3.9186374148093503,0,0,0.04727403,0
34.49392307350051,6,461.83871600152577,4,42.97660213730736,1,0,0.6133635,0
110.57399763204585,15,310.40360665188854,0,12.924457161806574,1,0,0.027837886,0
7.968952483963221,4,1200.2886980399778,0,12.728629453501911,0,0,0.024219034,0
12.329125802369289,17,499.7134364939348,2,9.868993466914077,1,0,0.02053123,0
17.40443587277051,5,330.1549762244072,0,8.966797714030575,1,0,0.02385007,0
11.828399221463496,6,187.5264931014856,2,3.794161329291589,1,0,0.10158427,0
53.48642526461844,0,227.73527889876013,2,11.577543523117855,1,0,0.19154534,0
16.323936947234525,6,360.8048441621342,2,18.39640369456705,1,0,0.061488517,0
17.787309676970793,22,694.00886916104,2,7.353709363771618,0,0,0.0308355,0
65.58227089540897,18,1392.5171685906682,2,3.4990131259526778,1,0,0.04516785,0
17.192708491607764,4,408.645389843178,2,17.332930958749287,0,0,0.049854428,0
56.41753970195618,21,736.6820066139246,1,12.881288925969054,0,0,0.04430268,0
13.854565649829295,15,84.31965614826751,0,53.023423186059055,0,0,0.01428744,0
10.890180218357074,11,1313.9990059598751,2,38.70784320132904,1,0,0.061905652,0
5.8389483922713925,6,468.8888844721424,5,0.9230765432031192,1,0,0.65861875,0
235.38036659574107,19,93.66350271792736,1,34.06215205436607,1,0,0.042688776,0
26.568889612347533,12,129.0305407118192,3,6.123966963894118,1,0,0.06764361,0
46.70883662880927,22,319.1167979346435,1,1.2721353369715094,0,0,0.052359417,0
35.479337721522334,10,845.6153115337924,3,6.11008269247955,0,0,0.167804,0
42.94678353382645,18,2011.668169546041,0,1.271434164887806,1,0,0.03604004,0
38.46260533840119,17,424.69156960611696,3,12.360860136564106,1,0,0.03237855,0
246.71085890412385,5,214.6743562964969,0,20.086803325913834,1,0,0.052778106,0
12.949710193862929,4,576.3608110162655,1,2.869722976362752,0,0,0.02616439,0
7.710151937275028,13,600.691144307919,1,2.1011359464581423,1,0,0.03409734,0
13.303675248334924,6,161.13356320590702,0,3.2041677257623804,0,0,0.008419592,0
9.633927572182271,19,457.15767424310434,2,33.60249858825732,1,0,0.0075620813,0
77.24344458855164,3,487.7193249512434,0,31.517544182209377,1,0,0.020169199,0
83.12771910991613,19,341.4136484888566,6,19.45148038436168,0,0,0.63878155,0
13.994780726409989,7,906.8514943305956,6,59.087282422187386,1,0,0.19841655,0
9.1117448438096,5,323.4729952685537,1,8.225448389940246,1,0,0.048444934,0
25.666928818954265,20,219.3232650025204,2,14.420878683921083,0,0,0.04989126,0
147.10165492387932,2,243.94987746737044,2,28.58055074863328,1,0,0.15220955,0
2.182411770881825,23,91.00814547502932,5,11.780045412532504,0,0,0.92956,1
61.96853579273217,15,76.70376942560658,2,40.56524279146494,1,0,0.021456387,0
12.481465357956331,0,52.9084997650442,2,52.74998185497861,1,0,0.074605525,0
103.58237051193105,8,192.6421669374412,1,48.65741201223882,1,0,0.024745049,0
12.454425967373956,20,496.7121885994287,3,12.803956118899722,1,0,0.017507557,0
27.51095180325465,2,912.5721334657612,3,13.67948671647477,1,0,0.9675281,1
8.115054357648411,17,176.39139983905528,1,8.569718078564154,1,0,0.017911758,0
13.77344068199017,12,212.7531612356948,2,9.471631340411644,1,0,0.028201703,0
146.3263151558173,1,373.79436780637394,2,6.420477374489117,1,0,0.08329078,0
83.14438592241346,13,550.4797578538384,1,15.886518503037282,1,0,0.039974116,0
24.49164031885084,3,851.225757933317,4,18.233058351727003,1,1,0.9739324,1
15.330244314808096,10,481.35153838101866,2,30.21935108574961,1,0,0.020308806,0
5.507951984890034,20,209.5205430831933,4,13.616686767302982,1,0,0.042680603,0
24.688641710641853,17,752.3843358914268,2,4.000428094071246,0,0,0.042667657,0
35.48452718102334,4,52.68212268504657,1,6.091320128535368,1,0,0.06797681,0
33.64773159787813,14,800.3145256564773,0,3.469944106125035,1,0,0.026334265,0
33.32167452951943,21,957.0953837659756,2,12.449281034687171,1,0,0.022664959,0
11.919674721177843,7,342.08974669072813,0,8.300882495334482,1,0,0.01650169,0
34.25135461175778,12,195.905825272686,4,19.47687718280478,0,0,0.9699743,1
35.209876317977454,10,221.2244883756005,1,12.027120452932731,1,0,0.029522134,0
133.0283199890209,23,120.58525900111034,2,55.94111513325906,0,1,0.9714631,1
236.6857837118696,16,633.2908318140675,2,19.13260315104965,1,0,0.023824463,0
31.9129209450736,12,415.1801892627397,3,1.0007262042424383,0,0,0.53534514,0
17.00817394552415,22,37.51649628390097,1,11.948165306477833,1,0,0.016594967,0
34.29562757978127,3,184.81510017336015,2,38.72465458306659,1,0,0.073369905,0
19.93304136111627,21,442.8533621101651,2,16.706489431732926,1,0,0.010572823,0
17.419080471757912,14,1394.672001345756,0,31.086952987551477,1,0,0.021307703,0
34.513475710521945,7,606.708514693896,3,18.60241189772993,0,0,0.17970748,0
12.893142344907735,10,689.3332128010144,3,16.121958198659087,1,0,0.065219745,0
67.09481385203088,1,640.1961100882295,2,5.7213483719002864,1,0,0.09814899,0
32.986040301988325,1,620.1833209169585,1,43.56428633167637,1,0,0.036537208,0
46.99345359799564,4,199.2361935385712,2,11.603148945204982,0,0,0.16288024,0
30.479671830034384,19,704.0460858324249,6,3.0679004262766503,0,0,0.045628212,0
17.685508098943025,23,329.64285027579143,0,2.4892973149084545,1,0,0.008395088,0
14.182948600031407,21,1979.4407377129185,1,5.830390458755522,1,0,0.03857338,0
28.867719417839677,15,127.91598248206816,1,52.08294898649093,1,0,0.0057033976,0
21.14153655606965,23,569.7459584154383,2,17.3805884806061,1,0,0.009314953,0
46.24259454580157,6,288.2106806709913,1,19.13558983705261,0,0,0.029217165,0
36.43640079528208,15,278.304976716675,5,13.35533807263294,1,0,0.043064393,0
9.371688212164493,4,382.5623123320511,4,13.204252403462558,1,1,0.9832986,1
39.139073859158366,13,417.4281360229756,1,27.014511549280776,1,0,0.01758857,0
9.555716701248562,2,753.244115833069,1,4.743873085140628,1,0,0.066254266,0
19.757286785791937,4,326.4900717613364,7,1.02726710237733,1,1,0.8924046,1
27.266160488644964,18,273.5137041427332,2,7.623674376944481,1,0,0.022949323,0
4.593887989638803,23,1046.9152473462204,3,91.76110035963028,0,0,0.0846159,0
40.10525799794292,1,575.7597842323835,1,20.74942202455735,1,0,0.06327179,0
42.56291565908807,17,124.37234602104442,1,0.6825817371163073,1,0,0.036000345,0
31.24863847943932,20,283.41503880699696,3,17.97125270139745,1,0,0.021918803,0
23.943160944583035,16,493.006410450984,3,38.41953700135269,0,0,0.24510558,0
25.188721628033,8,678.4613635813296,1,2.1923647347985966,0,0,0.019157505,0
13.78333882719677,16,514.9459759400863,3,4.353275136678375,0,0,0.27307177,0
27.946714130391268,1,461.1281994030531,2,8.042653916551188,1,0,0.13739268,0
21.0602672484479,20,300.4338137200593,1,31.11530623073204,0,0,0.015232133,0
40.11239515614725,21,634.6707860749929,2,24.59314087013134,1,0,0.013973872,0
10.977677694246111,8,71.92008262506988,2,16.617163402986773,1,0,0.031207107,0
46.32074463455872,9,348.998691163807,1,24.831047005174003,1,0,0.024175996,0
42.2337174395892,2,404.63564567354393,1,3.1852132484437377,1,0,0.0628616,0
31.767290755305545,16,129.65414016345812,3,14.128214230723884,1,0,0.047933422,0
23.58934617668736,23,624.0652725871917,1,2.237877358338825,1,0,0.01158685,0
63.58260282693803,6,498.8626088302277,3,0.5090629516706784,0,0,0.56139576,0
6.926802404363882,0,48.00383908189066,1,62.38316688185934,0,0,0.02317433,0
58.00059900381781,3,966.3937764704212,0,19.17021314625436,1,0,0.02910356,0
46.66700883954941,6,103.38465517062016,0,3.3091590916157667,1,0,0.027643304,0
48.58798570038809,19,154.5545884958526,3,2.9404002969747824,1,0,0.047477998,0
53.6946083029811,11,529.3409337509469,2,3.93404802269833,1,0,0.055872507,0
19.036450590275518,0,71.33639509590117,4,4.723602509046145,1,1,0.9998772,1
28.23436750281469,0,378.3427914388981,5,35.366086966952835,1,1,0.99939704,1
69.20397694089013,4,200.57718805613317,0,8.914222018172875,1,0,0.028038321,0
56.29688719923512,7,364.3441327622356,5,2.7695996186379834,0,0,0.8675945,0
45.00226246212774,3,238.04680288159517,1,57.53368574654435,0,0,0.12987536,0
8.05006169100808,20,419.2405686517413,2,10.311517217596526,1,0,0.012002578,0
62.67026638859008,11,104.94792577024468,2,16.742751473851623,0,0,0.20127563,0
117.85687823441629,15,231.19863698168768,2,28.88837040772333,0,1,0.7981027,0
100.4511453155226,23,846.0033063514039,2,15.000616007752193,0,0,0.1597967,0
46.24151782539716,14,614.2486140717044,2,23.978384006426143,1,0,0.031242618,0
7.708482889288472,1,301.2875969441675,3,11.173045404168391,1,1,0.99618214,1
93.92952943269329,0,264.6982352342624,4,68.23262108829991,1,1,0.9996656,1
31.58699114734968,3,189.3240820983449,1,33.25355583651109,1,0,0.028237905,0
2.9080430162153554,10,367.0363858353074,1,3.810215750791349,0,0,0.00972955,0
53.36779120878148,6,577.7705096116521,4,17.96564964843028,0,0,0.48330662,0
8.230347331694157,2,667.5797928309669,1,13.026480284780256,1,0,0.06767399,0
10.009748016214532,6,772.4097304576987,4,47.6105524151456,1,0,0.48969737,0
19.39550052806861,9,2030.425823052939,2,9.210557590394505,1,0,0.15082443,0
130.65903945265754,8,368.0528823767673,1,24.07571305727032,1,0,0.040388323,0
25.25829573749024,9,483.9678259217762,4,23.647981636497256,1,0,0.07860773,0
47.98994874030367,0,166.35929168048065,2,10.229398150252829,1,0,0.20721576,0
210.18076869582617,10,485.8016256651808,0,22.063138383412443,1,0,0.03609873,0
180.19322775743575,4,143.16069036042796,1,3.3537151199447246,1,0,0.045693766,0
33.004588068218546,7,834.1803820343317,1,6.326298618038044,0,1,0.029238386,0
28.745435169946404,23,805.9607535276136,1,4.1232504627912245,0,0,0.025958737,0
10.372202237655014,18,333.4272478887364,4,13.983948118149137,0,1,0.83772826,0
18.2751447419096,20,534.3775648266807,0,5.641695790141696,1,0,0.012554931,0
56.00037278638758,11,374.95356722192525,0,23.074258959644112,1,0,0.017171267,0
54.36555438229943,12,275.0655041855834,3,20.22574698240065,1,0,0.046782576,0
40.86354033668232,21,276.08092099503034,0,22.69244175430711,0,0,0.027601467,0
98.96850394667504,20,429.3268025759995,3,0.7549149248619529,1,0,0.019899366,0
16.90538122569029,8,274.31466919288266,3,7.831991438641666,1,0,0.079062365,0
34.60241508653166,11,484.92763555713617,1,6.452716683955286,0,0,0.018685155,0
76.03874313569085,3,890.2435573723236,0,9.935835670553596,1,0,0.025262427,0
65.63741646084007,1,389.0919170840612,4,14.364882844682429,1,1,0.9972696,1
106.79870230311953,8,244.33737054482387,2,40.78120639912018,0,1,0.90300167,1
54.43571187466116,8,414.613593924692,2,3.454034296212849,1,0,0.06880405,0
26.85890556615237,20,286.3284756887573,2,54.5900634116069,1,0,0.0040807594,0
52.57245220750162,20,475.7912571465811,1,29.465149876882577,1,0,0.010448813,0
13.428842290976387,8,1551.05630857264,0,39.345198454347845,1,0,0.044298865,0
7.103166485198919,23,349.1041220164372,0,23.47734070118404,1,0,0.0034615675,0
65.40977949829417,19,388.7199181561872,1,36.35775797192742,1,0,0.009426774,0
34.63482459856685,14,309.19024883188024,0,39.496328478506605,1,0,0.0059918156,0
49.81965706934405,16,148.24757847591152,0,59.71245877639652,0,0,0.14749682,0
6.7013944805006025,10,554.6612081424332,2,20.296977464291032,0,0,0.018898334,0
25.403474989438045,6,601.9427018909652,1,36.3549460898661,1,0,0.019640662,0
20.088407075656697,1,231.3856544780684,1,11.653655526666666,1,0,0.073970154,0
15.421889329851297,4,634.0542527405689,1,5.54350278948248,1,0,0.0576281,0
3.8381289434298735,11,266.22428836293176,2,18.497143251243976,1,0,0.017654153,0
26.18342345205562,2,468.8783672818949,1,1.0285010614442662,1,0,0.06774684,0
89.77479783177948,1,106.54816293337672,2,1.330999438035852,0,0,0.435306,0
53.57045598822016,10,216.473565172588,4,13.87555003702893,1,0,0.069356985,0
20.066532755976542,13,293.2139779077394,3,11.703411847204398,1,0,0.037982542,0
36.05782963463468,16,605.3266190224714,1,49.29937445385596,1,0,0.00824241,0
78.00711810154762,8,410.649698360098,0,5.168177691485662,1,0,0.027950086,0
2.315399255729413,7,345.0240378894715,2,29.397266504173857,0,0,0.016024034,0
32.31280053752747,1,365.7550759819456,7,20.097522280262403,0,0,0.9984798,1
63.00412164458318,22,418.953110673575,3,10.56501842915354,1,0,0.017941894,0
72.39437660939619,17,20.109717821739707,2,6.812696484518484,1,0,0.06254158,0
200.4831507408265,0,256.34394404806625,1,70.69535869241348,1,0,0.27219918,0
113.86866001692093,22,306.9735078841664,1,17.385155704924944,1,0,0.017495133,0
50.026998752608506,18,932.9268397387402,3,16.602199317963965,0,0,0.11578144,0
49.50016515904424,8,385.2726522470149,3,33.54204544818315,1,0,0.0975341,0
80.39446640393412,4,409.1540429514644,0,2.318518578716138,0,0,0.0733289,0
21.34191555122374,23,608.0376197167658,1,34.65096109614043,0,0,0.013212909,0
35.15658515379359,23,110.6250130252745,0,7.961054875178395,1,0,0.012668056,0
90.5805040746161,11,706.7667193500668,0,9.230140403443686,1,0,0.030162675,0
259.15989201150614,2,1391.3314029421513,2,1.009607894495862,1,0,0.0364939,0
31.20981704706588,8,162.25866400055932,1,0.2888453539228763,0,0,0.027105527,0
34.86903934412555,22,413.22132167929794,1,85.17767153503954,1,0,0.0014550143,0
44.63329895490818,22,143.1275987301253,3,10.5619476151337,1,0,0.033120785,0
140.21874871444646,9,607.9710475601352,3,18.81001137626214,1,0,0.059355196,0
35.505467418476755,7,591.2165847041879,3,3.339410196812325,1,0,0.3323323,0
159.0723350948875,6,387.0096591999189,2,26.947671097469748,1,0,0.06599299,0
13.92022449890678,20,460.4898295380073,1,28.74509404470041,1,0,0.006310955,0
30.38544479941637,0,560.4896932668585,2,22.631327494789485,0,0,0.17630418,0
30.01912994622533,14,282.4490072957239,2,22.34975213818941,0,0,0.036231216,0
80.35913084295306,5,1042.976939600264,2,4.707947395655651,1,0,0.06830882,0
104.09046501800304,11,264.02891925502706,4,4.438987975372881,1,0,0.075772114,0
8.089408730071943,9,398.20835513765246,2,13.29349370492972,1,0,0.029553296,0
14.656477298834483,14,1454.6317849723548,2,6.565804488894102,0,0,0.035332862,0
51.25701459384502,22,407.3525635109852,0,8.724212179182075,1,0,0.010097148,0
18.94057325346253,12,770.7684125131424,0,2.7464679562585625,1,0,0.025389021,0
7.985059430063929,23,1058.546165953637,1,8.095668771897154,1,0,0.012747,0
103.38707683639238,13,791.3254424139649,2,12.479592684334571,1,0,0.047969524,0
59.97753552238247,1,838.6616833295769,4,41.479646815149,1,0,0.9869162,1
59.93001692367423,20,7.165134953817475,3,29.7851049484172,1,0,0.04429968,0
22.74975289441252,13,90.07192982666992,1,4.918382912470789,1,0,0.036667846,0
102.40529826820382,23,564.9042727855127,1,15.812927946564123,1,0,0.012516056,0
28.790342572773945,0,534.7038065186517,4,20.5820636065053,1,0,0.99839133,1
109.55593906164287,20,245.84763407916856,0,55.48864253925275,1,0,0.009588564,0
14.707165868528577,2,461.6461223408303,1,49.33981951913477,1,0,0.021606676,0
15.578076173777932,1,100.39744676860596,0,1.884986950024399,0,0,0.01989221,0
44.91012231246397,14,391.9130921869107,2,48.01537366764056,0,0,0.11993224,0
18.13180999802201,1,266.5514456648905,2,6.517576551323415,1,0,0.16765667,0
71.91256926467331,12,146.11760423392036,3,33.517336410825166,0,1,0.9784936,1
47.46951635749358,22,91.2618003838935,4,15.042268156001132,1,0,0.06792412,0
14.541822122021118,21,211.9834200224336,3,53.09394322628936,1,0,0.0065073613,0
39.36454747471184,17,547.3827491444496,2,26.445810151129717,1,0,0.019862024,0
25.7574089467686,21,142.12516846739814,3,38.03545167577023,1,0,0.014924678,0
91.45369962424122,21,668.33787592655,0,26.72110648527588,0,0,0.351004,0
19.442220520637,3,99.50598537130016,3,13.07252465809043,1,1,0.9929616,1
23.59009462221655,0,420.5925831363159,1,25.880855325541816,0,0,0.044879403,0
122.88351883923288,15,391.1809507864916,3,37.02796839178036,1,0,0.03661468,0
343.2961168797465,17,102.90505634106056,2,40.70081889535323,1,0,0.06174898,0
270.1584568911796,19,143.150438375288,1,10.460462711250562,1,0,0.023773216,0
38.986795491584544,3,560.7790439893724,5,0.6838971360010507,1,1,0.98529863,1
45.55200804141109,18,714.198906011994,2,9.035753943419191,1,0,0.030426202,0
169.60270326319943,6,889.3966545754978,0,0.0387030105526041,1,0,0.022088772,0
32.31608822725702,13,650.4052302299917,3,33.02268113282481,0,0,0.13710551,0
13.785962480062066,23,209.433000292426,5,0.673716386498672,1,0,0.056113828,0
41.13566872953737,12,165.66995157367813,1,0.941111640890297,1,0,0.044620387,0
57.4845824492412,18,874.3908218621972,4,70.92135378402767,1,0,0.0157713,0
15.972210719678976,13,466.9683218265645,1,3.735147708085176,1,0,0.034426592,0
7.055227691072421,22,783.4542741509003,0,3.1624477332856142,1,0,0.011271461,0
8.699542912140492,9,250.75412874944203,2,23.885930560807772,0,0,0.019813852,0
71.19547650541315,1,492.6395450211683,2,11.749267295768377,1,0,0.109782316,0
17.143575271522636,13,307.15106285732696,3,1.0808271410768215,1,0,0.047908675,0
31.774144963837607,5,18.845512734394728,4,14.709920748703356,1,1,0.9890121,1
45.266112510154585,21,685.3429383400296,1,6.673523058359859,1,0,0.017741442,0
67.97506040099239,22,230.67881253046428,5,24.0743090552872,1,0,0.04656932,0
26.18265585497269,8,1351.5780224215748,3,21.842436224002792,1,0,0.2208389,0
60.262842337100615,20,416.1338281996506,3,42.098335625061296,0,0,0.75189394,0
15.028369395296092,10,443.3235760422767,0,6.268011455876576,1,0,0.018394766,0
25.48999377875751,22,700.1218222430102,3,20.90378112873521,0,0,0.0830321,0
13.138993503455172,10,341.59829525498947,0,5.67521267101807,0,0,0.0059827287,0
113.49595713849703,18,272.66640919535104,4,8.229020385947909,1,0,0.049729344,0
35.62033818043194,20,146.2750674213583,1,8.192061778516347,0,0,0.03809104,0
17.473623447985894,9,300.3602991689752,1,4.050184783646217,1,0,0.034643516,0
25.72924292238641,5,312.1735899484342,4,16.411259661303376,0,1,0.9511413,1
29.320048151052134,11,681.536406617922,0,39.43282863804969,0,0,0.048181675,0
73.73811217095759,10,259.3410785895549,2,2.6452438815164223,0,0,0.10835209,0
7.421371080254898,8,328.6085774915621,1,2.568982054074894,1,0,0.03561162,0
12.972012581931702,18,438.2485584578466,3,4.798780142031367,1,0,0.026266139,0
25.075536976706733,11,270.29571778909985,4,31.80761089054344,1,0,0.04335512,0
460.4967659532171,9,514.0368727979449,3,12.298473815012946,0,0,0.6696562,0
95.1713444235276,13,197.300149723904,3,2.572129150880505,1,0,0.061667547,0
32.73838755954699,20,492.45010521683247,2,35.06210218174705,1,0,0.0100759035,0
74.5894877507396,4,472.8331095646606,0,39.18192310771619,1,0,0.016712632,0
286.4133850861279,12,402.1226814807214,0,0.2541433688941223,1,0,0.020728638,0
28.96986272433912,1,306.1944551661176,0,37.71113781199508,1,0,0.016854102,0
25.370489196445394,2,426.6204051592696,1,7.651809085239718,1,0,0.069016494,0
122.97038367161475,22,497.47568082091055,3,36.29665840294413,0,1,0.89392346,1
59.98985701208219,8,304.6259580665271,6,22.885382354727064,1,0,0.08639786,0
71.61704865448938,5,312.4994009754206,1,9.6025349699708,1,0,0.047560398,0
22.0161791882594,3,747.0586284674898,1,3.5498115287187444,0,0,0.043301504,0
250.68649444744293,15,386.6446123229462,0,44.222159866128855,1,0,0.051508825,0
202.2674439359569,10,805.7320868808295,3,2.748666260428611,0,0,0.23289852,0
64.45374204260234,10,517.7522607350611,3,28.591799302529715,1,0,0.060922727,0
72.5510054641436,8,277.53928198554087,0,4.09752607502776,0,0,0.04835452,0
4.819832265445899,19,570.2084924986193,3,13.249307003141777,1,0,0.019321874,0
69.24907540993327,8,204.5275452217759,6,25.28865250038953,1,0,0.10312824,0
30.141151960044088,1,117.7590628090346,1,8.917188031260267,1,0,0.077322945,0
56.4810794924059,19,99.11171757558006,2,0.5483574138402638,1,0,0.043519188,0
72.41832766108233,8,402.5311074905592,4,46.73320926843495,1,0,0.14612088,0
26.015908905820343,21,177.0531472941577,4,12.563155633067757,0,0,0.9771568,1
6.749835942760941,19,34.30278366316118,4,16.9810036595579,1,0,0.070544556,0
52.8720352606702,18,430.0443198851344,2,14.252306400345743,1,0,0.022003457,0
17.437382959509527,7,262.7460763674999,0,4.428166129517369,1,0,0.01980527,0
26.30623299929988,18,960.2519277808176,1,16.868510376691034,1,0,0.022682203,0
19.995158233198545,21,267.4903481004566,2,22.07660450226489,1,0,0.010135443,0
26.008560783863064,21,851.2149084524979,4,18.00398378066342,1,0,0.027882326,0
3.634527232652751,21,169.43467883646946,2,10.768212620182553,0,0,0.037926104,0
123.58721822184285,22,589.5295718764593,2,7.175790271913022,1,0,0.0138658,0
47.150570200044186,7,343.80435455756646,1,10.86376524851573,1,0,0.04260331,0
111.207659842391,4,1255.84672873913,8,12.07917946999858,0,1,0.890761,1
265.0296826755398,4,242.8791223097849,2,9.601646504451084,1,0,0.07507611,0
37.4345143544068,21,756.8023339395586,1,17.7407749361461,0,0,0.026690628,0
6.034926914238476,3,390.8291386396536,1,14.00510891012642,1,0,0.056545366,0
14.97097235087484,3,235.9911151595996,1,44.5005662148052,1,0,0.014307721,0
10.947329213871775,21,293.9481265856982,3,0.5913477740993675,1,0,0.025295017,0
22.156377024861733,6,142.91286541144694,2,46.13414221062965,1,0,0.018897237,0
39.63244012844545,16,439.66295138157466,1,8.115746434574477,1,0,0.027505102,0
4.942210659267602,18,266.36396303277775,1,15.945266388866074,1,0,0.009053869,0
51.54604538408629,2,163.44684569768734,1,3.1620003448586624,1,0,0.0686792,0
8.082032166891477,3,966.2532385023112,2,18.71659223542109,1,0,0.11663848,0
49.27245795655735,18,166.4864402563277,7,4.319022090535073,1,0,0.04162605,0
32.8026352392552,23,253.7518052836822,6,7.885575892183898,1,0,0.03719256,0
26.745567556965472,1,377.2143915353216,0,7.092478726346203,1,0,0.03379691,0
34.02028430942284,22,1487.0383892284474,1,4.488239807664604,1,0,0.02869928,0
21.332292069716367,23,167.18552956547936,1,9.414377861602654,1,0,0.011909264,0
19.836596833930592,0,131.22301780352473,2,20.48781144792657,1,0,0.17865384,0
6.802183129623779,22,842.384004966476,1,0.2119818325875593,0,0,0.016401371,0
35.52983212532972,15,259.6142626973378,1,11.57435429009364,0,0,0.023879264,0
231.72091863140585,16,156.99762345201268,3,36.30788230938584,1,0,0.06347356,0
265.20286538821205,22,468.4264596771312,2,36.87765635835491,1,0,0.022709318,0
137.25185510485227,7,192.4022090864296,5,1.3721578801648593,1,0,0.35591298,0
74.12861320249263,12,246.2394587575732,2,3.617345680552211,1,0,0.04695079,0
18.60666548477022,6,284.8036863800901,4,35.27191505886959,1,0,0.69852495,0
154.8955142838554,12,111.91168062605392,0,17.103114596226735,1,0,0.0390463,0
34.60064922303003,11,280.3311543551657,3,1.4271793154027728,1,0,0.061140418,0
34.162361265779566,14,140.66304649143248,1,1.81935918340856,1,0,0.04072298,0
27.351540923063435,15,552.6314309575433,0,35.10344497135751,0,0,0.027038256,0
40.123488020908354,13,230.29456380161184,2,33.50209913833513,1,0,0.01782777,0
23.683653831085184,3,121.77780227314588,1,6.6488026007692,1,0,0.07035367,0
33.65689136870601,13,15.243867051524994,0,0.1854550986395138,0,0,0.020773578,0
12.371567438520342,11,945.0327294434136,4,6.374057183397813,1,0,0.09860153,0
25.187209225909022,16,702.3645329722143,5,44.13359756840475,1,0,0.028733369,0
358.0084072093006,10,557.047937344918,1,30.6593194020404,1,0,0.06476945,0
34.137823803855746,22,367.7855592199573,1,12.843235251177042,1,0,0.009790651,0
28.82777797238568,0,544.1288850205848,2,8.087055530964886,0,0,0.20281765,0
62.32572607149697,1,174.6675610538495,3,0.5289268332673016,1,1,0.99585295,1
74.30080764388488,21,553.8018009659837,3,2.3361432319996136,0,0,0.36575887,0
12.015904422786791,5,69.01080891192342,1,41.20466823656472,1,0,0.008918503,0
29.750359537024742,14,228.61728488541496,2,9.473579196424977,1,0,0.031497233,0
91.67739522194074,0,1488.344099983015,2,4.064098718767819,1,0,0.07515325,0
47.93460226305579,20,1021.0247699312604,1,14.520457750653913,0,0,0.04774144,0
41.34510536074061,1,112.989652823461,1,1.2590164481801205,1,0,0.078014344,0
173.12565643361643,5,112.67797881453154,0,22.954201293684925,1,0,0.046940222,0
18.582629385623072,4,384.8854116235229,1,12.324254342417497,1,0,0.052351717,0
39.755408514706566,22,511.7779808348872,2,14.17611980366571,1,0,0.012939448,0
21.757125971411813,21,813.8099332190715,1,19.012281944360574,1,0,0.011935193,0
162.4399230453911,0,833.6116077088894,1,6.252373094985607,1,0,0.03553947,0
5.197301770992192,7,1190.025787897897,3,10.035084116527514,0,0,0.12909068,0
18.72497706400417,17,1249.7809622950008,3,10.95651852454489,1,0,0.04490085,0
21.560070887915064,14,42.405656952576926,3,2.211343106226739,1,0,0.07992689,0
71.06106822307216,21,450.93137402272936,3,56.66062269405914,1,0,0.009284578,0
67.10613537653086,7,337.9245908004626,2,1.5264549233037323,0,0,0.0824978,0
147.70163515164754,18,143.66537655486067,1,15.415351279800106,1,0,0.039511055,0
7.583441782856967,23,767.45609570093,2,3.2458270359247074,1,0,0.013124075,0
77.51527463707366,8,425.99243977897527,1,2.85275994018972,1,0,0.046746764,0
27.295453113807213,4,819.2405763954274,2,36.79672208451574,1,0,0.064206876,0
18.809738908269388,14,460.05375227185056,1,0.8417603630529271,1,0,0.034636095,0
62.775729972589126,9,394.01133969616944,1,21.26768264051261,0,0,0.07090992,0
14.58305761073542,23,72.97535559246452,2,1.6677584695227,1,0,0.02199162,0
4.586360108004039,8,1337.5681366312654,2,27.199457358043585,1,0,0.085525386,0
25.274134249295447,0,741.7770209801174,1,2.9958048537239725,1,0,0.060307074,0
8.18439382117179,5,349.41262133700224,0,2.8043780187273315,0,0,0.008034347,0
19.12667923373644,3,524.877203071673,0,4.233770982455017,0,0,0.01657749,0
53.06697334029324,1,186.2592631126085,2,15.323655032429116,1,0,0.18929118,0
49.99883702282597,3,811.408613221342,1,13.425136402418577,1,0,0.050497767,0
178.91296328883482,9,772.3615203881383,1,4.424298454632734,1,0,0.027779752,0
29.97444703058505,12,127.10352037169709,2,54.99019622594175,0,0,0.074132636,0
7.898464784024897,4,199.2727128874209,1,6.087279735910012,1,0,0.055879857,0
17.182701368923333,13,343.9805939578402,2,2.297913806422529,1,0,0.034123514,0
14.5940772029064,0,152.43560392222892,4,2.6164619798307656,1,1,0.99977154,1
10.82842738731722,17,106.70286962989846,0,10.559153338515069,1,0,0.012106213,0
56.56368632916217,21,479.0340266298721,0,16.63487864165575,0,0,0.041597117,0
19.197261948870626,22,235.935368888776,1,1.541159259033738,1,0,0.01376725,0
5.0663831648514845,8,200.95046675216827,1,25.6464983355666,1,0,0.010418505,0
73.47335350352411,19,304.2384332176537,0,9.485760567526007,0,0,0.0611507,0
32.73920964466885,0,193.4936917205638,3,0.3949862035777322,1,1,0.9985618,1
52.29168011266518,9,278.42352081163483,1,8.590437195012194,1,0,0.04067947,0
40.67938872737094,14,677.4112789675021,1,9.567835100841146,1,0,0.039669044,0
68.83103505529598,12,665.0740559388206,2,17.773522363078577,1,0,0.050291445,0
38.01644187300394,11,401.4105615813928,1,60.771641661486896,1,0,0.0070095644,0
125.98999303976744,1,338.27300929662283,6,3.0578575627359617,1,1,0.99688077,1
55.97934536754529,16,418.2572449385304,3,13.106152062141875,1,0,0.037510667,0
54.16677014062956,21,447.7849159946618,2,6.390203551184229,0,0,0.08205103,0
55.13953197845824,8,521.7486877574572,1,6.057801070704408,0,0,0.031065417,0
8.528063022219312,10,465.02692194606624,1,1.7972082226075754,1,0,0.03525125,0
31.04271776040652,3,278.4076412419927,1,9.160318171185397,1,0,0.061721496,0
28.23842136671594,13,348.4580135933086,1,1.0850879840873189,0,0,0.020682432,0
45.03980800970957,15,295.45526288299,1,22.68265472308276,1,0,0.016500752,0
9.405605447088472,22,732.0012869822552,1,9.20748173885466,1,0,0.011399962,0
187.5629977338271,9,444.5220266361154,3,34.04978844598983,0,1,0.9644399,1
40.62520408046928,18,647.0060978086991,4,50.63369954540957,0,0,0.31461146,0
10.899124439412397,21,200.5756572601888,0,9.978395817356745,1,0,0.009755248,0
6.626740381194521,16,417.87427143632686,3,8.813480844116917,0,0,0.43565252,0
27.624766471431155,7,458.4453930984409,1,7.226371087437276,1,0,0.04371582,0
33.45912642149106,10,109.96962830825235,1,18.011531834241687,0,0,0.023184929,0
17.844724423282678,5,361.8690527996615,5,33.58894748256612,1,1,0.8523322,0
40.12958440162982,21,633.588228344258,2,8.007070754514615,1,0,0.018915666,0
19.275295166330395,4,901.0418609114588,1,7.364424180261955,0,0,0.03652332,0
63.53927710094984,14,305.65557850869584,4,17.47801338911167,1,0,0.05788148,0
17.733547445680113,6,266.5879937543828,0,9.475628967132042,1,0,0.018436683,0
35.21597359191778,1,111.70696335937951,1,23.674872758416495,1,0,0.061245527,0
97.4012625764926,5,42.87292751251535,2,25.60612309523513,1,0,0.11879684,0
478.9848089950907,10,36.73830411007522,1,18.39956873161055,1,0,0.034808643,0
13.361224356624248,12,484.87239532535193,2,2.311475948364595,1,0,0.038984116,0
22.99995432167164,4,283.3945945036667,3,21.251409643151764,1,1,0.96882546,1
15.802439110489228,8,277.92340912785085,3,13.716083788928117,1,0,0.07008216,0
80.18434704084841,9,504.5672112550122,1,29.761289336389734,0,0,0.35020623,0
11.610393569098992,23,672.2835831488576,5,2.179510366060411,0,0,0.047656957,0
22.547922980393214,15,883.3512269746236,2,33.263174597259535,0,0,0.034384146,0
35.53075703616601,4,757.0391483276305,6,9.79414969724104,1,1,0.9140327,1
13.753886799855238,2,411.2830907222559,0,4.006292683352722,1,0,0.032950692,0
14.050738514259136,22,17.596055086285187,0,45.5020900603352,0,0,0.0103507135,0
22.745722639602917,3,368.25308137566,4,58.88967434943065,1,1,0.9942596,1
4.479716484267634,8,180.93333229039288,3,1.0258938458367126,0,1,0.9363149,1
8.623765160983943,3,192.2732397294676,3,18.866506250343164,1,1,0.99021006,1
24.214845904745108,11,392.5219358123749,2,0.2898144058395964,0,0,0.037833877,0
42.44591326289944,13,446.3791742317155,5,17.117710223316223,0,0,0.5080972,0
30.393841755114533,23,909.7667493658296,2,23.22442152718281,1,0,0.012305543,0
6.209195293368913,10,363.2634079739668,3,32.07770223595963,1,0,0.029549878,0
23.01655427777326,18,369.1344052625071,2,5.7001675643487175,1,0,0.020677708,0
81.32371248472727,11,313.98911125630286,1,23.35027261196711,1,0,0.029193884,0
63.80716652313919,22,148.10105246849562,1,16.74788632281004,1,0,0.018148514,0
33.82675774201762,5,1206.8479453721577,2,19.15623859951788,1,0,0.10126715,0
15.068856415201909,12,721.6877797388278,0,35.50778000039092,1,0,0.009395896,0
68.800868675172,2,552.0609918217706,2,17.097308184193068,0,0,0.24864815,0
20.51324999940428,7,411.13946778311566,1,10.76130883491095,1,0,0.03545285,0
11.3674225967843,13,991.2805583733284,1,0.1201649558281,1,0,0.03940683,0
16.408734177094814,16,502.9362987975988,1,24.24592031211711,1,0,0.0120633,0
155.76450631260715,1,1481.2155591205994,1,43.64509851719262,1,0,0.2152567,0
45.61241955965061,16,386.402603349848,3,39.25367528562912,1,0,0.019415831,0
116.65805549491924,23,557.2120588386066,2,15.408133759655058,1,0,0.013441818,0
22.66141473267809,0,255.6484509966272,3,6.511972795816597,1,1,0.998431,1
93.51757057099071,3,1256.3734033642263,0,0.1551238269528841,1,0,0.022185082,0
20.055350106397857,2,550.5475577408514,1,16.584987966212246,1,0,0.06582608,0
31.2672939955755,21,339.2664431111665,3,2.5072471051844296,1,0,0.023821974,0
439.813274171366,22,269.55909668221386,1,2.682219174401939,0,0,0.07756667,0
78.81857026015952,7,283.31274594341534,1,2.2544232426487136,1,0,0.0455784,0
22.171986544144303,17,415.9851630951823,2,4.108835011278389,0,0,0.037939798,0
33.622011645399084,17,255.77660311084736,3,7.138334794852474,1,0,0.039473977,0
50.71508601563848,19,425.0926990054804,0,2.822113005378691,1,0,0.016977398,0
122.78779106994526,8,239.76584339382515,1,29.970618680750277,0,1,0.90897566,1
22.44048981838073,4,650.7359954469221,2,14.891214472835834,0,0,0.06589609,0
6.41526890529447,6,462.57764517242896,2,4.849524944258933,0,0,0.03654461,0
27.670259907601988,23,396.0063277130732,3,6.3183782127358175,0,0,0.62983507,0
37.16566893835335,20,741.8287442034243,2,0.3688743554398785,1,0,0.023879765,0
40.834935151008914,7,389.716286310901,2,21.69080731983451,0,0,0.043371458,0
136.5499028123402,3,306.1477789703734,0,2.044972725600332,0,0,0.21636125,0
50.23374832977333,3,413.40694123207743,0,24.67304933779335,1,0,0.021401925,0
82.50979154037653,22,254.2732037475599,4,9.881641634882468,0,1,0.9526289,1
12.168933943446476,8,780.3972931407909,2,1.7859107921635236,0,0,0.03687038,0
87.17359613314656,22,169.1465108915103,3,11.715422408278096,1,0,0.03401016,0
297.7397645494964,8,63.52062570540783,4,10.698779677175931,1,0,0.6631618,0
79.27392740269387,17,330.25453624960545,3,14.16912074924639,1,0,0.03439264,0
47.16045482603941,1,674.2385460498484,3,79.74922979548037,1,0,0.9625519,1
42.691002699036254,6,266.998694174109,4,12.804066172767191,1,0,0.6822567,0
218.57784891616532,20,654.845304018388,1,21.61704681652565,0,0,0.6721309,0
14.480725895548982,8,1241.6069456388989,2,7.312394780484387,1,0,0.10230412,0
32.74982576930704,20,229.8225843568744,2,20.647510750687307,1,0,0.015067221,0
57.98634738581999,1,288.73491325524986,2,74.14972243628758,1,0,0.09784808,0
77.01506929325912,4,1274.1801978328083,0,24.11187290075286,1,0,0.035076756,0
23.63366300696418,15,132.6770940642067,1,7.366495112414222,0,0,0.02467121,0
49.76547122846959,13,86.77995595312193,2,20.81022135487288,0,0,0.14866829,0
27.717902904078905,16,390.1120304597562,1,37.32840462897598,1,0,0.0077331197,0
41.28383969856824,20,908.4155652258702,2,0.1241826698097923,1,0,0.027248649,0
32.06959739321496,3,333.2568670310849,2,9.398267844801326,1,0,0.14648992,0
11.68617269712669,9,321.8328159425824,1,14.475014602023617,0,0,0.00868086,0
35.833614843863,4,406.4285347727615,2,18.327527294375656,1,0,0.107579194,0
87.98369577793036,12,623.6300079731153,0,27.811637758264297,0,0,0.4098414,0
13.915199173506194,6,173.1513399046085,0,3.073283007609787,1,0,0.021806266,0
28.75777746626953,5,359.44449679595425,2,48.37477497019702,0,0,0.061607614,0
71.14926999914455,7,252.27994594877748,2,51.96317709362768,1,0,0.02733578,0
12.555199634163513,11,332.237122059581,2,2.8569827748774155,1,0,0.037173025,0
43.931795874041256,19,291.04338459624097,5,6.033640472367746,1,0,0.051717665,0
12.6780250160589,7,94.08758316580143,2,11.591212787922512,1,0,0.05612077,0
113.82139403706108,20,476.96506763479385,1,0.573884116460696,1,0,0.02034278,0
369.7478851428885,19,63.35135530793232,1,32.515920861268576,1,0,0.0345529,0
276.512294371175,17,179.5887892406005,2,10.200604004845667,0,0,0.33872098,0
29.394845099712008,3,351.3393586134361,3,19.254532040217256,1,1,0.97963744,1
76.722815534915,5,640.1593369875199,5,24.08095930390908,1,0,0.774113,0
41.30558531605841,0,278.14179697544563,1,32.38661789483574,1,0,0.05419415,0
40.53257193014071,12,558.0925787789414,3,2.1148453857415124,0,0,0.25366896,0
172.04517039964827,21,785.2481942295045,1,15.960802156864084,1,0,0.015506858,0
9.784704722195311,22,333.10447151329345,5,5.4046538249382845,1,0,0.033442646,0
105.1401894703166,4,558.8581533698265,3,5.579558524985876,1,1,0.7491446,0
34.84898475196335,11,1029.475431771111,4,19.55125600108917,1,0,0.1265961,0
149.68612782081345,13,511.0329388274767,1,18.536247939789128,1,0,0.03248167,0
44.13412836121383,23,453.5146135976597,3,5.593946133067049,1,0,0.01488659,0
18.677657164464723,17,290.54828237868924,2,45.134747931056985,0,0,0.026383528,0
48.28593786471807,6,667.1224346314241,2,70.05841325603272,0,0,0.46058345,0
76.39880808198843,7,481.8918154207385,2,8.938265118251225,1,0,0.069921106,0
37.93080861592514,16,273.9381143049515,0,2.071958863626735,1,0,0.021713978,0
59.62281343322388,22,288.5237274652937,1,22.597314264127217,1,0,0.010712227,0
21.721983761511503,14,822.0831346699033,0,7.319905137349787,1,0,0.024540642,0
4.332375904018467,8,486.4855487651434,5,16.18443600006492,1,0,0.11652797,0
90.01925426917703,4,705.455369401731,0,19.00349529904642,1,0,0.025823336,0
73.63789244006101,4,489.0978952554335,1,48.02015401442115,0,0,0.63785523,0
42.44369544854193,4,165.50346924868646,2,2.2857556649069664,1,0,0.1494487,0
39.189566952844906,1,465.2603053521473,5,37.59954354928929,1,1,0.9980331,1
103.161504944296,22,523.717119593477,2,33.6204409469482,1,0,0.010184914,0
23.17080948309401,21,139.90287777149405,0,5.792041917088398,1,0,0.013248093,0
18.055781435722363,8,275.4418032260416,2,1.8390716908824944,1,0,0.06026864,0
30.309164650765105,5,120.1170016586136,3,1.800438640493326,0,1,0.99371415,1
120.19280822249796,13,382.7061938445421,2,8.890015204351993,0,0,0.18696037,0
9.142072366767367,21,84.80324623177091,7,25.91753237854591,1,0,0.031214077,0
120.52172083925733,12,117.30371690667938,2,4.978438726507056,1,0,0.06618888,0
19.312395541606584,10,652.9434768949947,0,35.37384350244538,1,0,0.009673752,0
12.173439646163066,20,390.56854554097055,2,28.74928058367528,1,0,0.007705704,0
129.03218071298286,22,448.0126775189781,4,7.932975910113463,1,0,0.021611365,0
33.21859817941768,23,191.64290510239945,3,22.366114170782,1,0,0.019496033,0
9.971845135581477,2,408.20113440237503,1,3.5840590469823885,1,0,0.07552078,0
25.566091966122745,9,731.4938350591613,5,34.16468775140547,1,0,0.09667201,0
92.85623444504832,20,602.0278465402463,4,4.994566736776497,1,0,0.025558153,0
120.55115583828928,4,896.4750344766569,5,30.332595113955215,0,1,0.86383307,0
23.876657739676897,23,98.43829103724264,2,24.03135463868759,0,0,0.05952215,0
54.94434474073768,18,853.6223744093189,0,21.958842224428945,1,0,0.019807156,0
74.74517281011296,17,291.2875411638056,1,1.9845505351483448,0,0,0.07983253,0
19.20889602347942,16,384.47048563024737,1,8.241838774220582,1,0,0.020967398,0
52.19757694674296,3,91.67582882405114,2,0.3048655766309844,1,0,0.16461164,0
35.44995860386459,12,792.3738420902833,3,11.960260483370394,1,0,0.06854672,0
21.4125155428398,23,367.6176807722701,4,18.07065607757229,1,0,0.022081424,0
22.372937130395265,8,970.1932640085984,1,8.470223246538364,1,0,0.044054873,0
39.1356760477176,19,141.4203559445401,7,14.442590985004085,1,0,0.038504772,0
37.70729160247388,14,652.8123001958411,3,6.560990984707355,0,0,0.19526641,0
20.79078888747835,5,272.969943917099,1,21.9630836460858,0,0,0.012472144,0
23.90421711263803,7,311.18201779406854,0,3.808692611059621,1,0,0.022487326,0
111.4233865228295,23,486.5727327299281,0,51.01454460100962,1,0,0.006242478,0
45.323566779807706,3,172.51277336743968,9,28.534727734647632,1,1,0.90252596,1
88.68531934911702,2,312.6370025651012,1,7.017765765782805,0,0,0.123231575,0
121.73203954430808,3,722.0851867285006,2,25.81846312161084,0,1,0.73098105,0
65.94639794077929,3,343.125518656349,2,22.831576741222914,0,0,0.22606409,0
354.56309506119953,12,410.7072426605537,1,0.5504223565677476,1,0,0.017808793,0
16.033751484792365,0,122.48917598779953,0,3.588594050991164,1,0,0.03562771,0
82.13872557114239,23,438.11998253560336,2,56.4165216395005,0,0,0.6699416,0
26.625143853647987,14,99.52290439580229,1,46.59389310969198,1,0,0.0068104593,0
234.1081676279789,16,125.72217220253476,7,26.5687452282103,1,0,0.048488937,0
200.4250018967037,9,946.9370718605732,2,11.74258645043846,1,0,0.032733116,0
5.185098393110087,10,308.2733242915703,4,7.435486370286609,1,0,0.05297609,0
13.889508312729472,2,254.37614906119475,2,70.5180711343859,1,0,0.025144555,0
71.11604011939272,8,232.81241823042657,3,7.374344283719771,0,0,0.94178796,1
80.62971144086818,11,20.644789047398422,4,11.37144051848118,1,0,0.18523444,0
76.444441047418,2,208.8172305503347,1,5.250803889229756,1,0,0.06375308,0
34.09445195639821,21,892.8007351416268,2,41.13990178043117,1,0,0.012128268,0
57.69213320187872,11,119.233048047992,0,6.247907871623056,1,0,0.026193885,0
70.31755166965183,2,172.32729101590425,3,1.9310560771058536,1,1,0.99120754,1
33.85642300718653,7,456.9716497370108,1,24.606218804758598,0,0,0.022240411,0
102.23785070595254,15,210.02957925999493,5,4.987790497525594,1,0,0.07306521,0
3.82096401561992,16,1046.5659119994805,0,1.540496439227079,1,0,0.021513993,0
68.97840741237319,4,325.2289285626142,2,4.15719028932866,0,0,0.15302491,0
13.012980869858517,8,342.3784868573802,3,1.3540939536449104,1,0,0.106922686,0
95.45718362709265,12,285.5092547853881,2,7.005983980007547,0,0,0.15118086,0
29.11680721888734,19,169.85306773627678,1,0.6338680354419549,1,0,0.02506389,0
15.04751300821104,8,528.6108686263354,2,13.905535731449898,1,0,0.044145852,0
53.19168870239534,16,597.92641707196,1,9.358470379727269,0,0,0.033517085,0
14.712044354572624,6,784.8645758648266,3,35.07116003008745,0,0,0.09225366,0
14.69095653022265,13,98.83101552897408,4,1.960561147908916,0,1,0.99127334,1
7.634715260857798,0,604.5795416121192,2,2.881544154606376,0,0,0.19301945,0
35.63371517644214,13,195.9470710209908,1,2.842812752244072,1,0,0.03901286,0
60.14892207775796,13,525.0234203532076,1,0.4391205043229088,1,0,0.042312834,0
101.8016168019477,19,921.8115086527672,4,1.668919001986548,1,0,0.028228959,0
31.762048644255977,10,166.84438924655672,2,115.70391962338331,1,0,0.005661911,0
104.36091296396611,3,245.8038964288457,4,7.888864464210255,0,1,0.9950605,1
37.261513157884686,16,332.4878748539975,4,17.23556824713563,1,0,0.04315435,0
33.33845445002938,18,702.2016831696169,0,16.07950011506326,1,0,0.01765144,0
64.94644114544481,4,725.8691965559492,2,1.9501515676029688,1,0,0.088781536,0
105.46643768827408,20,198.86555133647852,2,0.0157614905771671,1,0,0.03150176,0
26.01219705554987,23,619.6041107196974,2,2.268141419876794,0,0,0.042830855,0
28.68110025222997,10,843.3854979951928,3,110.38596277918514,1,0,0.033555996,0
31.161039960467505,0,678.6805604760343,4,31.60247463679339,1,0,0.9971731,1
39.75633211848222,17,552.8166341348298,2,11.553723650221103,0,0,0.043877512,0
14.873658915034666,4,327.22906666509897,2,6.317110110877662,1,0,0.14778481,0
102.30986087644372,2,312.41323000956817,0,10.969312733565996,1,0,0.030137757,0
24.522482951113805,15,492.67876805984736,2,8.547412333537542,0,0,0.031670764,0
58.116142010616265,16,690.0820756572101,1,57.10199095708111,0,0,0.26930484,0
16.03104937665479,3,877.5294678965015,1,15.158940043453828,0,0,0.038686752,0
52.3946220176502,2,393.50506210923606,0,4.9494869924401526,1,0,0.029851561,0
54.14106827742404,6,39.7747081195467,0,3.8085128222168314,1,0,0.02974412,0
24.030373512109374,6,807.3183911114899,0,27.40596934202445,1,0,0.018827686,0
276.13487751496524,12,131.70348253537637,1,18.58184941239682,1,0,0.047401506,0
53.03966136000336,0,2058.626756726003,1,13.3804433791816,1,0,0.09052859,0
216.3568056789495,18,536.4194397344274,0,27.85339644623309,1,0,0.031520355,0
95.5012106049656,17,336.1522134876693,1,28.928724775394528,1,0,0.018003067,0
18.8728653168629,20,399.67378067151566,2,12.65400932391236,0,0,0.03268976,0
24.97344809691028,19,207.0638866153787,5,31.944231774073465,0,0,0.947661,1
56.60526869478899,7,226.61712284574776,1,5.50742813809266,1,0,0.045690827,0
38.90693575747749,14,508.71096259118514,2,29.07355732321384,1,0,0.022524906,0
38.453939243065925,15,449.2038654256716,1,15.509010319639742,0,0,0.019202167,0
27.489250727604983,15,199.1997585001584,2,29.1336610272616,0,0,0.043542717,0
5.998585217012834,0,66.02597350819626,2,10.465322766271814,1,0,0.1932711,0
29.211642821843704,18,659.3260257225186,1,33.60887578766938,1,0,0.011618994,0
3.982375641510044,21,832.8857221194621,0,3.385946041013974,0,0,0.009310809,0
53.08102760270181,7,125.8178993315514,2,5.438642986617962,1,0,0.087867476,0
17.70668430379432,16,564.109872310348,4,19.036164879928062,1,0,0.04124048,0
17.896108264685438,4,606.0883011586641,2,3.7258677342665143,0,0,0.08538786,0
29.39122629215564,21,223.7812794691331,2,55.15887901817744,1,0,0.004181358,0
48.07067607998136,3,539.7581780642291,5,32.59465477228537,1,0,0.98386,1
8.74073097946072,5,75.55871481426689,4,26.968245094187868,0,1,0.9969416,1
6.36872192952681,7,1052.3110754393344,2,1.5942880569597206,1,0,0.09841549,0
12.602990518071389,11,560.8468086426117,1,73.43569977079775,1,0,0.00351377,0
4.75060736316217,11,292.72030107478383,4,2.544413585852263,1,0,0.057840656,0
13.917546610275116,17,630.7993657649617,3,9.078622657471076,1,0,0.031366352,0
179.62709913224876,17,211.34919947178284,3,58.1173149377868,0,1,0.99812526,1
12.723034407394689,0,288.9641977595959,2,4.496741336021632,1,0,0.16701685,0
70.20399195706092,8,137.15201054838684,2,10.103844295707605,1,0,0.07650929,0
9.28467500218486,20,517.0332139684574,3,6.67703585536077,1,0,0.019408325,0
49.35900160416116,6,841.6021450609569,2,8.846978818508177,1,0,0.07716335,0
26.58284778761441,16,334.1190493798071,5,5.4430357252172366,0,0,0.84056044,0
34.473372500776605,8,169.89804149406126,2,0.5604827934415494,0,0,0.069270276,0
64.63639190590246,18,699.181526275616,5,20.93900868839781,1,0,0.03938335,0
211.92662903595195,14,294.70582991549736,2,7.875206726849833,0,0,0.340044,0
44.465177281493375,3,650.0338534535917,0,16.64678548886494,1,0,0.026502883,0
41.4446561883198,10,405.72576033224055,1,38.95370136983446,0,0,0.061690245,0
13.827125551267637,18,437.7783320569065,1,26.19340905028889,1,0,0.0081693055,0
65.58451756279207,3,568.6377688504971,1,4.980671144851815,1,0,0.050009977,0
28.61490309814677,13,909.4040186993028,2,2.4546133647518835,1,0,0.054826878,0
84.10004002568282,23,1361.5251285886154,2,37.5049327092653,0,0,0.65591145,0
35.033107729911194,3,624.1806055979629,2,46.048367079975975,1,0,0.054646544,0
208.69121177100004,10,781.8070762811167,6,31.543524280687446,0,1,0.86027336,0
5.038374432693545,3,742.284159691916,4,8.464961588393262,1,1,0.98364186,1
27.20499618877121,15,459.17789917516967,0,16.500305949138852,1,0,0.01599302,0
88.36550148689214,20,331.8329151742501,2,36.34899599829586,1,0,0.012230464,0
25.772494096206746,14,165.6539437174592,4,26.092370594587848,0,1,0.9810519,1
16.573862909847836,9,504.5586804815693,1,7.653097028738439,1,0,0.03498228,0
28.053668122103325,1,171.69523664176387,2,4.84600915885115,1,0,0.17450103,0
9.2079869336094,6,239.2298528257714,1,46.40489525067376,0,0,0.0076625305,0
41.22124470728839,20,701.5366617246245,0,3.628983171254964,0,0,0.021156622,0
420.087003146362,8,909.3122471225772,1,5.56492914173069,1,0,0.018610211,0
115.01142810209508,0,675.1950882946079,3,15.442607090259967,0,1,0.9290365,1
12.07323348362826,16,214.9958347071723,2,7.463538485469412,1,0,0.024263585,0
15.281744066027995,5,272.1602141924321,3,1.0002498771911714,0,1,0.96313727,1
24.416818825666144,3,616.1955923440952,2,23.82801442489065,0,0,0.07678439,0
99.92462259763242,0,731.9851797763775,2,0.2608646417235712,0,0,0.19223511,0
16.095069628408872,3,885.0311089985852,2,15.810369784252208,1,0,0.121457316,0
18.35255094752223,22,358.0696025973718,2,6.656771965596798,0,0,0.04461923,0
88.65473412458144,15,157.9506830872007,1,35.07067428091835,1,0,0.020730928,0
86.89083585315248,23,1009.3649618947004,0,13.920463803745696,1,0,0.01747825,0
25.18340736135928,21,634.9525527908189,4,0.2143739479925998,1,0,0.030171102,0
11.968001967480552,23,255.05289181910723,2,10.640382771350716,0,0,0.042800553,0
7.769883546892299,16,378.90133238261217,3,11.754734274937784,1,0,0.024648285,0
18.192508220297377,0,607.3038759142835,1,7.367477888873822,1,0,0.068723835,0
3.933269829884151,22,114.57750257496488,0,23.99606095864144,1,0,0.0049116197,0
77.46450890921912,10,1296.068958736735,0,17.172794283088884,1,0,0.041306596,0
19.491321207094312,6,98.37209814900136,1,5.219708535474414,1,0,0.0482942,0
59.22203374279644,18,767.3194960356894,1,11.894520033397924,1,0,0.027193863,0
237.06275321897,8,782.5217712898026,0,11.461398231509696,0,0,0.5517695,0
118.27302312271247,8,135.03134667644838,3,5.574377965780187,1,0,0.20335154,0
11.575203282869266,8,406.60225477426144,1,4.798082397483928,0,0,0.010908433,0
87.2911415624669,6,568.2826503387366,4,1.172750644902124,0,0,0.60444725,0
116.4960104688066,8,341.1017529809998,1,4.474786764077749,0,0,0.19033556,0
17.35088444765893,9,1441.2566803702905,0,31.93303448361028,0,0,0.11035364,0
14.107450709424024,6,613.555922729149,3,27.492526437587387,1,0,0.44805238,0
32.79605070027838,18,755.3788799398369,2,12.901001461488049,1,0,0.027926141,0
7.378546370789757,19,488.5592517221409,1,20.800959329892223,1,0,0.008745727,0
159.29135540358104,13,148.6460422384875,2,11.975249831797536,0,0,0.47252223,0
3.30235617778772,6,564.446515882408,4,36.43663250013872,1,0,0.624313,0
12.099844294030294,11,65.77004036859574,2,14.508185755023138,1,0,0.029203614,0
27.950492941439624,9,1522.2716506078175,1,39.56151770924804,1,0,0.06833395,0
29.163353637414566,10,286.532002232934,2,11.486477311591312,0,0,0.037056472,0
43.21225662334293,11,1767.185379275776,0,0.1216352285606653,1,0,0.031542722,0
48.01188424377114,5,224.2208813989988,4,16.97059592562967,0,1,0.9850285,1
29.55899170474385,23,296.5987601408666,2,3.957281440116202,0,0,0.0666343,0
114.0784441994282,16,205.14889362293377,2,18.04436122237683,1,0,0.03850751,0
4.308646554677164,7,418.5438825931443,0,26.61839955699724,1,0,0.007746647,0
36.59221402001113,8,414.624188384279,0,30.930363416508207,1,0,0.010875052,0
17.911009654774567,16,678.2646695178764,0,17.249736441856207,0,0,0.009470957,0
41.78399766049255,16,252.1679880561881,3,42.24031604983319,1,0,0.018711535,0
45.638873297055255,7,513.1506759437914,3,13.448466243160905,1,0,0.27711406,0
14.704758126785745,7,367.71923635995074,0,15.539061134415588,1,0,0.013073122,0
19.279666734239417,19,828.7203189156625,2,42.80712345142852,1,0,0.011396501,0
80.84928344811799,2,399.70451510715446,2,14.073487267861218,1,0,0.114583395,0
51.88637692132141,9,356.3104908741672,4,19.354914770899065,0,0,0.76752716,0
18.536681697428467,17,733.769761135808,0,16.663320252753305,1,0,0.015192887,0
281.43202926845487,0,379.65180004285895,1,12.932750610565051,0,0,0.59670436,0
368.4030739843968,22,475.96640671257165,3,7.670736108497934,1,0,0.011732309,0
8.478533690867035,12,446.3279500150285,3,16.279573077866324,1,0,0.037576623,0
49.4912041724953,7,186.42549645251216,4,11.865603058529322,1,0,0.35626,0
449.886098208176,8,343.7507671591831,3,17.888951043205353,1,0,0.5215079,0
80.14989982292848,8,274.63530845450026,3,1.13403173137057,1,0,0.09001033,0
45.65258093549415,6,1098.5232954625249,4,17.26364616592669,1,0,0.6259318,0
29.723654203260452,17,698.9442161617412,0,12.07369800436128,0,0,0.014079094,0
21.302101165617536,7,306.6537544071687,3,0.7483394710501889,1,0,0.3003898,0
29.59144494362615,12,360.8829043708032,2,14.801090195324475,1,0,0.031137042,0
21.09994824408113,0,441.3546802194927,0,45.4548255435216,1,0,0.01892021,0
77.08497297752895,1,194.5002026872013,4,65.25636920064989,1,1,0.99959546,1
24.577867609636115,17,537.0931525731471,1,11.423077931516096,1,0,0.021540046,0
23.54346972584339,9,290.9947567778927,3,107.3059051748966,0,1,0.9743731,1
10.999384461320858,13,697.7619391195007,3,7.129185337206774,1,0,0.047814365,0
34.82759824926326,8,11.595055692180404,3,1.4253140877345167,0,1,0.99460655,1
14.967457234076337,15,585.8102632738653,1,11.995009664295226,0,0,0.0120602315,0
30.546491401201138,21,560.5087565222982,2,72.65724073622026,1,0,0.002678019,0
103.7325085617382,13,435.4450429733837,2,14.568617387249514,1,0,0.038102973,0
52.76905220092442,11,320.1467084351215,4,19.36134097526652,1,0,0.063390814,0
60.62608795738384,9,1058.7493889147506,0,6.864364126129226,0,0,0.06636393,0
52.252665283674176,16,780.4708549246917,1,8.924518103353728,0,0,0.039379887,0
38.82932383765984,11,496.68970207143417,2,3.454598887683435,1,0,0.052761875,0
32.22271921143051,2,146.74489842972324,0,3.636366937852944,1,0,0.031971354,0
26.901815743773916,11,334.0979683543226,3,26.830736821615147,1,0,0.03924007,0
78.18806456316537,22,225.56467195763324,2,3.312002698605657,1,0,0.024855021,0
12.376013334416832,22,549.9756435592969,4,6.834789963899231,1,0,0.022681078,0
139.87128211504623,10,868.7572030979383,0,4.192486612265511,1,0,0.028447382,0
37.86692586738163,8,231.63604904747683,0,21.228831379468005,0,0,0.025101483,0
17.3102638104696,23,430.0403733064262,4,2.519282937964693,1,0,0.026003959,0
22.440198377332084,3,1100.9918649034364,1,4.4481741094814655,1,0,0.051737618,0
18.597173351330003,11,109.84154037723776,0,78.59109129951686,0,0,0.019616574,0
42.95729570274671,2,187.49090828582476,0,16.89187934818422,1,0,0.027954277,0
17.852739244215307,12,439.7214724138935,0,19.69269295210781,1,0,0.01216445,0
114.67834377685914,8,398.8417999344427,3,0.9596689611490028,0,0,0.6654653,0
16.749376059292157,15,178.40067204157333,0,21.218736654249412,1,0,0.0075027365,0
3.771519873120297,13,119.30664863347376,0,22.23907488158066,1,0,0.0051758024,0
17.619416554478125,7,233.33285742713505,0,71.86420994946218,1,0,0.0023143354,0
4.9110060878917015,13,451.9141210550048,2,2.351007267511676,1,0,0.031224035,0
35.167809080695505,12,650.3107057768544,3,16.737336029728766,1,0,0.061712038,0
105.54717172821869,17,119.13467956668244,2,33.46386384074074,1,0,0.025721116,0
69.94853800111369,12,459.5194039399187,1,22.17465232998813,1,0,0.029273262,0
9.60621701937948,15,285.9612436212969,0,79.78135782431556,1,0,0.0011930992,0
17.077208161819545,10,212.83255750687772,2,12.787929033281712,1,0,0.02879978,0
216.72592472679935,2,758.7122707422574,1,0.1679607473631564,1,0,0.02623716,0
50.325474929757696,18,269.5548709630036,2,12.8544407703924,1,0,0.02425612,0
36.749282168349815,9,388.9960561780455,1,12.682700601745278,1,0,0.03586113,0
105.22096433423914,2,83.44260892339959,1,14.164892517970236,1,0,0.070903614,0
425.2771718571201,8,58.85492625485417,1,35.436372588711386,1,0,0.13575193,0
133.83039343019223,18,644.5500863277007,1,37.5049618875849,1,0,0.016803456,0
42.07338076189646,2,454.3358716777225,0,3.392509719573318,1,0,0.0299795,0
52.17942061091094,5,225.3008716135384,1,5.348929788248369,1,0,0.05159956,0
67.83510210266957,14,738.2679353554248,5,19.42864202838528,1,0,0.056171983,0
19.83209338428842,1,283.6334890015154,2,33.38536553730544,1,0,0.10711336,0
12.695918035630685,18,346.1911154608224,1,6.01965676560025,1,0,0.01556969,0
38.56900919838102,12,185.67993203089992,2,36.17557788967832,1,0,0.018258488,0
14.193566102213522,1,293.2097196762492,1,7.1175450963250135,1,0,0.07647558,0
34.41655095086573,9,1166.4471425138513,1,28.58686711579707,1,0,0.043143377,0
40.29079536423268,12,206.05896148369447,3,3.504393273269851,1,0,0.061272155,0
380.329248837304,2,218.72750248126823,1,22.19933582391012,0,0,0.7699294,0
15.62621582419098,2,243.31688841383,0,34.37606231852288,0,0,0.013566514,0
32.40170575037674,8,198.4095238118064,2,13.984825228393763,0,0,0.054050308,0
31.05305242824466,18,540.227126328859,3,40.77464630241454,1,0,0.015672024,0
56.67371558799441,11,400.63538615080097,4,16.1117903713258,0,0,0.6612919,0
104.24296032951015,13,160.2721236760275,1,12.928886262646133,1,0,0.046230007,0
22.410206409611583,9,226.41045142927277,2,1.2689250232556173,1,0,0.051923096,0
16.097242272472272,1,654.431220819606,2,44.10791715356017,0,0,0.14437032,0
7.094283962306938,6,235.0761173838486,4,0.4026691635187582,1,0,0.83973014,0
14.494880283731511,12,1280.9529074851412,1,11.175051727836784,1,0,0.04312281,0
62.57969312945043,18,355.9833334209592,3,14.026671965990332,0,0,0.81368506,0
38.3075514222224,5,1024.9790641422987,0,7.527251788091159,0,0,0.03497787,0
13.257534138964129,0,1241.896972784626,0,50.23095504923492,0,0,0.28581816,0
25.209792833020288,4,834.7265103823529,1,9.066881684284835,0,0,0.0382353,0
37.76840655757209,21,421.86937634411686,1,6.076505088708414,1,0,0.013311338,0
60.5626842288583,16,408.9819073043468,2,29.17431489638212,1,0,0.017635753,0
20.218654071565517,9,184.56375521724283,0,52.244415693095824,1,0,0.0031959675,0
28.49019355693998,9,591.2245147012309,1,44.37471453448512,1,0,0.012975819,0
5.939145493183329,8,1399.8114720626174,3,2.228826531271208,1,0,0.21129064,0
11.572298684675204,22,1784.5674059208718,0,19.062758378763316,1,0,0.019063197,0
184.51221332605377,2,778.5241636914682,6,1.8979974525350325,1,1,0.94584525,1
4.103578210244426,21,586.9492527298148,4,37.452466754939,1,0,0.014060889,0
26.10684256906672,7,306.9893883044976,4,4.7654620233977765,0,1,0.8984454,1
45.56765885893957,20,600.3476803890782,3,11.111815706602588,1,0,0.025941912,0
25.16994828893596,14,853.7500863210289,1,8.546899670902796,1,0,0.041215714,0
16.311044852093655,9,174.08459464417058,1,2.9480026018514645,0,0,0.016970921,0
34.42976554152707,19,68.63925304907322,4,61.286220260989936,0,1,0.9972777,1
36.41695993818815,21,153.9611495783495,0,8.285630696173717,0,0,0.02495187,0
33.71296882958833,12,753.8628937499935,2,4.683984219878621,1,0,0.055558324,0
5.5973198157765705,1,787.8666325083341,4,10.945328496731731,1,0,0.9957254,1
31.58228531308157,23,130.85128816459417,3,7.43035229142695,0,1,0.97503144,1
15.562860050127195,18,228.87783595348895,1,6.355433632928987,1,0,0.018436546,0
21.163206367940425,10,237.9428545381276,2,2.6461493607077107,1,0,0.04588532,0
45.92339872605071,8,141.8867645069743,1,1.6205019673063543,1,0,0.047648,0
69.45845127908164,0,310.1854505332658,1,1.1865552325407105,0,0,0.10532641,0
89.7275031119207,20,648.0306679374304,3,56.50105911255287,1,0,0.011610115,0
22.27771703996578,9,470.87378995973376,3,10.950158349628303,1,0,0.069972984,0
92.20393205957086,0,291.02130467603496,5,18.784450888932135,1,1,0.9992624,1
118.35961001532952,1,128.74600183146364,1,5.938114225757301,1,0,0.06599782,0
114.05011129183058,13,906.0620691360942,3,15.984160728308598,1,0,0.050702944,0
146.90232921074784,19,323.7159993536534,2,50.098334186339066,0,1,0.9796107,1
31.63668908463163,1,298.5942021407827,2,25.52639982484661,1,0,0.13093224,0
30.74932629561221,21,548.4570250159933,1,16.898643305433268,1,0,0.0118267825,0
83.51704805948498,7,505.4603288166063,2,7.455918589057628,1,0,0.06907535,0
9.332245721446697,2,140.67379434186643,2,12.567633223723046,1,0,0.16924411,0
45.12466745774055,13,122.30458266845427,2,3.162504766333292,1,0,0.059245124,0
21.52986428507836,4,1466.6735377110356,1,27.17712625776634,0,0,0.14812255,0
25.310287892296596,3,1104.3465412911517,1,28.85252462204765,1,0,0.048773192,0
6.414015719645822,2,1009.5035056150136,2,18.104939031536823,1,0,0.11822499,0
15.02109721894353,16,1133.5989146442478,4,9.015171875108292,0,0,0.06731255,0
35.85582622375467,11,837.0923427045005,5,19.862352320548407,1,0,0.08132475,0
88.9836970815281,12,832.4536406114784,0,18.57192701977109,0,0,0.29590848,0
98.49704910535851,6,404.6452515336425,2,60.25420147001981,1,0,0.040448427,0
33.773400492981274,5,566.1994589151135,0,71.14721124126821,1,0,0.006736172,0
30.28678996720506,8,851.6891075547428,5,1.320004793549956,1,0,0.19249062,0
15.947798792761944,12,543.2645171298593,4,4.499842535480268,1,0,0.058309816,0
54.72696212164003,7,314.58712673920934,2,3.2645076756268763,1,0,0.0776336,0
28.571850917399797,10,680.2111097123482,1,40.939523692965,1,0,0.015099281,0
67.07990623523877,3,497.5546487171979,1,0.7222403177061311,0,0,0.069911264,0
210.96385260377136,0,377.9772113016351,3,4.577615264880027,1,1,0.94768244,1
35.4323428458465,19,55.59890414744101,0,1.055475935665834,0,0,0.024810143,0
8.187802327910244,17,600.065924572783,2,11.903962627932582,0,0,0.022293549,0
15.47381989674648,22,1329.748763042238,2,12.857657515249295,1,0,0.02120469,0
8.51519792963283,17,795.1836927442231,0,21.69941696797324,1,0,0.01143267,0
11.055082871637508,19,506.6014562634525,2,7.519006220791726,0,0,0.025965653,0
134.99945258246004,21,758.9344731965695,1,4.772580526576526,0,0,0.14427938,0
45.90892641626328,14,154.66171114256616,1,29.65168625963375,1,0,0.015155149,0
8.00307280393692,22,462.8366872970474,2,10.82085261246811,0,0,0.026211042,0
70.36050984171857,20,739.2902694125745,2,23.922643762968036,0,0,0.106430374,0
129.07257900335236,8,512.4277535724334,2,19.211314360113796,0,0,0.54743797,0
25.536924963785143,15,1203.2341113757411,0,2.587030121830946,0,0,0.019173985,0
18.61577167361213,15,670.0486925303865,0,1.8120842077935688,1,0,0.023756722,0
26.117936160290327,16,209.0611343871542,1,21.60938974878856,1,0,0.012143726,0
48.64779628383072,14,936.2469040169592,3,25.139295263505534,1,0,0.059917107,0
69.40578006309313,20,339.7552901104319,1,5.648475434574175,1,0,0.019506263,0
119.3686779766072,1,788.876468483695,1,2.5014226222334828,1,0,0.040358596,0
123.0361489274429,1,1132.4796376088384,1,33.25963195525374,1,0,0.08786549,0
119.749714029672,17,204.21514277135975,2,17.74626377506375,1,0,0.03650889,0
142.86804353775858,4,175.26235853043482,3,96.5005444768222,1,1,0.9985166,1
70.90832104724905,6,913.2488470694302,2,8.540570135658353,1,0,0.069648296,0
7.917641694727169,12,630.8186598096902,0,38.11137919791477,1,0,0.006716395,0
32.105770183800104,10,180.57888928856275,3,3.795170822829347,0,1,0.95898116,1
50.09496543006148,16,527.3886075688514,3,6.177602410056207,1,0,0.04146107,0
24.94999782422968,14,247.2580812055541,0,8.566972635473675,0,0,0.010584542,0
91.03653003319045,21,1104.6048594089193,4,6.155986301179501,1,0,0.026019331,0
25.528258825582668,12,418.3762734599347,3,12.18189501042498,1,0,0.050200503,0
14.501512727744508,6,941.7970161110096,3,109.47464991421737,1,0,0.21967158,0
155.13551099229136,6,480.257126573938,1,24.732552887185943,1,0,0.04826466,0
71.23642750223728,6,72.73784161813307,2,0.269994760929074,1,0,0.12307811,0
45.570190433991456,20,29.746362943591333,3,4.902736585963258,1,0,0.064920284,0
92.4538028820016,4,512.9954771666495,2,14.561138349795472,1,0,0.08108355,0
105.90412877498107,2,554.5703373472719,0,1.425077926189694,1,0,0.025560753,0
51.471888845102,14,377.7863628382424,5,22.66341546826541,1,0,0.040142503,0
3.134089123363865,14,1036.2660645134606,4,18.25662374586368,0,0,0.06755603,0
18.62324532952584,18,247.87121392789547,2,9.72055869813935,0,0,0.04200906,0
23.183037532587196,4,416.0114934027068,2,0.8936223570369288,0,0,0.087452255,0
13.678142282181549,23,287.6112754049807,2,11.94146733029454,1,0,0.010220568,0
44.642103300970696,22,302.470225428368,0,1.769108767689629,0,0,0.031314477,0
120.56658016751707,18,865.4989284578579,2,25.14545805834689,0,1,0.5584359,0
22.53555794309189,22,106.38544168062344,2,7.30832987137132,1,0,0.021154819,0
11.765450704015173,8,69.67086825326811,2,5.0436464452930405,1,0,0.059579477,0
278.11503161961167,17,568.9292000947621,1,77.95475567328859,0,1,0.9976078,1
23.302540615111266,7,143.7596180395527,2,14.4122406479769,1,0,0.05228058,0
10.665722294128852,21,347.20144288472915,3,58.95610292857552,1,0,0.0043436354,0
46.41753278557236,3,1061.8403577702195,3,5.141366716808984,0,1,0.8333163,0
56.01853295386895,18,1118.482547700723,2,51.33506893761223,1,0,0.02056202,0
18.082595667130256,11,210.98704711780675,1,1.8998960186936056,1,0,0.03652391,0
80.67700372164097,15,551.9069876730734,1,1.3663292029455762,0,0,0.06409798,0
22.48122601817372,19,239.37422430362105,1,19.46216728567204,0,0,0.018483633,0
14.54211735996492,17,125.98749556343176,2,58.41843753666885,1,0,0.0040900796,0
43.75434265331709,8,219.29498493538037,1,19.808061102789985,1,0,0.02664845,0
79.10443782047611,21,381.2434209712738,2,0.3633898759112031,1,0,0.018695856,0
19.416991025328443,16,90.27350465683855,0,29.074354693127308,1,0,0.006527609,0
50.93883279779289,5,401.4762886401245,2,25.20645097543423,1,0,0.06562892,0
33.33168215005306,8,408.63328534709257,2,13.20028415723887,1,0,0.05416049,0
616.7314326054717,17,94.98218857923804,0,5.172066934164322,1,0,0.004338615,0
18.019244376997047,16,159.84873558392192,3,1.3452467711730405,1,0,0.051251803,0
146.08251021541943,4,854.0400599043166,6,3.291071556085824,0,1,0.89742553,1
34.73173115322635,9,805.709784430055,0,5.353720078136069,1,0,0.026017476,0
32.24096975152681,11,366.1865457512324,2,7.787419956829682,1,0,0.044302274,0
75.31393003614,7,1112.5497514048568,3,6.215530510027548,1,0,0.18358617,0
89.47780149612281,8,194.92862290531932,2,3.50099223080037,1,0,0.07335049,0
129.93257225730449,0,128.84514912424183,5,18.14810980224708,1,1,0.9996051,1
50.83838782886098,15,88.33253437808737,3,25.12867138247437,1,0,0.05455971,0
20.0775767998288,19,73.35506774247223,2,0.0449461238732429,1,0,0.03796651,0
21.377819142119343,15,401.6881127399613,4,45.1955133167265,0,0,0.7109636,0
60.92558435714636,1,521.6181718253503,1,4.175812504733792,0,0,0.09355053,0
65.42470049756652,21,372.0690868346571,1,10.2054913234861,0,0,0.06844284,0
148.12417476935022,16,410.74642198863774,2,26.95523339163343,1,0,0.02712389,0
55.6137490310986,20,545.5078932790335,1,23.50237253864303,1,0,0.013551487,0
105.6538585347815,10,45.00780710488054,2,14.932038967315686,1,0,0.08569599,0
166.7959209324103,1,675.4608438435524,0,25.05318378214785,0,1,0.84381974,0
43.155097481191184,4,1327.303155769339,1,9.42639438636212,1,0,0.052330524,0
8.284956069159053,4,781.878259760968,2,36.26809931778424,1,0,0.063299686,0
11.253992037666515,1,802.4261183366738,1,1.0653002293395843,0,0,0.0747917,0
8.690210235647761,1,198.2863862708393,1,0.1240687942669423,0,0,0.04566337,0
179.75420339737346,6,593.1805203121623,3,9.742717975076644,1,0,0.2814417,0
15.683220849855395,17,681.8320821968823,1,82.93955049567184,0,0,0.031516798,0
125.44175727745908,11,111.48214845431347,2,9.527556259567463,0,0,0.33615142,0
65.7416003498485,8,486.00003424179147,1,13.094131665933492,1,0,0.04574602,0
203.4192513428714,1,560.7253050400535,1,42.82568648281965,0,1,0.9755351,1
99.79257876574718,23,403.7636025253839,7,2.629370363497104,1,0,0.022174947,0
33.03705263749034,23,163.70186753175153,1,7.008435355695499,1,0,0.01456851,0
29.96318764265825,5,207.18742998691505,3,8.271918669234461,1,1,0.9163074,1
39.85180583210549,4,308.06633113786665,2,8.4452828563047,1,0,0.12970838,0
43.6088866528387,22,3.311066756352657,3,15.999055634934363,1,0,0.047724634,0
21.52588853940272,22,276.8517005244676,1,4.195332657800247,1,0,0.0123295365,0
35.42336754148046,18,975.5365887297672,5,11.411580863862367,1,0,0.037236292,0
182.96960790045264,17,414.3892442738142,2,7.956194915621997,0,0,0.27317464,0
6.671613196127392,18,720.5632840648378,2,0.4615950188057975,1,0,0.024651587,0
47.3936445992491,17,499.215155885996,1,1.4860491394927655,1,0,0.02727647,0
14.776634659412766,14,269.6451959419648,2,3.0742613224532387,1,0,0.03205049,0
44.12546629567021,20,408.7752577561852,1,50.07087500899123,1,0,0.004921371,0
84.76271590716578,21,135.9272057536392,1,0.3836113288532679,0,0,0.11023212,0
34.549387410735,12,226.9997570250973,1,17.298162114900105,0,0,0.02023765,0
79.28008164470039,5,243.8577703980312,2,1.797170074554655,1,0,0.10463782,0
7.46451604200633,13,679.4751047845394,2,28.83230576771876,1,0,0.018673368,0
110.71829722763933,20,640.5267809342341,3,3.905641642790884,1,0,0.019505646,0
20.02278264233165,3,561.7014477677852,3,18.33251201671684,1,0,0.95975304,1
68.19751108252599,21,235.0456548101317,2,25.294375092156617,0,0,0.2060172,0
43.92343901684018,9,8.364570479249878,3,4.634696359658061,0,1,0.9949478,1
2.757812576839647,14,285.24367032866684,2,8.60351319539264,1,0,0.02029477,0
17.18326385670216,0,577.7291329438553,4,78.32038906785937,1,1,0.9982462,1
45.62739793200642,15,491.4204615449101,5,3.0550005769005666,1,0,0.040348973,0
173.11845679979203,18,568.3963365145753,6,6.587675690698736,1,0,0.02598803,0
48.77745829241424,5,316.22475717279184,2,0.2887759632149826,0,0,0.094393186,0
47.35611139192527,4,716.4770322307817,5,7.617369931117043,1,0,0.9401857,1
8.911262359207559,11,406.9785516596716,3,14.637507457418817,1,0,0.042088546,0
153.1084810348398,2,144.68854885608408,3,22.15428828181237,1,1,0.9917337,1
222.97886589286512,14,775.9093707009488,0,0.9537702738380652,1,0,0.016727323,0
37.65911574962571,21,143.1206922182217,2,0.5465582201045048,1,0,0.030072376,0
29.3779076612914,7,234.11998741471936,2,22.06815703846307,0,0,0.042104006,0
7.24962892059411,17,46.7164148507964,1,7.481415248006829,0,0,0.020617213,0
88.52819235391273,1,862.9713340537407,3,11.762598175164594,1,0,0.94565994,1
545.8145825616475,6,362.8318095312909,3,24.17702774018493,1,0,0.7845779,0
74.97187736763166,22,735.8096983255322,3,13.76573950132532,1,0,0.021387538,0
129.50293152644227,13,626.5228455248362,2,31.308988281916875,0,1,0.8280735,0
62.93404628801458,19,73.4162161874931,2,8.536409566306629,1,0,0.044413224,0
13.66699925444578,9,456.8184909047509,3,8.282432236885798,0,0,0.35276085,0
139.30595523490356,8,207.2274950320788,4,25.670537869033225,1,0,0.30794686,0
10.64856456593654,16,372.693084303569,5,31.57734747628151,1,0,0.022250632,0
29.64623376690352,12,102.2901982166036,2,15.413760879199872,1,0,0.036687706,0
48.368643635586,15,525.9854343505549,2,37.19620784474402,1,0,0.016513256,0
88.49177950731726,14,620.614674251046,2,11.983612355494811,1,0,0.04278695,0
55.47795116056284,14,506.32426771959285,2,8.11669914841855,0,0,0.061677065,0
53.88404919595771,22,597.2489818519866,4,14.106029217610354,1,0,0.026915306,0
17.090315047547328,20,366.3481982059861,3,55.69200340880946,1,0,0.00553013,0
10.080759288430656,13,593.9178247057861,0,19.26321129320315,1,0,0.012771591,0
38.9189262488072,9,171.35419727661477,3,8.167608666005457,1,0,0.07284407,0
17.98980525561001,17,79.06227504793328,6,10.889088067845767,1,0,0.056375533,0
9.896828694469846,14,688.1438995319951,1,41.22529414188494,0,0,0.01294537,0
10.319688015064628,19,292.8245226454327,0,43.64176284969771,0,0,0.0082623055,0
22.418164060635245,18,589.7464544934063,3,47.80430661975063,0,0,0.14522807,0
5.739781479458154,2,203.7710556598676,3,4.396025913221869,1,1,0.99471694,1
9.511782536926956,17,450.2924155118538,2,3.9777599412009534,1,0,0.022635367,0
7.133935680103491,13,850.2080820936579,0,4.626793761777776,0,0,0.009399039,0
43.91515442353008,2,272.21293722535904,2,19.088634349999783,1,0,0.1451362,0
55.03581909437026,22,1348.19399083975,1,27.553809329722892,0,0,0.16477472,0
272.36442386176446,4,321.5414888670129,1,14.27937806754374,1,0,0.058803532,0
8.186366926824228,19,516.9209722987857,1,14.481513571127389,0,0,0.009758933,0
18.548761866606277,9,552.0148412323471,3,0.8541054816128902,1,0,0.08102584,0
91.15956106067216,22,203.3010090832957,3,56.03812449887811,1,0,0.014825128,0
29.465679963434823,19,92.4705886184337,0,15.749194286713855,0,0,0.017933697,0
26.39044627917764,3,142.4465887829289,2,3.5751375255075493,1,0,0.16977824,0
202.1822873993453,13,281.39925420008933,2,27.99130636201797,1,0,0.042698245,0
26.0910890540454,18,714.6184125877269,2,5.916994117437556,1,0,0.028262459,0
11.516780326597743,20,479.8660667180485,0,58.956076124847286,1,0,0.0018709644,0
9.806643264338652,6,254.0025570474472,2,5.842502169116934,1,0,0.09109923,0
51.19768531406925,11,1000.5528792231908,0,12.127476652885225,1,0,0.02882664,0
49.66207698979952,21,314.17929396648526,4,50.64320183048107,0,1,0.93846506,1
9.28404773196706,21,295.9014587050781,2,17.853019733530413,1,0,0.009259104,0
13.661801710679596,18,1234.066330881299,2,2.28482710281264,0,0,0.03510998,0
62.47163650492916,10,134.2796919101491,3,7.80393569930484,1,0,0.09078167,0
65.18743740465557,9,294.8791710746493,5,5.575401823153514,1,0,0.0621029,0
19.23589214367709,17,683.4596128720574,0,23.166195787082373,1,0,0.012140809,0
68.18442742174314,13,341.44232843503767,0,4.971893410440669,0,0,0.03653818,0
64.83558392542305,5,493.7360688848498,3,1.2000520630336826,1,1,0.8181901,0
6.152867610535783,11,752.0587028087558,2,10.211817397616668,0,0,0.026410012,0
26.78752380744392,13,604.0141084375657,0,4.325092962552165,1,0,0.026261987,0
55.43025651341746,22,49.16319873727572,2,18.75022819643332,0,0,0.19508062,0
20.6336718633638,0,1072.169788031893,2,18.149827235294197,0,0,0.22077633,0
4.310561314559043,13,815.1943508349019,2,20.21259345595244,1,0,0.024816843,0
27.577087875887266,20,263.4824251248823,3,6.161418369221384,1,0,0.029306507,0
77.64080758757649,1,819.8433314070829,0,3.3053791156337025,1,0,0.027466655,0
177.75489123711492,18,1034.3011978202735,1,58.3628355675071,0,1,0.986147,1
4.0927509126575465,12,713.3850919385341,1,29.1892011809709,0,0,0.010614376,0
499.357037326782,4,359.7971815924828,2,2.03147032109329,0,0,0.2522427,0
11.856350947738033,0,625.6323866235625,2,62.84394484977433,0,0,0.24199845,0
95.29438319696332,23,922.2260402885496,3,6.28646500265168,0,0,0.13096038,0
125.73770999109662,3,719.7490542376243,1,16.053969473331097,1,0,0.039154597,0
97.80906873893264,19,399.5523881177767,1,15.250257396900416,1,0,0.021515338,0
42.50486243240985,11,602.1104610570933,3,10.849380471324798,1,0,0.07057285,0
11.45678736464276,6,695.0678968765701,2,22.599398843935283,1,0,0.06425646,0
68.48116801528992,11,324.8763756424194,1,6.637587291881544,1,0,0.041559726,0
17.899393386041282,5,559.3649639879613,5,93.28675291629396,1,1,0.88815784,1
2.936754489826811,1,1316.3275750424566,4,1.6575158341101748,1,1,0.99320894,1
619.4912853361595,20,774.567172673349,1,96.33835809314968,1,0,0.27840406,0
74.2993365215682,8,1393.831755509284,1,1.7049843249015753,1,0,0.040815417,0
225.44520329103253,18,824.4451133352227,4,16.508133340316345,1,0,0.015981805,0
14.707788633829315,6,141.6180436871901,2,18.322035767914446,1,0,0.055834502,0
158.7773368236436,5,731.860661569152,0,63.96042610236415,0,1,0.9940528,1
179.4450724703168,6,1696.411917929648,1,24.95416083340195,1,0,0.13142753,0
173.21775882455194,4,1102.0612334547122,2,7.663736381903888,0,0,0.22416697,0
35.830291495111126,10,169.46667242423874,3,17.263959464125424,1,0,0.058616046,0
10.996070220178812,6,161.05337254064636,1,20.59914709228939,1,0,0.018206293,0
30.6516714131858,0,35.480287616219925,3,1.6599636149887298,1,1,0.9993137,1
4.04398619006757,12,249.52706078885137,2,1.2540486754163755,0,0,0.029473305,0
6.672453348044324,0,467.9444332608631,2,27.913884969944164,0,0,0.11078011,0
40.12256046212914,11,275.8592770622414,2,9.016275484573372,1,0,0.04397321,0
13.580046336414284,5,497.3701571191484,4,101.11933148168838,1,1,0.9312378,1
31.048582170318923,22,965.8244169686756,2,1.1345412428726744,1,0,0.021151314,0
32.818758211075334,17,717.6297618258346,1,46.30326181427275,1,0,0.009387689,0
252.3272985381783,6,617.4516052266949,4,8.285657063347632,1,0,0.47891837,0
133.9714301992849,22,253.1986896571157,1,7.550807621655404,0,0,0.20188925,0
34.99227825408778,7,120.27501253987316,3,3.8523795592607857,1,0,0.3712024,0
122.59662985412449,18,596.1142739998013,0,10.72828373505711,1,0,0.021382086,0
16.78166389115022,11,314.281091847235,5,6.184023257247971,1,0,0.04017946,0
26.130493766881457,1,668.9261260700317,5,38.36753509889732,1,1,0.99612194,1
90.94221548185156,21,242.37112382358904,1,2.191071464772328,0,0,0.118501104,0
10.573378950285884,19,659.3093315171645,5,28.73132120134317,1,0,0.02429262,0
27.688558344303654,13,438.73148943140137,1,9.345118078809769,1,0,0.032587405,0
9.76841420229717,19,333.8456161644445,2,11.579708156383711,1,0,0.013439086,0
41.16022625146677,4,71.11507343358487,1,4.050453353547371,1,0,0.06777652,0
187.26332016396896,20,198.72216424748703,0,0.817100285792026,1,0,0.021499438,0
17.251569259398277,12,212.6489568802924,2,3.489703792314816,1,0,0.038953636,0
45.87312785830772,17,189.1581838047916,4,16.012101667864528,1,0,0.0699359,0
14.919634518007786,23,616.0175294131689,1,1.9608683861674123,0,0,0.017701766,0
11.593574900358396,6,447.7599455295671,1,0.0600607299044402,1,0,0.056740597,0
10.635000329749383,17,794.3408097046129,0,20.40276258092075,1,0,0.012295846,0
156.765660404527,11,295.57896428638634,2,12.932684488996532,1,0,0.04515082,0
388.5552877982989,19,157.0695379244367,2,42.73615014450078,1,0,0.046245065,0
59.32576547444932,10,182.2365961822384,1,0.2858086598690918,1,0,0.045092106,0
17.880433794039366,22,487.3724976840872,2,4.588519587465245,1,0,0.012194995,0
74.06118932855233,0,127.06292716471484,1,6.933032268129807,1,0,0.07683605,0
26.197827137822497,11,100.49924829627736,1,5.761532557271957,1,0,0.037444565,0
81.56484495724423,12,1138.6115032879932,2,26.099702067937145,0,0,0.32825312,0
48.95951040222125,7,324.4414128317004,3,25.204130480568548,1,0,0.26255545,0
48.40989092772064,6,492.7273122245532,4,23.91577704564902,1,0,0.6315928,0
67.17331425604479,20,134.06035618290642,4,10.15434735877715,1,0,0.08000907,0
20.501670344055132,22,1391.4379463924815,3,11.592817772752351,1,0,0.027495876,0
24.425610118676328,14,892.6750177606655,5,19.63644006324957,0,0,0.105723605,0
6.545346963469765,15,948.1242622753446,0,24.2923622541229,1,0,0.013633962,0
23.52657324169484,23,338.033381388778,0,14.756033571787455,1,0,0.0062831524,0
8.825694617632285,19,175.4553401646191,0,30.948361862262423,1,0,0.0039649205,0
31.668382984051615,4,189.41357311100097,4,0.6685532529494571,0,1,0.9965076,1
14.04644095127047,0,297.89410062656947,1,10.580501806910544,0,0,0.044017274,0
40.49726416386609,16,307.495430915638,0,20.832792645874385,0,0,0.024002438,0
57.58368646052651,17,67.77872217694888,2,1.6148536477525102,1,0,0.054997988,0
8.845222023991786,0,172.27745332891195,3,61.72925018534363,1,1,0.99762493,1
16.227720238342286,19,798.1328184674966,4,0.9219194500540626,1,0,0.0352594,0
14.249019511895272,1,565.452017583489,4,44.20345107498293,1,1,0.99679273,1
77.2072546741318,11,1682.0463229880827,2,33.39376581447068,0,0,0.71007645,0
201.61542121361168,8,139.6357773367711,5,15.345170644532102,1,0,0.35897705,0
85.75862082282127,6,466.2024646621491,3,11.74291454524692,1,0,0.5677927,0
25.805330324182425,14,192.7022425680399,1,35.24352063507601,1,0,0.008145501,0
158.38145407030942,11,320.3978410171339,1,24.78556886161789,1,0,0.040194534,0
8.051772580761751,21,269.02262475140594,5,34.42219417454393,1,0,0.021270012,0
163.91664757480726,13,969.6772912454516,2,87.13259900307227,0,1,0.9946154,1
18.98759352840769,19,1283.302879639513,0,16.60234764035328,0,0,0.021614976,0
2.269834190164975,10,417.9846188465013,3,15.773948409434386,1,0,0.04294792,0
518.4298576136075,7,406.0538532038165,1,1.929751904924132,1,0,0.018634163,0
177.33189226646016,7,351.0663183373043,2,29.432464141557304,0,1,0.94502264,1
13.041235160107297,11,321.5824505699635,3,5.607671756860489,1,0,0.04746171,0
43.33708121364666,16,49.99273673893613,4,29.794489026454126,1,0,0.085453294,0
29.53277157935039,11,398.25674794414425,2,5.851114101592664,1,0,0.045344047,0
40.53722968312916,21,929.2462687696536,1,15.730021993304506,1,0,0.019010926,0
8.303802666381305,21,557.0246149810827,1,7.572928770555976,1,0,0.011596837,0
18.513607779291764,6,946.1509768402811,1,11.827093199524644,1,0,0.046414852,0
58.43770311149656,8,241.04934783847972,2,3.066910808018709,1,0,0.06776518,0
45.727330922315744,21,472.17109540057584,0,9.377366788514223,0,0,0.022296973,0
121.41792377270444,11,332.79224661845706,0,33.23436570297131,1,0,0.021825707,0
39.63649391640715,1,341.30160317755247,3,52.06011263750094,0,1,0.9847341,1
383.4547746291565,9,331.3322846838032,3,1.6512292289517785,0,0,0.65393627,0
17.890474901912047,16,1206.3935904459197,1,26.516465746338632,0,0,0.027394734,0
47.43367369366379,4,1069.4799198415938,1,14.503493156956884,1,0,0.046784177,0
5.385348924076182,8,439.567470772396,4,12.9862787868717,1,0,0.12055447,0
10.452768496678702,13,708.8730496267168,2,64.33352918531025,0,0,0.029650975,0
138.1756857935259,12,518.807264691187,2,6.573520892056512,0,0,0.17654543,0
14.256276024391596,11,377.98038332691385,2,0.5476125390970766,1,0,0.04057504,0
62.21991802719137,8,1186.068422540219,2,1.6044383129643436,0,0,0.07946556,0
34.405937204763674,3,391.30912064273735,1,30.736231494717025,0,0,0.03584294,0
12.877106467743747,1,378.31705181604616,1,4.088124485651033,1,0,0.07670537,0
25.83553127830645,10,345.3933796976775,4,23.90019544555187,1,0,0.054672584,0
21.884231734222737,3,414.6340686589322,2,16.647413872011043,1,0,0.1377861,0
22.480182235231187,23,364.61802247178974,1,10.90243198643999,1,0,0.008311304,0
77.75852652224484,23,799.05466626326,2,25.98105225327439,0,0,0.15098749,0
70.26997113396646,0,768.1434410097447,0,26.937996717276505,1,0,0.032597315,0
20.544110442075507,9,118.18320729323564,0,0.58196927671163,1,0,0.019241767,0
14.7744183620826,7,75.99696417909162,2,12.46139073230226,0,0,0.052884575,0
48.53753103782536,22,541.3638067903299,1,27.467397424823474,1,0,0.009196039,0
33.11494159553864,0,166.22738041707476,2,39.2328970500587,0,0,0.22614822,0
102.33814347435349,12,360.5106473770445,1,8.758509285827559,1,0,0.04020632,0
520.7622328071325,21,192.65748024630693,5,23.752711300258767,1,0,0.031050446,0
85.02322329633182,21,1102.238810212869,3,27.51260560845509,1,0,0.026520088,0
35.348986763091524,9,392.8595009414107,2,76.84997132377936,1,0,0.008496789,0
30.813596245612523,10,421.4234100957689,1,18.26814619436067,1,0,0.026575433,0
15.53826792416208,10,488.7228590843702,1,11.288191868723729,1,0,0.028462814,0
14.780773015653198,23,32.00591506259635,1,30.39848241249224,1,0,0.007423898,0
13.417830939071768,13,318.2906660540288,3,33.44299277035855,1,0,0.021374676,0
24.647237582608543,11,845.2989950314886,3,3.449252875789584,1,0,0.078003734,0
23.87558895271682,2,556.9235475708788,2,1.0718197759576311,1,0,0.12788957,0
76.99424713744314,6,1105.5198479369783,2,19.184981059407555,0,0,0.20344406,0
24.55709918638095,1,925.6844299988086,3,34.599799464578034,0,1,0.829178,0
30.04061452459191,4,283.783995978586,1,1.6420979784722467,0,0,0.03356881,0
10.82356795324632,15,536.0607026326634,2,2.083426246255291,1,0,0.03183734,0
189.535364885346,1,1344.4418266151354,2,19.796625862228566,1,0,0.10228435,0
60.76332559875912,19,420.3979877667406,5,54.82516666390395,1,0,0.022643568,0
218.95651954711843,2,510.17830920046686,1,17.26190252421127,1,0,0.056125842,0
81.19760827853771,17,571.423335417114,1,41.79054692088346,1,0,0.0113210315,0
162.33075509444808,16,150.36578187304508,1,2.218410253187426,0,0,0.19235261,0
28.545875920726168,4,312.8111736911951,2,10.720747164523594,1,0,0.1355486,0
74.97545609844148,8,438.50445515752455,1,1.48253498976405,1,0,0.04634023,0
547.5787952002794,10,245.0356851347083,2,119.78056615438878,0,1,0.99998116,1
10.766780759847178,20,351.16406625921445,2,42.92963787974429,0,0,0.019126931,0
118.66079434043247,1,739.6278970757495,1,80.69413246092073,0,1,0.97138995,1
199.92538429500107,4,394.1711893039082,2,5.772500115884895,1,0,0.05217603,0
55.7639485754989,8,227.63926425840944,2,10.001510962797168,1,0,0.061354738,0
78.66610965824319,22,581.8758767356816,1,3.465036280557018,0,0,0.08113606,0
131.5825574209962,15,418.47986553725616,2,9.384062381320916,1,0,0.03232608,0
18.72210355325936,4,1173.396232421427,0,4.121624165739458,0,0,0.029392114,0
55.55712263643013,16,544.4333911787585,2,6.907876531999055,0,0,0.062585495,0
15.059289817408583,6,255.7032852703364,2,8.617044585461446,0,0,0.037972536,0
18.33392114818384,10,176.2400750394173,2,53.2226411410286,0,0,0.033922933,0
19.461482473155584,8,581.92384829856,1,1.203690469052165,1,0,0.043568883,0
31.61816278992292,14,1733.2980576282278,4,14.068619143233295,1,0,0.12393014,0
42.511542975755454,6,128.53005891637588,5,48.00608718608494,0,1,0.99494606,1
58.15042380188021,22,383.6788053924995,0,27.44081099959504,1,0,0.007399224,0
8.577060967045322,9,183.53238945928643,0,21.34011539594498,1,0,0.006259284,0
277.7649970497199,5,782.3483079901241,2,4.146555209537645,1,0,0.03596924,0
119.52540665391724,19,428.9434173064077,0,25.779002256873422,1,0,0.015529061,0
76.9813180272137,23,432.62781371983874,0,3.7378048034057967,0,0,0.067167595,0
25.367519817661687,1,294.2054062223636,1,12.015474783414742,1,0,0.073061205,0
33.404590587098525,16,540.7416584282466,0,4.415428621948566,1,0,0.022699386,0
64.14630054869431,5,449.7827296828671,4,2.622534186931181,1,1,0.9055301,1
55.78137243893343,22,596.7191980190593,2,16.906037922361715,1,0,0.014402323,0
6.5465458664945,1,281.90510567502446,1,51.74421149667417,1,0,0.018965358,0
78.20075203102597,4,158.61797936255266,0,7.850253415738677,0,0,0.090318635,0
726.506615098109,18,223.10199861985652,3,15.823304194279924,1,0,0.046699315,0
5.510801359291872,10,632.8124702312231,2,4.997901415026513,0,0,0.028142583,0
101.46131792277788,2,256.83299450811467,3,9.731646675514328,1,1,0.98681426,1
53.43692439460177,14,245.9232040391221,2,60.55213651677947,1,0,0.009221124,0
32.64150964119529,12,640.5824824516301,1,22.33970940646443,1,0,0.027046055,0
149.45804829234748,16,23.441188877730127,1,30.173756482433717,1,0,0.039368138,0
10.874316092158042,20,160.64806610911305,3,12.174271946878063,1,0,0.028916243,0
43.25422830075172,2,273.0425696829384,2,14.139005887327246,1,0,0.15322532,0
164.34282657784877,7,58.5869740881196,3,13.24064551126672,1,0,0.64096767,0
29.901284973257862,6,766.044480421099,3,10.025025510580395,0,0,0.2762857,0
23.82503615287256,2,197.0548052140848,2,14.987460515909186,1,0,0.16907643,0
41.1810097788544,19,495.63525588538783,5,1.237566136230286,0,0,0.33761826,0
23.178952614120806,6,653.2114733172809,1,18.7862583022194,1,0,0.036422558,0
179.31942815057255,20,362.44690812408834,3,10.667322102096795,1,0,0.021814952,0
14.413312033699023,22,138.61666762636713,2,25.43510316282894,1,0,0.0109453,0
89.74131647595897,8,345.38094000155274,0,6.571514084922181,0,0,0.12986688,0
10.107888922864534,2,245.07414500965183,2,39.30265970085481,1,0,0.075902455,0
72.78955012946881,16,254.1860482088698,3,24.39134915626711,0,0,0.9356462,1
32.85817362017518,20,232.2579687357317,3,16.236259246589736,1,0,0.02662231,0
2.572396690351129,19,775.379031567539,3,3.134728237657556,1,0,0.024674356,0
36.37409504325616,2,969.0736580138916,1,0.1122360442038925,0,0,0.081498496,0
12.22173909062138,14,681.4936677458696,3,0.5885675096800027,1,0,0.048999935,0
23.17834615428856,3,267.87636499627604,0,40.65892733875482,1,0,0.008754694,0
177.95875298728947,13,1026.1685739862792,3,0.1656000425028793,0,0,0.1796637,0
11.604801245570192,18,219.53751449547312,1,20.916445435376023,1,0,0.0087543875,0
12.30554008359812,11,463.3371241409637,1,22.00067918192076,1,0,0.015851364,0
160.9160590836983,15,407.5598907576984,1,33.60466112481985,1,0,0.030677412,0
41.23126882121036,0,968.839993649353,0,23.486153575769222,1,0,0.03751232,0
178.52540528013003,7,500.0315422120124,1,0.7507375035875955,1,0,0.027366417,0
51.03988439858126,13,284.14144638074066,1,5.451818718633064,0,0,0.037599765,0
14.774981754384866,16,626.587411232587,1,4.868645376786016,1,0,0.028035495,0
34.186561496349626,22,572.7691380388587,1,0.7326085589657253,1,0,0.014358002,0
129.55797060672376,3,849.198198578791,2,2.5925258195191168,0,0,0.16082495,0
96.30355411791513,8,571.9455549283709,9,13.302577403975157,0,0,0.39810026,0
36.63161011747895,21,405.7797374043792,2,0.6199790847542699,1,0,0.016729409,0
38.48019412881605,1,240.31083254024605,1,5.566101419040636,1,0,0.07066969,0
32.59958505393723,13,785.459154161112,0,23.753896489109053,0,0,0.0341166,0
20.19293576731961,7,294.98774929417954,3,14.309803695487975,1,0,0.22846857,0
266.63475134342485,22,212.58757918612667,2,49.920140455734575,0,1,0.9903082,1
36.8698140989358,19,661.2265524386478,2,54.4894076383117,1,0,0.0075961617,0
11.43971280533339,14,233.24134329233735,2,77.65513353483578,0,0,0.042315267,0
22.411684478905844,8,714.3830976953502,2,17.104646925354476,1,0,0.056637548,0
77.23246199132002,13,135.4271041574574,4,9.000060638255173,1,0,0.10312309,0
70.77879370397771,17,378.6126655610775,3,3.6549501422253945,1,0,0.030979214,0
31.785206124436097,20,666.8323323317501,4,18.59732201105548,1,0,0.031967375,0
18.407221185632157,0,613.3935176056026,2,11.172544046310206,0,0,0.18805262,0
37.50904563943374,13,764.5883811117321,3,8.591169878228454,0,0,0.17610192,0
6.5490005482238285,6,283.8449736495178,4,6.14383965995958,0,0,0.94535166,1
9.598019594553188,2,710.8831877647609,2,7.712997345047968,0,0,0.14490382,0
83.21266785748203,19,802.9211818010202,4,13.34859791746314,1,0,0.034772146,0
22.35905099244027,14,294.8639299646997,2,4.506748386712488,1,0,0.03313134,0
53.811324301456246,5,923.8315588213824,1,5.837123239499842,1,0,0.041260507,0
128.07199068853706,7,476.67602902784,0,42.823774552177326,1,0,0.027279047,0
71.37248939453296,9,555.854275867253,1,12.917818081644231,1,0,0.045687117,0
37.38201301544752,15,176.55598393250858,1,9.146394926774269,0,0,0.03129632,0
326.353733285693,12,182.09094367332517,3,22.836347455917515,0,1,0.98014545,1
72.71144474392645,23,344.47032097297387,4,54.27964085993706,1,0,0.015685985,0
25.42008618148845,21,207.19079022996772,3,20.02715899981379,0,1,0.94388056,1
77.68768312409964,14,660.0085858360814,1,47.46382082430163,1,0,0.014241352,0
55.66471670573252,18,307.88616765579565,5,2.348564765144564,1,0,0.05417941,0
15.180535191737375,20,665.1446146419743,1,12.301102328640688,1,0,0.013741933,0
39.44925664219552,1,479.8040639051204,1,18.12204760950702,1,0,0.066805,0
30.88824836049367,8,354.8465910996007,0,10.423892242295135,0,0,0.009496884,0
4.847425097793446,18,549.9847832100494,3,11.05930855435432,1,0,0.022511346,0
30.653551938437595,0,53.69493710351812,2,29.400803198993803,0,0,0.3035479,0
27.35623992888111,16,734.0382295729389,1,6.35134143165214,1,0,0.033176214,0
23.321149785803804,1,261.65822398590365,2,67.5482935429095,0,0,0.2218423,0
6.745686083333537,12,709.2470379948548,0,0.3431119574418519,0,0,0.008274622,0
25.415265101436905,0,84.04237535769307,2,33.65438317052343,0,0,0.22456376,0
35.13500437892138,21,482.3287568565759,4,6.2500012600945976,1,0,0.029509034,0
40.64173688661039,5,816.1125685468137,2,72.89283386442555,1,0,0.028030124,0
11.388913697337689,21,602.1555770691525,0,8.596000150092117,1,0,0.01016366,0
70.12130417666526,6,40.41574451342403,3,21.97213591263571,0,0,0.9921685,1
10.489016284786064,12,360.28657731360994,4,11.950848384817672,0,0,0.71323794,0
29.07732860825417,7,937.1931197482318,3,1.7870079809629422,1,0,0.31578037,0
140.00228171723248,12,988.0724502227308,3,3.1701360759995865,1,0,0.04227484,0
17.96171768883571,15,391.028404451943,3,32.86030234123501,1,0,0.019420769,0
21.649845583716427,11,316.12999539767145,3,30.01117911525037,1,0,0.033004608,0
110.31645259084692,17,824.2193892599225,2,17.133290767464146,0,0,0.23286535,0
24.66256495701125,10,703.5796771775417,2,37.180464592462265,0,0,0.03418944,0
26.97049834824996,18,115.87869347897475,4,27.75573303938577,0,1,0.9913735,1
45.94103309879415,10,410.6366534981348,2,12.844662128111455,1,0,0.049876645,0
107.59983416345528,18,1373.684858230906,3,78.95250464287878,1,0,0.03452649,0
3.801417749192128,4,393.00381658946,1,21.163063485603637,1,0,0.032792684,0
15.624322699733549,20,387.0970542760187,1,12.938483551110416,0,0,0.014781587,0
13.001783744782069,8,483.6015215133839,1,21.644757093698896,1,0,0.019577011,0
12.008161203503343,17,1076.8104915233987,0,3.737065048795698,1,0,0.022774247,0
15.214007121373532,11,651.412564268704,0,2.986414856310188,1,0,0.023302551,0
15.46302501299184,11,152.2460159366812,0,39.82837608396991,1,0,0.0036895843,0
49.85984907923485,1,409.9452942401301,0,38.30876439063001,0,0,0.1367844,0
14.700364722455902,9,705.8825380745278,4,17.39827461050448,1,0,0.10077666,0
41.49547055227633,12,1799.289224925956,6,25.51670146916261,1,0,0.16487375,0
55.22526649250971,1,182.6569574520143,4,15.456611119647407,1,1,0.9991007,1
17.32147081075096,4,925.2682148773018,1,1.4207435660366103,1,0,0.051966716,0
41.840977212089165,0,429.0240382510154,3,6.325739088571652,1,1,0.99646145,1
195.88330816924687,19,102.86259174419018,0,52.007061214358814,0,1,0.9889498,1
50.90972489826753,20,1818.1683183695488,6,6.330892923756931,0,0,0.034646783,0
19.04911371112623,18,256.1878482407347,2,7.263673050438292,1,0,0.022026999,0
34.24290496426738,3,59.59172709360187,3,5.541843063363891,1,1,0.99393576,1
14.325740687644092,19,660.9628496249162,2,22.67353497869347,0,0,0.020377448,0
48.28573702508968,20,278.2786855586257,1,4.550940449845008,1,0,0.019260362,0
88.45103653760836,1,415.5281021013664,4,17.239476148817918,1,1,0.9960251,1
15.832356175678765,9,792.44318363449,3,4.462954938687553,1,0,0.09377422,0
29.54918504787468,19,853.2164270453962,4,19.04207529593372,0,0,0.083322234,0
114.12520566925106,1,1399.789677362283,1,37.79213502458388,1,0,0.13321285,0
22.01038287319964,17,117.73385844108358,0,9.10886493171827,1,0,0.01622763,0
44.34954737750369,19,233.20589947316213,1,24.647074256950926,1,0,0.0124304565,0
12.85675301738516,2,505.95064884993405,1,0.4400197975803478,1,0,0.072232984,0
15.850708866425814,17,928.3343888304946,3,7.6267037082801,0,0,0.0944032,0
21.68317925526806,16,159.56465803240422,1,0.2731368957358727,0,0,0.027757218,0
322.56995363629795,23,927.3552934385804,0,22.13018119786421,1,0,0.013604802,0
24.311508976685527,1,669.0450297833468,2,12.723156113441272,1,0,0.127528,0
21.542792674054283,13,1664.6553456826286,1,10.165402771548065,1,0,0.061002478,0
20.838588234470382,10,129.5385334046816,3,45.82189444800933,1,0,0.040025827,0
31.01272629667523,22,625.1643465848846,1,1.8148340257162616,0,0,0.025296533,0
70.52238085344554,10,444.88235001318,2,25.93508022066172,1,0,0.03526456,0
44.233854596755535,12,1205.9143942218636,0,1.7125667953317103,0,0,0.032872602,0
286.5218145237672,1,251.6678825527342,5,25.52128073172846,1,1,0.9984365,1
45.32208524714445,6,378.6944016582948,1,71.24198874641706,1,0,0.0092233475,0
155.61797869105808,18,120.23331612513353,0,50.41783818441717,0,1,0.9777861,1
48.26521505601155,9,123.2935974726072,0,42.241258192075534,0,0,0.11143695,0
67.05958137317873,19,328.5697092908988,2,0.5023508421298526,1,0,0.0245757,0
8.639978205374527,15,1056.227471464185,2,1.384236193634055,0,0,0.033450313,0
32.231381279556764,9,835.2610700269719,1,11.795807119575208,1,0,0.04102037,0
34.15989377796558,21,318.49336475309553,4,12.308308132097336,0,0,0.88179106,1
28.704186784026927,16,384.5793758896992,2,5.245011284358311,0,0,0.043179482,0
4.250860244008833,19,491.0358183104916,2,42.029385495121694,1,0,0.005432114,0
88.28978907183674,0,239.84942929930423,3,12.591577033159336,1,1,0.9971994,1
24.849799157524867,22,257.1898708032221,1,0.5097146613070219,1,0,0.014433058,0
23.616099880201272,11,362.5585887455488,3,44.57123999060252,1,0,0.02252858,0
28.35571334971115,12,138.32228579841566,3,25.572230535216576,1,0,0.043698654,0
29.13443509328351,16,134.55770416342278,3,24.85021236372896,1,0,0.03496588,0
54.98708947112125,11,369.1888704820959,1,64.08524669811642,0,0,0.2913449,0
10.267337585720464,5,194.42318195130548,5,16.601532126984925,1,1,0.89262426,1
14.42492976035753,12,495.67027426923386,1,6.756740726429138,0,0,0.011991578,0
48.94187139786467,23,286.6072879963029,1,45.74971475198432,1,0,0.0052603483,0
42.33367257412426,22,147.74515820299828,0,3.772882131260221,0,0,0.032002278,0
25.111984218409116,5,243.91737663781907,1,16.310476885992486,0,0,0.01613808,0
20.616414818893865,8,344.7269305210996,2,3.970385421440583,0,0,0.032544937,0
15.88817778020369,10,435.08486201345056,2,35.32810866072125,0,0,0.019673567,0
34.52365827440192,1,331.1579468725466,2,20.85417453180572,0,0,0.1695105,0
119.19162274676133,3,572.8533588298895,0,5.34046452117017,1,0,0.024160568,0
12.704410906296973,9,536.0115883472215,0,16.15057371782558,0,0,0.0067769787,0
167.8915183371811,13,76.69015763676823,2,63.55935748583215,0,1,0.99606556,1
85.11314299088222,15,286.14782175683314,2,30.27870395435684,0,0,0.43475845,0
23.267005003450343,12,425.5096807019576,3,5.783410691416577,1,0,0.053015556,0
80.083903230848,19,432.01864690632925,3,28.09361477556777,0,0,0.7237657,0
8.449409718564864,10,465.3264182111725,0,14.724281954502128,1,0,0.012219857,0
6.478085730999855,22,606.4201048236034,0,15.70936398715645,0,0,0.006976334,0
10.0766185378562,0,293.54605642575655,1,15.355058509571505,1,0,0.07230382,0
24.294586182609173,16,126.24315211399362,3,2.804544247567222,1,0,0.05748053,0
26.432386801099167,23,497.45102576901854,2,18.224796511741182,1,0,0.0089924885,0
21.864352761684657,19,401.1470779923343,0,33.67825515261126,1,0,0.0054077925,0
40.423960488597125,11,1389.2260228212608,5,43.54690842339074,0,0,0.18191214,0
4.326877249245064,19,158.86035636137498,1,27.364284670165603,0,0,0.010593894,0
60.06032094926692,19,595.3393160730324,3,22.2519806586153,1,0,0.027070029,0
8.852495716309454,19,181.24276904607015,2,37.84269958827317,1,0,0.006170474,0
18.899763235684688,23,1902.0124748724588,2,57.04489159716855,1,0,0.01924025,0
24.219292679325864,14,158.02185704301607,0,31.35682124534309,1,0,0.0061450806,0
11.516598738249598,6,235.65043750234685,4,29.17560681200001,0,1,0.9563749,1
9.29057394033403,22,498.1645057407554,3,63.353220749824246,0,0,0.15348347,0
13.382104573044844,5,452.07201190050085,3,5.524034528812181,1,0,0.9291957,1
36.16444152838187,21,541.6616725243974,4,27.175904098984144,1,0,0.024457771,0
66.02161438266037,4,159.97959555313088,2,15.094714983646297,1,0,0.13982369,0
64.34345231277756,0,533.4610869164876,0,10.424551586625745,0,0,0.10341717,0
13.538113931455594,18,1771.887201194168,3,5.024933141630681,0,0,0.036448766,0
16.583742562837482,2,207.41808051589652,5,10.688428647693796,0,1,0.9989009,1
14.576298735739332,1,257.3490339999032,0,6.35010515678678,0,0,0.017160447,0
57.386685247965495,23,371.8046585463555,0,5.756990614565418,1,0,0.010090334,0
4.771113994614246,22,1002.8199672167992,1,14.457182280214148,1,0,0.010421465,0
126.25949340078988,15,840.7214848941778,4,4.021297145260737,1,0,0.0399463,0
22.53782761155816,17,100.77602888339013,0,17.958011729329876,1,0,0.01131814,0
16.717818659544413,3,259.92546390790955,5,17.855862939762446,1,1,0.99159664,1
51.39052391875768,14,417.3759595408826,1,3.7554849445133223,1,0,0.037596453,0
102.7829059957556,21,125.28715421518883,0,8.587550169263901,1,0,0.024357218,0
51.551600467896165,11,128.8485975285573,1,13.522560794848438,1,0,0.03592061,0
104.8724088362248,2,1837.526596947944,3,36.39405949145087,0,1,0.9366582,1
41.861176267285565,16,297.79754001324704,3,11.709466505820712,1,0,0.036062364,0
125.1657183039115,12,1020.4229654022384,1,22.350890867732755,1,0,0.04592993,0
127.1236250552132,15,1048.793611401078,3,10.903016659909229,1,0,0.03673075,0
33.13271658438938,9,362.5477956682601,3,6.6311680917817695,1,0,0.07281815,0
154.34739721462094,10,609.396334180172,2,5.586582712329749,1,0,0.034539223,0
43.15221295202603,6,263.3974039149645,2,0.9481212274693126,1,0,0.10100942,0
39.920629497805095,12,263.116318744238,4,7.032416641456465,1,0,0.064378306,0
14.563615504398411,5,1273.7459797477886,1,5.2675172578746325,0,0,0.038440872,0
27.41855555460321,6,1011.5555475919712,2,23.93746132380941,0,0,0.04999201,0
79.64527765067803,2,174.7555682281207,2,11.70188570440704,1,0,0.15736249,0
9.84883417453181,2,810.7909314877018,2,25.8851386542828,1,0,0.10568678,0
70.07905832014231,9,214.03206994586895,4,37.17201944329888,1,0,0.117028646,0
51.86353547681034,11,215.79636147543388,2,26.10969550738736,0,0,0.096677266,0
48.30627243232036,2,217.39134340499533,2,9.667864975381518,1,0,0.15789647,0
4.028958092037883,13,520.0599100397978,1,30.53330563979993,1,0,0.009375502,0
33.00823515103458,14,874.6738083297311,2,12.550880483643173,1,0,0.05139741,0
69.98353553149215,8,205.38260829893792,2,3.885886894599168,1,0,0.06984877,0
17.065263839280096,7,1071.4929282047494,2,28.12273110663066,1,0,0.07203932,0
40.05713055930792,5,716.3447955487575,2,4.61646451744771,1,0,0.09126122,0
3.393720224154361,18,261.8183886412785,4,0.7814235060465597,1,1,0.054342207,0
71.62133728094084,14,501.929775268932,2,16.739525165587374,1,0,0.036995377,0
18.86988359026853,22,57.59931345033655,0,17.73821303860541,0,0,0.015138945,0
87.47534196782082,17,453.9267729317646,3,7.818325625427308,0,0,0.59971714,0
5.79626488098816,21,281.3057665058077,1,30.65714549075085,1,0,0.003990193,0
73.13209952243633,8,114.22006171333096,2,31.532754964579127,1,0,0.04779214,0
28.87744129692428,17,694.79549532714,2,5.092638831195058,1,0,0.0321957,0
82.07256522225298,18,294.4593636311346,1,10.47272493601741,0,0,0.09773554,0
14.502052815488293,18,246.88160165472183,2,45.17846337692632,1,0,0.005033567,0
19.71821790687136,21,384.6941701583192,5,11.435844381889536,0,0,0.48656178,0
344.62309611706524,2,143.94177725713894,1,6.464905555568272,1,0,0.05194979,0
15.959397641723385,0,180.34383378206297,4,15.062394557917711,1,1,0.99970156,1
18.06493547180005,23,469.3292413810568,0,5.690927669367031,1,0,0.0076285675,0
27.7550543635717,12,1059.6657249197694,3,10.683658323544693,1,0,0.0864185,0
13.163413466016353,13,808.7645011850503,3,12.090452383388328,1,0,0.04999639,0
120.35633323892066,3,400.2203399167315,2,32.78102385073383,1,0,0.097097084,0
205.4110953318557,13,551.7703633239823,0,43.43619280443608,1,0,0.04221328,0
18.099674115056164,6,364.5251454372399,2,1.0452015385255145,1,0,0.10450753,0
6.51409194010901,16,427.2990034304048,4,5.477894060088427,1,0,0.038162176,0
118.1526346985045,2,157.23046946936682,3,6.106164425418115,0,1,0.9963483,1
110.8735665243516,4,366.55911363783054,5,37.32732039172183,1,1,0.9637821,1
83.23427250702325,18,906.5310848982862,2,43.78030658780142,0,0,0.6257107,0
116.3393596973832,11,868.2962288616832,0,15.472191307094771,0,0,0.4061828,0
15.370878829860924,2,367.8743214618133,1,45.19948428842442,0,0,0.020617941,0
30.923103522209257,2,710.8022261635506,1,8.231695695172993,1,0,0.060093593,0
9.169570023197204,7,326.50721895573594,1,9.969099877830384,0,0,0.00914825,0
8.862573369005727,22,597.2730114653225,1,18.895315161589515,0,0,0.0108901225,0
97.62184667651054,11,110.9048460325958,1,4.614790252572669,1,0,0.053684145,0
18.69183387967634,11,857.4585768084582,0,7.5071464614176815,1,0,0.023865974,0
357.65598692000407,11,465.2672377532661,0,18.542054002740016,1,0,0.02722752,0
39.41632655270042,3,26.617931537762523,0,18.60682483470844,1,0,0.020640157,0
19.289775424207697,4,217.6769631987258,4,1.244661627922342,1,1,0.98989326,1
81.27879868041427,23,1179.845304568997,3,7.813047940922047,1,0,0.021675471,0
221.6860867612199,2,562.7902056737239,1,1.7600250540291984,1,0,0.03166332,0
59.50920220050443,13,414.51004180989673,2,47.18867623079278,1,0,0.013357662,0
10.83579308837672,7,990.6443269389574,4,2.2905420606086206,0,0,0.34505928,0
53.03769047691874,18,524.0105728415002,3,9.000709951665693,1,0,0.031305816,0
144.83541967678397,4,373.0319864946812,3,17.636719361894844,1,1,0.89566827,1
22.34849656414945,19,324.14551580475745,1,13.679381163067712,1,0,0.011912575,0
16.883858422656058,0,558.3247268928192,5,5.839944105363891,1,1,0.99894696,1
101.13415586586837,16,148.73050184545357,0,43.44942633425754,1,0,0.0143851545,0
42.09663212687151,12,590.3481839774919,2,46.94595226277002,1,0,0.01641718,0
12.151564140169809,10,1033.031025964577,3,37.24903846507421,0,0,0.055947147,0
25.03446307101391,12,1779.97674315967,3,16.966654664844725,1,0,0.14257978,0
17.190166565706303,6,141.08285754505482,2,8.087274893576058,0,0,0.055972982,0
49.21845549608116,14,735.2860700501491,2,2.0718409114340943,1,0,0.048348147,0
40.84091973520477,1,337.4938414246884,1,18.86364464048373,1,0,0.06793852,0
115.63596723079309,15,456.0835339753895,3,33.94154368622749,1,0,0.033016693,0
74.41555867718378,14,876.6914108999313,4,6.37314451473736,0,0,0.25881767,0
7.663478599811903,19,365.1384137132691,1,4.384551820915132,1,0,0.013902373,0
54.98115727070484,2,995.3563341853956,5,8.492697585108328,0,0,0.97193974,1
89.7414106454155,13,158.0986808785647,2,1.2111092244276604,0,0,0.16703744,0
57.73590596331205,8,577.2324690785675,1,44.77008313853752,0,1,0.298368,0
102.52018020813424,11,74.82003809042133,2,28.04234405408856,0,1,0.6868684,0
21.12427825741053,21,123.93167461485916,4,13.156250803034414,0,1,0.9872132,1
14.14226982531701,19,389.07910207083705,2,2.665871018091376,1,0,0.018511327,0
92.76505675027292,21,461.11673921750537,2,17.774526723293018,1,0,0.016349297,0
12.61056971422672,22,366.1631223077703,2,15.425487432665836,1,0,0.008477737,0
4.222648201889411,19,837.9218789536346,2,26.144318347233508,1,0,0.011677216,0
102.03337285837692,13,560.8882825519219,2,17.908585390756397,0,0,0.1934348,0
17.73987754918311,4,199.65259864984424,1,2.1679470561000174,0,0,0.028308898,0
26.94866605208645,11,426.5196158407721,2,5.231610277085445,0,0,0.03552375,0
9.043268346065116,22,282.33331591244087,3,30.80351106663349,1,0,0.009891935,0
9.72278804253756,5,807.539253202536,1,19.87072700339248,0,0,0.018611822,0
11.512243923897689,3,613.8258625914197,1,3.248830074113372,0,0,0.03252572,0
25.517134004424918,17,128.10024687895552,4,2.197786575955653,1,0,0.08868487,0
52.98448189025418,22,624.2535794707106,2,47.24397940801724,1,0,0.007438248,0
3.677336762152982,0,842.0800821830842,2,26.94153581346364,1,0,0.10502069,0
77.64702024023579,17,315.7795706394822,1,9.733400717037556,1,0,0.028574547,0
11.223410692742847,19,629.3886436454699,3,66.60888495182013,1,0,0.0050304015,0
12.599891994378076,23,173.48399500914593,1,3.32685141568307,0,0,0.027428925,0
72.08567830942647,20,894.5293222044601,0,2.183732472379153,1,0,0.020331796,0
33.96620526405428,23,229.4083006606184,2,3.4922239233658185,1,0,0.017456416,0
7.874000167226175,3,384.1138024322742,4,0.8279425691522062,0,1,0.9878051,1
231.50296639242663,12,940.6380091519763,1,22.51749779233661,1,0,0.03263392,0
15.477361301295376,19,206.79669757512585,3,20.112693282477597,1,0,0.02217624,0
46.86710071207919,7,507.2074724930312,3,14.086376699907555,0,0,0.32907945,0
44.69628321491153,19,738.9248115988881,3,5.703068193565155,1,0,0.031545445,0
150.10381607439737,22,438.176111854782,1,5.204083154713231,0,0,0.18613558,0
23.204150523682863,21,160.83432933161123,0,0.7557477425504134,0,0,0.01921093,0
100.29237642803466,7,587.6838224178109,1,31.933945204826514,0,1,0.7933223,0
17.428564143498594,19,1222.4707423464724,0,5.168558999604212,1,0,0.022382287,0
112.40729736206504,7,990.9529016749502,2,7.14174098039342,0,0,0.1396151,0
17.064757474958597,21,351.25240918500504,0,10.08764673798914,0,0,0.011047513,0
25.47737749593428,13,862.0415125978205,2,5.772341775911712,0,0,0.041613635,0
243.7069668167607,19,368.78427603235065,4,17.44016001007832,1,0,0.032682426,0
50.24803230777896,3,359.4931214683306,5,2.660462437399767,1,1,0.9890069,1
40.84396083100672,3,474.35163604406335,1,4.73984958714015,1,0,0.056704637,0
344.48456142629465,10,611.9214984427301,1,19.62113737706505,0,0,0.5930331,0
52.52854173846311,14,84.05228756736231,0,5.239181805399638,1,0,0.027157059,0
16.181404171698755,3,183.51733912285889,2,20.93111917624024,0,0,0.08304673,0
76.29657115535967,6,330.7680193515148,4,6.840876661669709,1,0,0.64494526,0
11.22697183727714,10,145.88676532261042,1,12.85374223878036,1,0,0.018143302,0
113.10499411108864,16,356.66831988837635,2,9.79867149464023,0,0,0.19272801,0
122.23895294577964,21,421.4602689615772,2,3.696057849459234,0,0,0.15958542,0
20.63607631364506,18,496.97765651909685,2,94.14816491459425,1,0,0.00174827,0
19.532859515132056,22,739.5502899976211,1,33.69051729275864,1,0,0.0066872993,0
43.66313975715362,22,357.8941252373142,2,27.20569211003013,1,0,0.009939028,0
37.119971932129616,22,151.72669779467373,4,23.812861819325857,0,1,0.9796855,1
13.76752259219906,20,123.47521405836568,5,1.8202638551516237,0,0,0.97998697,1
64.59182574446903,17,242.3170055233292,2,6.766988380171135,1,0,0.034425005,0
4.74990350800588,13,145.99976134150648,3,15.35498925707902,0,0,0.9296953,1
23.739505086966613,17,442.9969236993869,0,13.04252684342076,1,0,0.014445701,0
24.436038617598392,22,202.675019419627,3,5.689335182718193,0,1,0.9572666,1
27.847256411751275,10,294.2905856025335,4,3.0875019509091093,1,0,0.06580213,0
49.76061986143387,8,366.247870934124,4,17.78221756818059,1,0,0.10347102,0
10.718568095938103,21,950.5037555615352,0,6.260989494766672,1,0,0.014142443,0
65.9248253646732,16,506.7241752675769,0,13.058270107575709,1,0,0.022520483,0
30.564707225307703,3,591.7322166965159,5,16.05659130518733,1,1,0.9846125,1
19.1018251520535,6,432.9018276503559,2,29.60316906952845,1,0,0.040750224,0
9.329429493962348,3,384.0920322348282,3,24.65661990643452,1,0,0.9729825,1
11.21094718617882,22,623.5641601587014,4,54.49167249132978,1,0,0.008613023,0
52.47436538811359,2,1035.7476288159835,5,8.66921378790347,1,1,0.9820255,1
13.959368926270772,1,730.4005838182532,1,18.452375465942318,0,0,0.053447444,0
39.02485293263107,9,431.8903329094426,1,14.89653772402318,1,0,0.035983074,0
105.84576155207228,10,635.8451271779467,1,0.3714930188182885,1,0,0.042967815,0
102.78532761420452,1,1228.1510218245562,2,56.11509100458117,0,0,0.9375337,1
174.23360578431073,11,1024.1098701655244,3,5.488743172095482,0,0,0.24793181,0
27.213323188440068,16,118.38553272472384,1,47.53681866430984,1,0,0.0058454587,0
12.36476540365023,18,1502.689476643532,3,6.480697104556854,1,0,0.04665632,0
101.54738231454328,4,353.0695952756789,4,15.672654110575866,1,1,0.9669489,1
49.87918844367572,18,390.2803554674496,2,12.848590604157236,1,0,0.021581674,0
112.61226667838736,16,86.66615502517016,4,24.872782188393327,1,0,0.09985443,0
37.00511221430181,21,732.9720307155827,3,2.419052679420393,0,0,0.12208942,0
120.98251420633709,13,60.92287030937059,1,13.986220011711488,1,0,0.05427665,0
85.31816789648023,2,525.085702969164,3,10.293447508485414,1,1,0.95921886,1
74.92000193606285,16,791.8006944186674,2,51.08204745128992,1,0,0.01448376,0
60.55323392849314,19,878.8569283466078,3,38.90487174219214,1,0,0.024178505,0
54.47266479932531,16,225.44744458180205,2,2.0058720490743105,0,0,0.096758164,0
46.20258768489224,13,309.56523960944656,3,6.016913157011867,1,0,0.04879006,0
45.87435468799302,18,368.35051484059954,3,4.067536926559612,1,0,0.029778473,0
98.51359860569796,21,344.9914421759455,3,5.21842678636042,1,0,0.02251217,0
21.933613564731424,11,183.084979511322,1,41.09118945875352,0,0,0.017953526,0
207.61494458279617,10,546.5384707832338,2,7.662280700185152,0,0,0.27235323,0
32.90937115137939,13,400.7463001042705,1,4.316444673669296,1,0,0.038305555,0
98.04065063765049,16,1118.641876907035,0,10.020596337635542,1,0,0.030413194,0
33.44020144298805,6,479.1533805202367,1,21.255646636446777,1,0,0.03260663,0
28.597920476480983,2,307.50097250830936,3,28.122916080609603,0,1,0.9800095,1
279.2874353519825,12,146.64244743613162,2,6.90317131672015,1,0,0.037055206,0
26.86045726056899,15,55.553435758585714,4,28.126321821842225,1,0,0.07737827,0
10.204035071665324,2,265.0856996387716,2,15.724973377838555,0,0,0.091644935,0
17.920007767111727,4,272.2497715696706,1,34.12593773735435,0,0,0.012057277,0
26.649544179098783,22,163.6142030227861,4,8.125051521369404,1,0,0.055859555,0
315.826133814314,12,262.983764611922,3,12.734415484685895,0,0,0.90400475,1
45.00420510608439,22,547.3684368986085,1,1.814459763992236,0,0,0.038052797,0
93.19680125453624,17,242.9295690429641,2,14.856184979657524,1,0,0.03337541,0
13.442213858169929,1,309.7052563139152,3,16.406817114220498,0,1,0.9894069,1
52.071006136791226,3,113.86298334233022,5,25.423507872929957,1,1,0.9957703,1
71.62744770884467,0,1244.480722492941,1,50.25149008843954,1,0,0.082567364,0
221.7669277714828,20,459.2404236531103,1,0.786896589279436,1,0,0.014332113,0
18.242053338191127,9,206.0558071018984,1,16.64655675644177,1,0,0.017984526,0
66.91943697598228,6,652.3778677106039,4,63.49596559621233,1,0,0.63367546,0
49.53026557330005,12,443.79434356789113,0,1.1576906476335314,1,0,0.027707826,0
13.174528278104908,15,308.7928363602775,2,0.203319283651684,0,0,0.03771273,0
35.89305290647408,11,535.6341492491626,2,60.150049099608815,0,0,0.14008549,0
28.121237968664275,1,798.0328324764249,1,47.02878782036298,1,0,0.037849955,0
3.577393898664388,8,493.3346230833346,3,8.132712687872305,1,0,0.10698662,0
66.59763886112519,9,921.1996053583932,1,6.425632718402701,1,0,0.045521166,0
62.81811075667593,14,390.4967008569274,5,5.088961601214709,1,0,0.042016283,0
23.595716846469863,16,310.15077466423844,0,19.600387004832054,0,0,0.009561837,0
9.59688009343001,9,1147.4009483168634,1,22.64883922954789,0,0,0.020392345,0
160.75490359518335,7,354.8098856069369,1,6.10527355707534,0,0,0.31048262,0
47.75096553706376,9,679.8779247860763,2,32.393016535120935,1,0,0.039424524,0
101.15978475297813,3,366.1341387613514,1,9.18284009534862,1,0,0.0510537,0
149.95298276114,0,182.09646881305807,2,59.98731588338579,1,0,0.4571309,0
21.73868116081508,4,238.352304745525,2,1.3905095235828966,1,0,0.15067157,0
82.44690683374135,14,228.46516229645056,4,5.230144683399778,1,0,0.07849215,0
28.756130702305864,13,1061.299079119426,2,105.3402435234439,0,0,0.24036904,0
34.37918721639912,1,136.3457765224249,2,77.01667996920979,1,0,0.061452072,0
33.59523976800782,17,324.54053108959147,1,0.0864953727438155,0,0,0.030801233,0
36.54999566331264,20,359.7950668824874,2,3.267067724490645,1,0,0.019328155,0
111.49282060444963,5,158.34478660867157,3,22.1495587485628,1,1,0.9392507,1
41.42263750500455,11,456.2985162732488,1,2.737516441182091,0,0,0.023629265,0
31.38302846163755,9,391.283211031848,5,31.459153918340213,1,0,0.0642629,0
27.756297974641,8,180.02417538606662,3,6.823426673278975,0,1,0.9533305,1
51.486217433671335,23,140.7556676042888,0,6.500079877998115,1,0,0.014310398,0
14.956289843765443,15,515.7271564613769,4,2.3785218904805143,1,0,0.04852027,0
22.139017939414916,16,66.19563853281001,1,0.9972612671937648,1,0,0.036300573,0
34.73401335758133,21,1806.7387148387968,6,36.88174852069032,0,0,0.03763302,0
20.78333965840297,11,844.3037795615123,1,4.506328594511357,1,0,0.042839043,0
32.50922343469014,4,100.79193719941884,0,50.98551034984673,1,0,0.0054768273,0
19.87024004132805,16,183.2859785122473,1,2.83228172520938,1,0,0.02832592,0
271.4988161689086,9,92.3139000338716,2,2.0109175116133016,1,0,0.045336388,0
138.24959910950767,22,21.434961070324277,3,18.71338938613833,1,0,0.0531077,0
57.39471139266461,23,948.4687778798216,2,1.047126633276313,1,0,0.018942641,0
34.68757250924694,9,301.9426006636763,5,2.4387161888326845,0,1,0.8927319,1
327.2630110671568,20,282.5633382616086,2,9.377495836917484,1,0,0.0166279,0
50.54949261233735,17,384.5168050993301,2,59.88409662580828,1,0,0.0060401177,0
33.55394667545288,9,213.12411789025649,3,6.438525379158262,1,0,0.07001306,0
49.55714146449139,16,621.0425518194747,0,7.286068127300068,1,0,0.023876997,0
49.69693227815505,8,198.81878938712697,2,26.6958598267978,1,0,0.041723795,0
149.95236942196198,19,300.5740050866209,0,7.1770398310766135,1,0,0.024051733,0
35.91070022590279,19,267.8711801538412,1,48.37090691035869,1,0,0.0050415974,0
298.6656809937552,22,209.80311277849128,2,35.45576194400092,0,1,0.9222806,1
15.149669855447277,2,428.8970071841826,2,10.28302956933588,1,0,0.15030034,0
73.26259781402297,17,497.144163760976,1,2.056330154738096,1,0,0.02891374,0
13.439165244100977,2,84.43791660036555,2,13.502600262751663,0,0,0.15076482,0
225.22523740674828,19,1161.414068721449,2,25.902685294056475,1,0,0.021725109,0
26.29646609402274,13,887.032216239218,1,13.066284260038255,1,0,0.04157248,0
34.52938595106958,11,93.62228048815976,4,15.49772286182095,0,1,0.99145716,1
92.2255222550331,13,981.9553189641324,2,17.133198622400094,1,0,0.054974757,0
128.42443591688647,22,200.9902681949788,1,4.342692901766187,1,0,0.025723051,0
12.038660305853185,13,327.3104479016385,4,14.570098772016136,1,0,0.041013323,0
25.889591319090822,22,529.9482869591361,2,12.009227708372103,0,0,0.03652519,0
9.070947529563856,18,313.2130094586599,4,0.4596295054967715,1,0,0.049535766,0
41.9846951790902,23,707.2607705756064,3,2.058104309255309,0,0,0.10322108,0
33.07003101520903,21,386.90853590171065,2,24.296658039517016,1,0,0.010183443,0
25.817846490653857,1,153.11635266748416,4,6.400415987107503,0,1,0.99940944,1
18.45875273731365,9,90.05530564314691,2,28.37714181143045,0,0,0.048267033,0
24.880728205491785,9,139.99135421100837,2,14.811877600522172,1,0,0.034600303,0
17.350210888392105,7,622.4805432027018,3,1.5655070202360852,1,0,0.37382576,0
62.11340592348637,12,812.7448018087654,1,6.546744187084754,1,0,0.04680834,0
166.65903974961722,20,665.8480706710247,3,2.558057916094701,1,0,0.013192816,0
5.308322603296099,3,765.495407361673,2,23.59239790115556,1,0,0.107694246,0
32.59087965113886,5,1645.2333814549795,0,18.16159881131168,1,0,0.057536405,0
24.09075666141696,7,613.3596404379686,1,8.130456620970122,1,0,0.042082977,0
59.88155863380284,21,832.6770130285305,0,34.12251618681009,1,0,0.0104153305,0
14.12905029752971,2,84.11502555155863,0,19.232760604415823,1,0,0.017630072,0
31.612865357609767,16,271.5738008158542,2,18.34201532951109,0,0,0.04195302,0
12.941093844356558,4,999.075242006717,1,14.413402218028388,0,0,0.03250966,0
73.45682682288638,20,152.278336202375,3,11.878057015007483,1,0,0.041578922,0
40.41797573555554,22,323.95004895193176,2,17.16801717868348,1,0,0.012080532,0
31.141004842685447,15,19.83131341930305,3,10.196924683610852,1,0,0.07793048,0
52.99448910581487,15,907.284957378011,2,7.76496777337105,1,0,0.04689635,0
28.60314553070268,2,893.406879315377,4,0.1396149536377885,1,0,0.9895421,1
7.738276721591509,19,866.0745560656308,3,13.33807488080061,1,0,0.023105752,0
66.40221470607226,17,282.9520768152938,2,7.157706948788075,1,0,0.031428926,0
48.82635216336819,1,349.21808797998693,1,15.334166236327428,1,0,0.067872405,0
31.372145036376075,11,397.1438416344553,2,30.466344142090147,1,0,0.022329496,0
97.99583038107762,11,332.97721703064866,2,17.447895996633786,1,0,0.04263053,0
123.77873169233531,4,155.08623787922173,1,7.033525527866965,1,0,0.05503702,0
12.276874439831683,23,282.3508170188416,3,42.29013592780896,1,0,0.0067098388,0
16.75880728286564,2,557.1597029994506,1,25.59675579830717,0,0,0.028136084,0
171.96399023016957,15,1512.5730179089064,2,45.47848089386217,1,0,0.105642416,0
151.23756317550368,6,208.1659457083808,0,3.7404558015251896,1,0,0.028740223,0
17.489607920280285,19,143.08404236936278,3,27.37907964134004,1,0,0.022248724,0
11.237877001587323,3,888.1485982671878,2,22.10611389582619,1,0,0.10995777,0
19.344970172190827,8,562.0453826740385,1,0.5317758802512761,0,0,0.016416285,0
22.23980259418824,3,102.98915395518664,4,12.179243586792344,1,1,0.99834955,1
7.507737595398367,6,552.2377552357252,1,13.701306873161128,1,0,0.03659019,0
37.75686270751948,20,164.38110421159416,2,11.136262738552452,1,0,0.024480138,0
10.173853941658775,19,152.80825838457287,2,48.48870911008378,0,0,0.026566315,0
10.909242328048675,22,266.7208062659142,4,10.421253281717446,1,0,0.035965238,0
91.47872414753932,5,1133.194489542196,1,18.18941720056191,1,0,0.044682223,0
18.48224838225377,23,589.0936281207487,2,10.342398447510051,0,0,0.028874129,0
34.073801954384805,19,358.374693551711,2,11.279702733184276,1,0,0.016831588,0
68.65516428488219,13,207.7806629004157,3,22.07878413970471,0,1,0.9559604,1
82.53513422609616,12,42.570860112379904,3,3.974813395196512,1,0,0.115573786,0
26.127277178333216,13,52.12060821095498,0,1.6527408516927002,1,0,0.022680184,0
38.24900239112334,18,116.91157013652044,3,24.767425504423283,1,0,0.035364944,0
16.032116804812674,1,212.04263286713152,3,0.7182300079292245,0,1,0.9978278,1
210.05716258422157,22,808.5009403861914,0,16.230554538124316,0,0,0.48313394,0
70.10189438855116,2,174.4882696151145,2,23.378162380013134,1,0,0.15452397,0
12.143089227119589,2,175.5127364231933,2,13.08296774351415,1,0,0.16992119,0
36.74705068086104,18,299.48107459465086,3,3.656476707729773,1,0,0.035139017,0
74.70534835444121,11,883.0866960913498,1,6.106754800199308,1,0,0.04676313,0
59.11064144938607,13,362.685009875873,2,11.36959925566338,1,0,0.039172668,0
227.95998702305783,9,210.81235038201976,0,2.355653119866813,1,0,0.03026252,0
144.3612896326586,13,102.29076097531146,4,22.777030120250675,1,0,0.10479732,0
21.34235385284747,17,67.19873267513347,1,0.4484619591222661,1,0,0.033927433,0
33.47568985858606,18,75.65710332688982,3,30.34737619135416,0,0,0.98560137,1
10.160001675114668,17,766.0267739567528,1,2.163562181711701,1,0,0.027945986,0
46.96736425144592,19,614.0127733197389,2,4.988730270898353,0,0,0.05634467,0
42.56452072975035,18,836.1338739973462,2,10.321886481766493,1,0,0.032817904,0
546.4718860320048,17,295.4615600491343,0,7.674899771876852,1,0,0.0064909505,0
40.34934268342303,18,881.5780101201276,3,4.372912585907241,1,0,0.03923323,0
4.512032058564916,0,646.6354193181865,2,3.5356981774285043,1,0,0.13131726,0
18.6885962809808,21,244.6583352972609,1,24.67594258554218,0,0,0.017480543,0
40.94989358034278,13,719.4068608741786,2,1.3044296252675798,1,0,0.05264248,0
10.42268527861865,11,1126.9828845112602,3,16.153753397441868,1,0,0.094802596,0
15.375761116022028,20,45.7614896347235,2,12.224516650889596,0,0,0.059936035,0
25.39022333282653,7,315.4089637249235,3,25.961456297135697,1,0,0.1914841,0
51.51183744021836,19,857.248892039296,3,19.927097455561828,1,0,0.03365439,0
31.020801289188835,7,492.4295614502018,0,15.507441135557546,1,0,0.020045793,0
15.040815100318405,22,766.1144787158239,2,3.068154093023262,1,0,0.016214909,0
80.45364937978327,22,381.4685487463273,4,8.040959382174604,0,0,0.81262076,0
21.3352908798632,12,487.4124161008314,1,21.809496152120825,1,0,0.019092618,0
22.213298844888843,20,459.1871087749189,2,9.044720420383012,1,0,0.015111455,0
9.210539332958527,12,584.8420775196263,1,27.875989652281547,0,0,0.009715604,0
16.676228436409648,11,221.72910074366243,0,0.5436894991361128,1,0,0.019912558,0
70.22972088646468,0,436.7744035124603,3,3.536449665211962,0,1,0.98541117,1
7.25974599613397,8,88.11720459012611,3,11.715276447435588,1,0,0.09713885,0
34.08393999178218,12,591.0549648958967,4,12.220873088437411,1,0,0.06783436,0
75.01777033529248,3,262.63499007042293,3,9.904846282058717,1,1,0.9809265,1
25.10059102998198,13,1092.5568492874586,2,7.346611544034909,1,0,0.061346438,0
46.51572922995041,8,1056.6723850544,2,14.650546735812792,0,0,0.065273546,0
11.979609409606114,22,169.4758741821549,3,29.02626671252255,0,1,0.92404366,1
135.67711413624238,4,379.5327951720856,1,2.3228321148622912,1,0,0.03986275,0
110.062714605172,21,178.4696644955254,2,30.58821409230187,1,0,0.01877477,0
46.31653770563359,19,160.87331092232824,3,8.677956158173536,0,1,0.9770007,1
6.32760077666103,1,611.2150420053424,3,5.894282404236609,1,1,0.9911917,1
12.858919078755797,17,588.8341601725823,2,4.194423964731939,1,0,0.026583068,0
97.193424687604,3,774.5559397161757,3,12.64620942296746,0,0,0.769387,0
202.98276831249245,9,197.53317380654795,2,10.957879701246192,0,1,0.5499272,0
49.23552619130037,9,352.7131193922053,2,8.001428634122197,1,0,0.056644663,0
127.39836813081013,3,654.0025493019913,1,56.18386842777156,1,0,0.056625944,0
19.930242397184426,18,575.1073400322907,3,15.845942062633576,0,0,0.15518768,0
30.28379779889012,17,101.40769216846653,0,6.1073576441747415,0,0,0.018987205,0
36.640269809063774,3,146.9312824369091,3,24.460823258030896,1,1,0.9920974,1
55.87386579378255,9,557.7229611868157,1,44.96920973473926,1,0,0.01644742,0
7.934262520274028,18,988.2714165462708,1,66.09849322144531,0,0,0.027189592,0
93.75329796623588,17,197.26813051516731,1,21.79466970443967,1,0,0.026103774,0
137.35195475514394,14,234.88250038214989,1,14.011949566418016,1,0,0.04097531,0
11.603013526722956,13,137.48202480415773,3,64.49844849777979,1,0,0.012079371,0
9.437209463154463,21,503.2575077404582,3,15.687445853770608,0,0,0.21342139,0
51.96446474128768,14,96.07093843661244,7,12.062778517507134,1,0,0.046778265,0
19.02374800860681,8,234.6271319422337,1,5.240147380615757,1,0,0.033200134,0
3.418392178895844,11,196.5166478715921,1,1.5115164839094788,1,0,0.0290977,0
82.15301262242077,9,582.5347743281778,1,5.402155205333636,1,0,0.046955004,0
42.75962930422816,3,108.15355832910625,3,19.25956933028505,1,1,0.99272174,1
22.722440448526694,1,495.5895833372276,1,19.364289023804083,0,0,0.042218667,0
302.9125932316063,22,254.34537555601088,1,1.7200920401693325,1,0,0.013617121,0
42.05188662653422,12,173.19668941965693,2,2.6022584326586022,0,0,0.08147789,0
17.22858528822236,23,243.4392823484223,4,5.727066490012462,1,0,0.040312324,0
40.49391889509496,18,310.65362354595914,1,17.512284488387632,1,0,0.015408888,0
12.9349213157433,17,1104.7578087364138,1,21.95486264473259,0,0,0.019036861,0
17.08657770843931,12,216.8421711133884,2,45.72904347188649,0,0,0.026749145,0
53.85863815320708,11,779.7560380351499,4,15.978697629094292,1,0,0.09275397,0
21.026883670577483,12,285.7343241626701,0,26.420128892914327,1,0,0.008071415,0
23.313344595136552,18,162.55072237993866,1,1.0796203830147997,0,0,0.030357156,0
194.21093473564383,21,363.2594587631043,1,40.3426964981732,0,1,0.9719925,1
86.45713856260029,7,167.55930223547864,2,8.715447227725198,0,0,0.1993223,0
81.6813596770502,18,1851.9879949174824,3,1.7480246332267333,1,0,0.04504115,0
62.10439144863555,20,25.576881779362715,2,10.149723468884234,0,0,0.21542566,0
59.3944959751406,7,245.68744666257987,4,21.637395245694844,0,1,0.95363593,1
157.05324671603586,12,560.9422103110002,2,13.002111091792589,1,0,0.033066124,0
35.88983163557136,22,152.47110792958398,1,10.491880327022258,1,0,0.016063357,0
234.0451685916906,12,334.4379360531057,2,38.65628960590616,1,0,0.06799804,0
14.134213280404612,17,54.57105705665781,0,4.851721909815793,1,0,0.01671373,0
28.359506841324407,1,107.94673013850792,2,20.46867029898234,1,0,0.17474496,0
9.220263705503836,7,475.8012758035477,1,24.968020075348104,1,0,0.016753538,0
25.951436909320343,1,477.1722985024324,3,8.254782123024738,1,1,0.99360293,1
61.4634342503975,5,350.6005796575283,1,7.663439705570836,1,0,0.04686321,0
156.2171285532925,4,225.77188939696023,1,10.877246211004136,1,0,0.048225284,0
18.853007718017267,16,163.54614895648382,1,19.33651879140664,0,0,0.01640691,0
36.79288461398982,3,939.1556106524024,3,11.274897836332087,0,0,0.81407195,0
25.55389114008787,12,116.95031928767108,3,67.50314308938522,1,0,0.023267431,0
17.485991230010917,0,29.380496929719268,3,18.239334825183,1,1,0.9993143,1
11.140872429322728,14,259.78221679533465,3,16.340864548777468,1,0,0.028501838,0
38.8870451386078,15,622.9071903602074,4,5.754446280779353,1,0,0.060645573,0
6.474911888665082,3,332.31737645625606,1,6.717562087423808,1,0,0.06827827,0
40.87600233297884,3,74.14784723943485,1,22.73414661570355,0,0,0.03407431,0
37.373127700559714,18,925.772222846102,1,2.406844824700896,1,0,0.030357508,0
18.95844921599024,20,221.65955787066173,1,13.97892319365246,0,0,0.020016594,0
13.317732662499814,20,157.12921067519713,1,39.84525543616104,0,0,0.013415336,0
9.167757586786305,14,300.94923092707074,2,19.555019790344748,1,0,0.014993571,0
237.7758471009332,10,394.4048946210782,4,11.39106832427088,1,0,0.11227385,0
9.564209322051784,17,666.7173397361936,0,8.050579547555031,0,0,0.008034445,0
173.76474767537917,7,217.67832809734887,2,65.51885872118368,1,0,0.19446817,0
66.69731917716975,13,340.42571257029334,2,23.295510100146203,0,0,0.11268332,0
25.43125760260356,23,410.9949301309339,0,78.32874423897653,1,0,0.0010890876,0
11.506627299334518,5,1288.7684718968826,2,39.60042927490312,1,0,0.08191545,0
103.8028572514312,23,292.2432822070299,3,28.213712733541435,1,0,0.017553704,0
206.3659804749091,17,580.5940934520715,2,1.8934964975802495,1,0,0.014418929,0
14.381973630769284,2,170.62192020628015,2,16.03943843506884,0,0,0.11580217,0
27.146681054009274,20,597.9467470845487,3,22.788680143503345,1,0,0.019423539,0
104.7549449443205,12,938.5752541453664,2,31.02148119086288,1,0,0.04416448,0
51.20224404182225,20,690.8978474447359,1,3.036857635370779,0,0,0.040394817,0
270.4158491458484,10,302.98653620179084,1,29.573708178635027,0,1,0.9321117,1
20.69424310100387,7,462.2883386958735,5,54.41330117637905,0,0,0.8423121,0
62.94688077127559,6,298.58869623133955,3,4.741557011168511,1,0,0.67704266,0
10.475843944515551,18,200.9728087879535,2,8.73717872369296,1,0,0.020492718,0
297.64209181233724,12,643.6696388092745,2,19.08140439098479,1,0,0.034912083,0
17.63100831148673,6,1024.6997435871965,0,42.96468928885093,1,0,0.016230037,0
4.023020427788419,16,346.4199961858415,5,25.15619620139118,0,1,0.7657427,0
32.27316173314989,2,273.9379093240105,4,5.708623551533216,1,1,0.99767274,1
31.83509758772176,8,653.366020951129,3,48.80090666916579,0,0,0.199395,0
248.53197581281145,9,148.7710522692928,1,2.656390841543373,1,0,0.036062714,0
26.08030298766754,7,567.3785258428576,4,2.9379686726491427,1,0,0.38740864,0
36.13840881590435,13,323.93610569377324,2,3.0034862217553315,1,0,0.041043587,0
66.25022571721182,20,442.3640267433207,1,0.1196512281072577,1,0,0.018428251,0
178.8005042828794,4,1603.5057745319104,4,44.80714381490764,0,1,0.96745,1
34.35578389055657,15,1340.605837628392,2,14.72582511767847,0,0,0.049576968,0
103.4903005258548,3,210.1164461178584,0,11.060460577364228,1,0,0.030305335,0
61.44144380913709,7,203.55808419852517,2,2.74649157470724,1,0,0.080804385,0
27.214901300950245,23,605.950041817698,2,6.201932694881743,1,0,0.0127162775,0
39.54955497710056,3,203.7475546581564,1,6.93566040646715,1,0,0.06367241,0
37.6628379998689,0,510.6436500697439,0,24.35636575254823,1,0,0.03216806,0
14.643189755610472,9,402.1038816041804,1,10.900366952765904,1,0,0.027345074,0
123.1841948662055,16,707.0653314931943,3,11.032143503076888,1,0,0.03036729,0
9.155728485057132,22,224.4755075187836,3,14.017440648910242,1,0,0.019121975,0
118.05716101441612,16,246.64970045204723,2,7.734054581947408,1,0,0.03926718,0
95.0515455436383,19,668.4365203628662,1,29.70652742350533,0,0,0.4633036,0
33.34643072579003,11,760.7063644780478,2,20.112876693593368,1,0,0.04705791,0
17.022834566077897,5,179.12725738439798,1,1.1413805468234235,1,0,0.06413756,0
29.1826663346954,12,59.00012106680099,1,35.67167090919406,1,0,0.012205787,0
58.719663751977045,14,408.0428885718912,1,6.076293531348683,1,0,0.037124578,0
76.94250382528047,6,389.5888606277119,1,10.095054013111994,1,0,0.04642055,0
48.760422211096696,0,142.26039781341075,4,44.141256360135664,0,1,0.999529,1
98.70507229385731,14,258.39039012811287,0,4.501630788292275,0,1,0.14272971,0
20.958942982826382,21,962.7439850855166,3,8.204730261726805,0,0,0.06398344,0
46.27382185537027,16,909.0374180530172,3,15.478916732447049,1,0,0.05273068,0
7.6266919207911315,22,1286.6210270577842,4,0.9742289554756968,1,0,0.023633095,0
78.54146161845925,21,180.59788069475687,1,9.170177215954588,1,0,0.025444241,0
42.656354385612886,5,352.8425251232632,0,13.528587336749876,1,0,0.023732698,0
24.153416083433985,16,113.45590259500608,4,5.118921686712777,1,0,0.09122285,0
116.92613594443874,8,658.3900518716771,6,14.480262112922055,0,0,0.5473917,0
73.07791120516396,16,283.3630721275078,4,16.786849842542196,0,1,0.9435797,1
2.189352325387401,7,231.89256025156823,3,32.19091709215286,0,1,0.6352041,0
38.08738969706611,0,613.4448801707119,5,25.853143831000224,1,1,0.998317,1
8.5418362587152,4,663.1015910220017,1,10.162025208795324,1,0,0.057221778,0
106.34195310007836,1,813.7806943946938,2,7.56444820194991,0,0,0.22887476,0
441.0132070267228,16,60.7391501684816,2,7.35115411333304,1,0,0.01642827,0
21.7903342683138,20,681.2763820095392,1,0.8549902383316808,1,0,0.019134732,0
39.43205848159732,9,1033.154666450686,0,10.749078990854812,1,0,0.02778851,0
28.4732891810848,9,649.2035141594445,1,10.376350207102494,1,0,0.039941948,0
51.97761328949333,0,394.1363030684546,2,3.123752776938433,0,0,0.23901094,0
69.72430847752064,19,159.98185094464725,0,20.35705490633889,1,0,0.018235056,0
132.58102083374322,5,467.02917312531673,1,5.486107427991764,1,0,0.037303206,0
13.634163507565583,3,229.9196010831652,0,2.844477666231596,0,0,0.013601655,0
176.20266034433646,15,181.90666687926577,0,13.432266412918771,1,0,0.03640182,0
14.418125696297071,0,128.54644737018313,1,11.118928535184391,1,0,0.0775825,0
48.28344263836551,16,71.96700643211692,0,21.750112245211856,0,0,0.047398243,0
116.57987257338272,7,636.9461990310447,2,7.541384528980669,1,0,0.053506956,0
74.67898583191021,0,277.2652061388709,4,5.9355135325264206,1,1,0.99891424,1
14.316676677592096,23,99.32802597149607,1,22.080538413070936,1,0,0.008985318,0
18.139218880999344,13,356.92846900263004,3,48.78306866305646,1,0,0.014094855,0
23.050076706520265,7,279.9759427015667,1,5.972182192613033,0,0,0.014527685,0
34.77263472196376,15,405.57601495269074,5,35.69686583477144,1,0,0.029144637,0
115.23266383644112,10,34.26972843912174,3,17.238968557917964,1,0,0.18127845,0
10.056191983042948,15,253.555093775354,0,2.648498652914498,1,0,0.01646857,0
58.36413092291171,19,557.714478005038,3,7.662057536382991,0,0,0.3029349,0
67.3546829622658,15,306.9051260682055,2,27.36065272223106,1,0,0.020777652,0
63.961972185322885,15,677.1687942455488,1,1.762345941242119,1,0,0.035985358,0
58.34107171671786,18,97.45811218697226,0,7.755596331777828,1,0,0.024194553,0
167.05416836999547,18,367.22989803822975,3,8.509631516327714,0,1,0.8438129,0
59.60910574549933,8,409.5191916045256,2,30.88662094583181,1,0,0.036139037,0
86.22492116771411,13,804.4951167935983,0,6.524865490710747,0,0,0.110627525,0
64.29915598340737,20,1519.8346932634254,0,23.545347226672423,1,0,0.033517696,0
219.8867921400182,12,155.8919669047607,0,6.901922785455367,0,1,0.5816267,0
5.475016341446118,10,829.967042263034,3,19.010407253785864,1,0,0.06913652,0
131.9085101190571,14,1039.5673584544015,3,12.922561080597474,1,0,0.03948101,0
28.190054142345,1,418.322654985912,1,13.7445133565055,1,0,0.0701571,0
27.64052905302015,23,397.340928258851,2,5.499948713799215,0,0,0.056171983,0
13.881031345840542,15,401.3664220388205,2,27.148841413819117,0,0,0.019157846,0
5.648017123644972,0,265.6320318762766,1,13.565270615399848,0,0,0.03487737,0
24.98074061164891,8,224.1069356423144,1,6.965924928319825,0,0,0.016710343,0
18.40655204223718,13,393.3550003134524,2,16.70914084336509,1,0,0.022191176,0
59.9897659072204,15,52.61180213303588,4,89.24771952577373,0,1,0.99926525,1
8.395849923716105,23,1205.5681332194365,0,14.3690766165386,1,0,0.009829309,0
153.1799202028414,8,358.9885966401739,1,31.54924557891913,1,0,0.04263308,0
48.0351888428964,10,136.6043654394627,2,3.212951478149592,1,0,0.065638706,0
28.56257539980942,11,410.93794121225295,2,60.256578701745184,1,0,0.0076174643,0
18.003688450378704,16,233.73848765955492,0,82.49126111033097,1,0,0.0013067437,0
16.65637364282445,13,1069.0121093342846,2,39.563211302478365,1,0,0.031704284,0
11.821416397462018,13,381.2159959222057,2,38.52776471671859,1,0,0.00967482,0
21.234756039442964,16,744.9266490066648,2,34.27171500833547,1,0,0.017271018,0
36.82034018484978,20,1067.3335811715503,0,15.25146433220458,1,0,0.02039115,0
30.65011917277016,7,243.3361171053304,2,9.822735936265632,0,0,0.045287747,0
8.895202853476643,17,1118.785703262783,3,41.01007700051413,0,0,0.053995784,0
28.05513718236612,16,176.22083286859427,4,22.776580706405603,1,0,0.05444087,0
14.981514653045606,14,309.5317866026284,4,0.7636659120680642,1,0,0.058602653,0
42.94336631068055,5,418.0931587120909,3,14.40424833481958,1,1,0.89389545,1
236.1936159406061,16,743.0147939030643,2,11.915630110407488,1,0,0.01841524,0
68.37605526489384,18,257.1063251587973,5,0.5826286221876135,1,0,0.06617278,0
26.759246072181394,7,540.3517550758457,7,1.8119974307961844,0,0,0.76746666,0
7.207461627336719,5,560.9520734855828,4,19.61973704019982,1,1,0.92927426,1
8.893099965918566,9,513.1996942305204,2,101.89364312478048,0,0,0.07672394,0
6.775252764779161,1,866.1055159500835,0,7.105831154165412,0,0,0.028679112,0
75.63873074199373,19,184.6513167240823,4,13.538597535454755,1,0,0.06871637,0
17.029219282338246,0,279.6624546203552,4,3.059476650773824,0,1,0.99894184,1
38.962523924182086,6,483.5617064934452,1,53.6203124750472,0,0,0.12604125,0
19.64820169743917,14,597.5253194424473,1,4.061595502169435,1,0,0.036983285,0
40.09279097127931,3,376.9971472309935,2,36.93503192468896,1,0,0.06974006,0
148.66227623873877,7,311.34634929971287,1,13.68095026054846,1,0,0.043446194,0
18.449809917936985,2,62.70553830627638,1,13.092839749797884,0,0,0.03433077,0
26.024662881381765,13,251.49789209789395,3,5.0175738921279125,1,0,0.049062014,0
16.3406536006188,3,204.3357164469041,1,13.163397910986376,0,0,0.022410847,0
87.75728716552533,7,754.6290321210524,2,12.002506879264065,1,0,0.06701103,0
13.12190288657725,2,580.3600923165535,1,18.135724314106422,1,0,0.0626517,0
11.78723015811576,10,629.5817597865905,1,22.08130942282005,1,0,0.019864311,0
9.137045049284511,14,1713.429400116354,0,10.134350373108775,1,0,0.030457294,0
8.94886300625782,20,1186.6835848789103,2,8.03268667100081,0,0,0.026653416,0
58.60935577314834,16,572.1541524598474,3,14.19255340516388,0,0,0.2789241,0
477.76788587814576,22,269.61677886863885,3,8.644155459094758,1,0,0.010595804,0
13.526134238645502,5,95.29828797112108,3,5.360517760530076,1,1,0.9424539,1
94.77880642087852,1,809.8891664365569,3,18.940003927366547,1,0,0.9461558,1
47.04511531748711,8,557.9585389930946,3,32.52935019604484,1,0,0.08589493,0
12.157878960678987,22,345.3647620979048,5,26.711335919122828,1,0,0.021060886,0
27.751792979332148,13,928.0897765237008,1,24.131537784167804,1,0,0.03158663,0
28.993837990693542,12,525.558112308863,6,26.75214162348951,0,0,0.29079115,0
18.34391860456427,9,441.1332366452946,0,3.479055818716004,1,0,0.02172107,0
252.29697697604652,17,560.7192433472643,2,16.876217925412956,1,0,0.022072524,0
5.440546037346257,6,64.18525967593332,3,14.858089273609856,0,1,0.98353475,1
53.57253061519117,22,1620.505647674111,3,42.277735146570215,1,0,0.028858684,0
50.98464355580767,20,928.578733461218,2,16.9732509549384,1,0,0.024911448,0
20.499157787932504,4,282.9091589063986,2,56.50132069882847,1,0,0.021717586,0
42.499948551444106,6,355.7888047818031,3,0.3011157151216851,0,1,0.82802474,0
88.02360073533427,9,503.5567313001337,4,20.9314320364286,0,0,0.55794305,0
42.63754211286256,16,538.643072332819,1,24.772642137214767,0,0,0.025908401,0
55.55232239712279,21,384.0595399679237,1,14.278543651051836,1,0,0.012785848,0
73.17925164180726,15,1327.366481670062,1,0.3616271670444203,1,0,0.039507672,0
4.796775923277414,12,276.68180805659534,1,31.86222001269786,1,0,0.007217044,0
160.5135119244307,9,195.1601994236661,3,43.73548674256463,1,1,0.58791316,0
357.20290087062045,21,634.3271901473239,1,37.20718764711872,0,1,0.8488715,0
97.59195421666352,2,817.3895776219293,3,6.636672573140664,1,0,0.8745841,0
100.8530626924973,20,1355.8723327630248,5,11.926511438022114,0,0,0.10223352,0
8.95089048334574,1,1203.020188652548,1,29.458819592109755,1,0,0.06351076,0
32.51077690630257,23,187.02349310641813,2,11.512755968478809,1,0,0.015416546,0
16.247778428854417,4,692.3258416948282,4,9.214998732424132,1,1,0.96534693,1
20.34440101552395,15,1053.7100442376593,2,0.1398931810761363,0,0,0.04168177,0
96.25846419276763,0,747.7231116371532,2,49.523803866837866,1,0,0.14832985,0
16.38062792843805,1,274.49543528398084,3,8.112857118823023,1,1,0.9966703,1
32.1334873923544,20,736.4475024799254,2,6.952408839176317,0,0,0.044995826,0
5.427177919171871,21,568.121094095979,1,2.725032783184672,1,0,0.01244469,0
31.235897617743195,5,772.038021780349,4,17.843416510616088,1,1,0.88989127,1
40.04551810996634,4,352.93425372813863,2,20.984236431825792,1,0,0.10045884,0
18.087295610662405,5,950.0537044157494,1,14.717985712683875,0,0,0.027432708,0
17.816289879495674,3,988.1550379464338,3,41.45488809860106,1,0,0.86225677,0
241.39217329196367,0,545.7376434817227,2,1.6719128285472584,1,0,0.047734603,0
10.916285034115052,8,519.4908001644723,0,22.19352865929196,0,0,0.008539808,0
12.799203687798808,6,456.39586869434464,2,25.231175979336708,1,0,0.04901678,0
16.297138246481882,4,195.2016114515013,2,9.201140320556348,0,0,0.07558102,0
121.36700116599428,7,388.96442163989457,3,17.85773235948026,1,0,0.3742492,0
299.32874284870064,3,525.5097569867665,2,15.350088625007308,0,0,0.56656265,0
51.01786429813252,4,782.0582712448823,0,2.978211167407914,1,0,0.024680242,0
17.86211490300385,15,748.5616263243663,2,12.535520321720607,0,0,0.030068675,0
23.86153239066164,17,605.8644013658321,1,1.3340040992741398,1,0,0.027151698,0
106.14566166751416,21,258.2074167132248,0,21.344275018934063,1,0,0.016158475,0
14.715952671133769,7,681.3172112601329,2,1.7239734588227875,1,0,0.08603064,0
156.48288253457855,6,570.8151339141705,1,20.93585064966487,0,0,0.7875027,0
150.8940876187648,9,100.9714221922923,2,4.847535994527586,1,0,0.06668684,0
39.26007170028944,8,138.13092440253897,1,56.70859724918168,0,0,0.08343195,0
69.83462656193748,4,32.25765941281581,5,19.701954005099243,1,1,0.9930375,1
77.45878185385492,15,1408.372186094659,2,2.1143195628406146,0,0,0.115909934,0
173.15897724833567,5,216.55280090498405,4,9.922854910793133,1,1,0.9450297,1
12.78852457621329,7,800.7222576021551,1,17.841546066509434,0,0,0.015562031,0
119.24791561736563,15,248.45335949197133,3,0.033588036250676,1,0,0.045256555,0
25.147839753444245,11,722.6429164965091,4,63.23535308106932,1,0,0.037525132,0
16.983444496812034,6,333.9216933444705,0,6.3634672748217085,0,0,0.0069764,0
40.55554158884453,21,245.28843187520897,5,17.25197225684964,1,0,0.049308892,0
29.537354407075167,2,256.42631530224725,1,10.58158183683834,1,0,0.068818465,0
13.633186738167373,2,452.00242663037466,1,0.5375754318892033,1,0,0.0736088,0
7.408808068121179,9,555.8678464112841,2,28.056335893120234,0,0,0.017620932,0
14.266371181072996,12,118.42397386047186,2,43.320213169911305,1,0,0.009231612,0
156.39067845485786,16,470.9838661039656,3,9.8430819158171,1,0,0.028714519,0
260.491310452026,5,191.8864291014413,0,2.19005220650152,1,0,0.032565646,0
70.11357631854649,17,267.14950553804385,2,32.85383491227721,1,0,0.016751071,0
119.81219377231032,18,212.82923405362067,1,3.13128343426141,1,1,0.03521845,0
21.82742124012156,1,486.9072016153244,1,26.56607228779475,1,0,0.055533983,0
33.88079466927209,4,1625.4778121260078,2,23.27732405228439,1,0,0.15159304,0
48.5582803037274,19,555.5847521774411,1,14.802629951887592,0,0,0.030103868,0
12.41257926303807,19,386.3287189050519,1,1.4398776136359464,1,0,0.015531205,0
13.599810150733113,21,1055.2508261491153,5,41.27199101072011,1,0,0.02108874,0
40.33329500767276,9,211.69581045971287,2,12.482593282028098,1,0,0.046061497,0
26.56769683475474,5,43.45106218193593,0,18.34994623698709,0,0,0.013663351,0
12.634652284791215,22,375.6764451231634,2,12.555639165659464,1,0,0.009202724,0
53.867758654940495,14,105.22515854564465,4,19.041778584864865,1,0,0.103115,0
28.12673927562637,8,178.13809609277473,0,70.35003434015417,0,0,0.03621623,0
101.63154313215009,12,649.9811888028478,1,2.7690070098151223,1,0,0.04312995,0
36.40910563555682,11,222.69861606154797,0,6.95018317578953,0,0,0.0139602125,0
27.104331278245773,5,264.8629116324018,1,5.641419651860068,0,0,0.022790197,0
41.58224131600407,2,432.8428189798679,2,0.7729965488750903,1,0,0.12862255,0
30.815461044749227,23,172.6985005496391,3,28.8590980915355,1,0,0.017279694,0
18.764259167200223,6,581.5080704274334,4,16.058570641900285,1,0,0.71907914,0
24.48458936788365,22,513.4183710712954,3,23.994038300628336,1,0,0.012841436,0
77.4334642638577,9,393.6705684986594,3,17.241126919399964,1,0,0.078655064,0
69.86164015183437,10,208.13195236045715,5,8.342235030145877,1,0,0.07098266,0
132.4529925622208,21,206.58748818713505,1,35.75572118857139,1,0,0.016629219,0
6.732900669841889,14,350.9685846252365,2,1.930436564349073,1,0,0.028661875,0
24.702620251808444,14,856.9235330614204,1,2.5899509074532467,0,0,0.022289766,0
24.177553343887663,2,1108.0637264466145,4,19.860077404919217,1,1,0.98169965,1
43.45702472070816,19,138.90164633401318,2,12.736079157741102,0,0,0.09765645,0
23.28577693248924,8,112.13188504159878,4,30.72761923405304,1,0,0.20338927,0
21.9072359809468,20,522.2372499857327,5,6.9334032482674886,0,0,0.1769775,0
80.07589908407071,19,36.51861591606452,2,9.337309748174633,1,0,0.0528119,0
43.73232430738752,2,116.23218466882857,2,30.21417068049845,1,0,0.13450333,0
11.4002578950842,15,130.58086749934685,1,16.34443810289773,1,0,0.014287373,0
139.00450200829985,7,575.8618883885545,2,0.3841386593934165,1,0,0.04256327,0
99.16171976083632,14,489.67309250185446,2,20.317681715012988,0,0,0.245521,0
20.615440897838248,19,667.7913031371522,0,11.242844413014064,1,0,0.014480412,0
84.03895282127539,19,603.1567481152044,1,24.380726073143595,1,0,0.016733097,0
17.546188731769956,18,458.4264098855799,0,21.24639532043725,1,0,0.008718775,0
112.80925803380224,4,342.14995012889983,0,10.700412678342603,1,0,0.026158502,0
29.434538387219444,13,909.4960461633458,0,30.174900530162454,1,0,0.01741482,0
16.397970949383797,11,208.32750649241356,4,27.739850293161677,1,0,0.039969772,0
25.201300597141888,9,895.0774239519536,0,38.44045972129763,1,0,0.012915378,0
17.016264628396563,14,654.5139317175357,1,12.811970558504044,1,0,0.027877647,0
44.35119542174037,11,100.84897520924004,3,78.00649593253078,1,0,0.09196497,0
43.60209648589638,18,142.35458391410234,2,15.39374021740316,1,0,0.029314503,0
37.93229899093955,0,706.8491692870223,3,7.1260081910618,0,0,0.95725274,1
20.976118038933173,21,161.96315952354377,2,25.628173374220705,1,0,0.012149242,0
0.9407462739805456,3,769.9364667189808,3,4.673526604809792,1,0,0.96304333,1
40.15855988578216,10,1523.6534788462873,1,0.9386649564111474,1,0,0.04743592,0
5.494599067597522,8,157.6082775094698,4,11.095708896927809,1,0,0.1935362,0
46.72074813564079,8,112.67873498938512,0,12.99857069981564,1,0,0.01704014,0
113.3855252356852,3,455.8124831831176,4,26.7887307234578,1,1,0.97904575,1
48.12903525680002,13,195.1074276952951,5,21.63107667466754,0,1,0.9757593,1
24.793050820370944,5,175.4089034143437,1,1.431413673703577,1,0,0.06288132,0
30.573156828526685,14,634.6052492621968,2,14.613833914187046,1,0,0.036625206,0
32.03847015492141,19,858.4519673702953,4,29.92498931342153,0,0,0.09773339,0
21.131363824789595,0,520.4801625118417,1,0.8919925667016482,1,0,0.06862688,0
20.413787010819263,18,125.84718343435586,3,2.4783269529291454,1,0,0.050786518,0
14.528380835291117,21,64.71316326520562,1,16.850723754505214,1,0,0.014052154,0
120.08048744636204,17,269.75689646141615,2,25.48818453203375,1,0,0.027157702,0
36.0334158798428,19,276.40383513871217,1,7.519982436289857,1,0,0.01814932,0
95.2277504547336,13,368.120056432129,3,0.5168696524612911,1,0,0.045148283,0
28.50127882883412,8,574.4623806414097,2,14.357432301060088,1,0,0.057432033,0
39.33708647354536,22,92.69422651454298,4,0.9533461751037297,1,0,0.07603931,0
30.86483017107113,14,859.9509445372292,2,23.544903903814056,1,0,0.037053827,0
58.13896278563418,5,271.2508637640105,1,9.689914599471235,1,0,0.04928251,0
83.64951695506606,16,729.6537186123644,2,7.721431512679894,0,0,0.08823031,0
46.51173383492012,14,900.11822655574,4,33.18532053496412,1,0,0.06685323,0
18.656298956024592,20,302.77985923975115,2,41.37728850343714,0,0,0.0270783,0
16.77762532839403,10,493.9554365450092,2,8.975310008192352,0,0,0.028174914,0
192.32190139145263,5,770.2649963494813,3,42.7566940985665,1,1,0.79281926,0
27.65930845929664,22,295.0244611572056,4,7.786287639273195,1,0,0.039527092,0
27.354959575560027,22,59.66258863775519,0,23.733663951014464,1,0,0.009375689,0
158.38161534408476,8,528.4177693929763,2,23.293003655383977,1,0,0.042287413,0
108.62060849109638,3,105.77628321224284,5,19.034933315671232,0,1,0.9991941,1
62.41701646318201,5,546.0858525384006,3,11.137895865971757,1,0,0.82482964,0
24.547339178174894,5,258.6331549903682,2,11.926440061783346,1,0,0.10205259,0
384.9823896235952,18,1349.083008579914,0,9.036300598534412,0,0,0.20080046,0
54.21587637552486,14,284.996785544331,2,18.64488802942812,0,0,0.08624147,0
63.24306508289059,19,94.11020752359305,4,9.020162943337834,1,0,0.09602669,0
30.842507999649705,1,1129.7317920716514,3,0.1817766493677579,0,1,0.943743,1
8.896807966196098,17,342.0828969711041,2,1.266365790275472,1,0,0.024458198,0
9.633416455158727,8,597.6096102556817,4,53.98510117983675,0,0,0.3714538,0
54.98047882287493,18,304.9090790686563,2,25.30362108537564,1,0,0.017103897,0
54.15386951716746,14,402.3326580350952,2,0.3353917812626232,1,0,0.040748283,0
28.78923913078473,4,423.401179493497,2,5.90944402827205,1,0,0.13137326,0
11.339772169350768,18,258.329838594624,2,0.2748067603782312,1,0,0.024983484,0
8.656774013749455,14,283.315708615149,3,62.02155496621477,1,0,0.007987783,0
26.36795206165856,20,364.4665119558605,5,21.393373544689634,1,0,0.026273489,0
8.532411827467069,12,200.5293235699171,2,37.72535037159109,0,0,0.01962143,0
89.91954588738575,22,905.6276127844352,1,9.880278457074372,1,0,0.020569684,0
115.89270217532838,21,300.466806750284,3,57.831193591059694,1,0,0.01650347,0
619.5752502938715,19,297.2959771154308,2,2.292408301285697,1,0,0.0043922635,0
88.08633840492891,9,405.4938006387658,3,0.4871940838766367,1,0,0.07477395,0
20.22967114290698,21,606.6186056479374,2,64.94549148364494,0,0,0.03419919,0
15.307379220090851,5,1079.1050701055542,1,5.961096092550697,1,0,0.05145142,0
1.1598282236281732,23,502.7163997602822,1,1.5822831180902557,1,0,0.008489063,0
20.188454094196345,7,81.64026825912073,3,24.13227450252776,1,0,0.29395038,0
30.66206193236506,7,265.686937906677,2,24.353321366896527,1,0,0.040843043,0
96.33264528369378,12,428.0473117940694,2,36.394606239557305,1,0,0.022657182,0
67.46440687085426,4,392.1760956619951,4,45.331681931439945,1,1,0.97260237,1
65.91392606684849,23,456.2475307315792,5,7.949868822535057,0,0,0.3086083,0
45.31452418180255,11,80.54744413407658,2,4.451096331631386,0,0,0.11803906,0
70.8744520238767,16,372.4138373245031,1,0.519927894601879,1,0,0.030872807,0
155.64845978492994,21,171.54610839703224,1,14.26101263323121,1,0,0.030167168,0
12.617984167011562,17,733.9197213705231,2,98.02776235657748,0,0,0.059452374,0
23.166322675917066,3,216.47534653593613,1,18.90155061843031,1,0,0.046318248,0
9.129112064664977,11,321.50625937684003,2,42.2436673295377,1,0,0.0087278625,0
184.6865954583544,15,490.7942818167545,2,12.21802759131999,0,0,0.39690092,0
133.86999242700605,9,516.5436062181461,1,3.608131792920635,1,0,0.03640667,0
77.65563867297506,18,812.7693215269253,1,27.05773487648258,0,0,0.20916034,0
11.03915590975574,22,490.9480999246247,0,26.00332435933689,0,0,0.006645222,0
43.50799888027754,11,638.0406465307188,0,4.321353121303386,1,0,0.027089994,0
28.943933764351986,10,348.2015288461026,0,8.7652249056091,0,0,0.008528196,0
39.67919712979216,16,350.6031854428281,1,2.4196769342339914,0,0,0.031297754,0
30.322253151205437,3,440.1176702266757,8,14.205266575051493,1,0,0.91930366,1
61.556338261881656,13,267.2599648455527,2,7.694553056466237,0,0,0.09580671,0
24.659448443064544,18,800.8173021453109,5,1.2269012577547511,1,1,0.032734506,0
86.0191981885244,4,348.3652757211874,0,34.09946552284225,1,0,0.019296275,0
46.59041616351572,4,512.4862848050326,0,11.6520140851977,1,0,0.026970524,0
27.30101354734437,10,182.09106590673852,1,8.237339782855027,0,0,0.020325681,0
32.72523958975645,9,1257.243568991156,0,7.127288552715124,1,0,0.028917488,0
23.556754369209145,14,111.56148809002134,3,10.337751868709676,1,0,0.057875626,0
82.58962334430733,14,111.3683342671602,3,16.144704715349317,0,1,0.98755425,1
27.897456367037982,18,266.48244888803174,2,8.465594898883884,1,0,0.022868196,0
49.15066601271792,19,700.9572741283673,2,36.38670441314365,1,0,0.015009037,0
24.71957429895944,15,501.50158143321966,3,7.431307082071647,0,0,0.29366517,0
8.288741304151012,0,64.61632950961243,0,17.25849692451676,1,0,0.024605455,0
90.5683129673176,20,1015.2509704135888,2,0.3112106439587402,1,0,0.024626445,0
12.703448438342155,15,509.7298189305467,1,14.51578523348507,1,0,0.018470095,0
72.1798534169121,14,917.6730670809168,1,6.044013128556903,1,0,0.042366367,0
55.70961626291805,3,1278.0954321971742,0,16.30301746672845,1,0,0.031326767,0
6.986408082349303,0,826.2720671891454,2,3.968624186291504,1,0,0.12311198,0
14.22951650808298,15,215.1543574097188,5,23.60099971823409,1,0,0.03449938,0
21.88714240780556,4,948.7795640768502,2,9.490731541062388,1,0,0.11390837,0
16.10745096447053,14,1215.9939628903956,1,23.290212839497087,0,0,0.024637036,0
11.222596204614057,23,63.40191361345524,1,19.901131696611625,0,0,0.020445671,0
76.71487905901738,12,450.7757664926534,3,48.39547329834739,0,0,0.84458584,0
28.803433489007077,20,295.420904428731,2,40.62111830013505,1,0,0.006889951,0
53.82244535046798,10,895.6691823639324,2,31.09772652836601,1,0,0.048087288,0
23.79538242227763,2,263.6453163249506,1,4.652317550574582,1,0,0.07049391,0
49.66639644234166,12,683.8858072556028,2,11.374998771220705,1,0,0.05401525,0
17.26789678309056,15,323.6914320025362,1,0.2403852517416251,1,0,0.02906018,0
35.64052115680985,22,977.9932479614448,0,2.42019669815336,1,0,0.017954148,0
65.48661651286164,13,928.6008110497096,1,1.2871444531213032,1,0,0.041839063,0
38.285560509135856,8,191.1815516013587,4,20.277714551556542,0,1,0.9677714,1
23.17072815076855,4,636.424580497565,3,28.000869176490436,1,1,0.87274873,0
12.346017015824089,11,1069.387043674766,1,16.13895192858588,1,0,0.03272107,0
43.27750400423954,10,513.3590414899875,3,75.69934255249198,1,0,0.02729492,0
51.673522097412814,3,226.32486928121943,5,13.679423364002435,1,1,0.99128926,1
28.26545959330464,3,619.1615093952338,1,4.063629035143444,0,0,0.041232355,0
16.956982045154742,9,154.3231085856645,3,3.1793034553892983,1,0,0.076820835,0
62.96525294080907,15,209.1164835747336,3,21.55363017700663,1,0,0.04117558,0
437.7861031706127,1,941.3190572401024,1,2.1207357930012467,1,0,0.02992963,0
27.04597026816821,16,238.99215866937035,1,5.686776048218729,0,0,0.024176508,0
51.25122113510559,21,431.2057723512649,3,7.5566523778612815,1,0,0.01926289,0
53.37769610779251,13,107.41202385823476,2,6.417792079714092,1,0,0.06082233,0
2.810985507738075,8,615.727614524776,0,6.750614096677847,0,0,0.006000569,0
41.42407963242925,6,208.2867338196505,2,0.1898690764241827,0,0,0.08696596,0
18.05605882944178,22,325.64636600223906,4,2.909351234784956,1,0,0.038039707,0
146.1579642656099,1,1291.965404784409,2,13.25504006380342,1,0,0.074479036,0
28.38935295450581,3,1048.6525362334494,0,41.35549425278136,1,0,0.020208778,0
16.818243064154533,8,103.3324781531878,4,14.550895890669327,1,0,0.23606284,0
29.414879857788694,15,938.8510233131112,1,0.3142724920764457,1,0,0.038201317,0
43.23113953235983,21,195.61307652990908,6,24.815733702897276,0,1,0.83320147,0
20.907217398675964,14,224.09228589230133,0,63.2222487504369,1,0,0.0021935774,0
34.72074061553559,8,270.93879183259986,3,14.76474689527811,1,0,0.078414775,0
9.44835042868269,15,546.0613888046726,5,30.401308503249417,1,0,0.027465753,0
29.216877915377104,4,37.45770933848632,1,6.277457838703216,1,0,0.0664545,0
79.49331070831937,19,378.1482241898989,2,1.1169385017276072,0,0,0.120176084,0
262.2169660264395,15,284.55076054919346,0,10.143921392073487,1,0,0.02831547,0
74.1815055464725,1,235.3549349118646,1,14.307017774229744,0,0,0.11544776,0
48.0351896440063,14,86.47355358110724,2,25.12072773951729,1,0,0.033432074,0
119.55372571785264,17,690.6105550450425,2,10.461417174894388,0,0,0.16331486,0
101.403606740767,9,851.390654655625,3,5.066262869985359,1,0,0.07623881,0
193.2225631802945,0,377.0969028054323,3,20.926162003434264,1,1,0.98466545,1
108.056674551453,19,266.8890542998257,2,22.213178579727423,1,0,0.0241834,0
32.52914376191914,7,479.2439857246916,4,25.297359027288472,1,0,0.2593164,0
47.39172392102342,2,799.3269210919004,3,24.86945669666307,1,0,0.9427846,1
43.77930665737558,20,212.07603061863708,1,13.93680060021705,0,0,0.040230982,0
49.50824411600389,20,100.46482591202256,5,3.2463296676448863,1,1,0.09705253,0
44.715539858274525,13,385.2276382843572,1,9.657725398653245,1,0,0.034713183,0
16.736152537832986,14,183.17598989043796,1,23.991996167421373,1,0,0.009800401,0
4.465423735469722,22,469.7101138948369,1,9.424922370655626,0,0,0.0118630165,0
18.69622044385002,21,825.046911081411,3,10.07874410221087,0,0,0.074939184,0
4.8257468560562895,20,287.4064541712476,5,27.7875664883271,1,0,0.02312465,0
39.17187862668069,2,404.78696770619615,4,0.6580277143046176,1,1,0.9960626,1
36.76463538510625,10,353.963301740388,7,7.570740689708806,1,0,0.03812801,0
6.851211489633824,13,654.1943342683031,3,65.56409247914932,1,0,0.010333505,0
72.83292847292472,6,757.7776671956909,3,19.09950766718889,0,0,0.2703751,0
87.08268631565403,16,316.5707412932709,4,6.505514285790545,1,0,0.054712966,0
40.27986793188049,4,291.63349596893914,2,6.465146546923593,1,0,0.1328559,0
193.9627832702048,8,55.51074546476962,3,15.339529311736014,0,1,0.99384516,1
237.85602265409705,1,555.5413196236258,1,41.1034433076108,1,0,0.19757053,0
10.957301127375626,4,267.29126729852305,4,11.381653454412412,1,1,0.9850306,1
103.20374527373036,17,506.81044053444,3,17.402770425015238,0,0,0.58723366,0
56.87454508387131,9,796.5643001619832,1,6.390231480873156,1,0,0.04658116,0
55.60759410470612,19,393.91500880630775,0,1.4051267476370417,1,0,0.017367525,0
93.17202518228726,4,38.46125282294872,1,16.405422629189204,0,0,0.26058725,0
17.829104460220066,1,229.64950505872787,1,23.396711574297036,0,0,0.027591383,0
20.23932647168642,5,624.8460955897898,3,23.848615334640783,1,1,0.78914726,0
16.011831022642333,11,641.8943413084694,4,5.038131397841678,1,0,0.07127338,0
17.203238081237465,16,1158.6675325721574,2,6.420698305997533,0,0,0.0344046,0
33.164773246474,19,116.57314548084284,3,27.866269462939137,1,0,0.028857037,0
8.569212446035172,16,895.4495042121531,0,9.472905727395371,1,0,0.018404817,0
12.861940774454256,15,540.6587263939174,1,10.830995072958482,1,0,0.022853656,0
65.20448722676672,3,1087.2013598118167,2,35.04957827222233,1,0,0.098483354,0
34.09113176111889,9,1177.9034119356302,2,14.753802581513478,1,0,0.09545234,0
53.67539972636482,18,1451.1445185261537,3,24.579588917005506,1,0,0.05474828,0
5.53305174967103,22,782.2145454986976,3,56.83223058419065,0,0,0.042506017,0
16.7123293898407,4,456.980343538545,1,22.426533692763236,0,0,0.015233577,0
21.001153131932472,10,844.3953288316404,3,7.078848560376116,1,0,0.086258344,0
37.808532881523945,1,181.80793535274336,0,18.61423089450459,0,0,0.026458386,0
20.36292465250833,7,351.9023254323234,3,26.81462909829665,1,0,0.17697261,0
93.05722500054364,18,197.45687650209464,3,2.080369871553601,1,0,0.04269603,0
34.526387396743644,11,560.602276741037,1,8.901267635559604,1,0,0.04262685,0
37.22625011196455,23,1362.5077848034327,3,8.334853877956963,1,0,0.027923895,0
37.09707676053731,8,692.5087187234226,3,7.621788657895972,1,0,0.12405088,0
74.29067576500164,15,360.9203046173143,3,31.56257484859549,1,0,0.030923396,0
22.836937429824623,9,519.5806654492525,1,27.90934713597957,1,0,0.018841282,0
112.4370806721568,23,1132.2075181782732,0,0.5785746399524155,1,0,0.017812472,0
57.977708629051264,11,259.6657478800303,2,13.57649271237823,1,0,0.042151574,0
42.69308385676351,15,383.3474001511215,1,32.60206505441099,1,0,0.01180725,0
38.15804018965821,1,345.8897200680125,3,1.675179886680395,1,1,0.9958591,1
61.57795714117256,0,226.6586473819426,2,32.928442122965954,1,0,0.1642942,0
101.02737683955,14,385.50904681700695,3,18.99563388634142,1,0,0.044459887,0
94.21011468420303,22,1151.8389512022193,1,1.3012742435492262,0,0,0.11000984,0
53.29594011449233,13,620.9382558394916,1,5.319874976298937,1,0,0.043670077,0
87.94562756483093,11,674.4604392757151,0,8.572652267804841,1,0,0.030123742,0
41.19670122285737,17,147.6959874886573,2,31.597278647663835,1,0,0.017283857,0
128.05888527106006,19,756.9578143341108,2,10.765931485070125,1,0,0.019528134,0
35.63732318681572,5,583.4502663379236,2,18.912560710630093,1,0,0.08309453,0
4.594503626518455,6,352.7352942012388,2,9.304237119625528,0,1,0.028300822,0
139.47460852501413,0,232.8730945121048,2,2.0007549736954893,1,0,0.10397346,0
40.7661095532188,13,487.1974292637514,2,3.121124705992872,0,0,0.04854547,0
11.346638752737494,16,149.45501525156922,2,3.104643585542533,1,0,0.032817025,0
30.017372361193093,16,662.0181677325786,2,13.17355822407154,1,0,0.03194857,0
15.12223872312397,8,94.26200894788371,0,4.932641581969156,1,0,0.014296005,0
298.9299853613885,18,496.7520245218547,2,8.428140297323825,0,0,0.20928292,0
60.20075823994269,14,899.0888712027524,4,32.33684608152829,1,0,0.0673874,0
7.623905912827176,6,789.0284013699298,5,17.569159528652612,1,0,0.6282983,0
63.19116811481796,6,33.25740078308522,1,8.675046304215396,0,0,0.061043363,0
24.56346177700822,5,298.3926115159724,2,18.71478015445672,0,0,0.04415046,0
248.833335221734,8,485.94345873544665,3,28.661315809710587,1,0,0.39067838,0
12.772614668060378,9,198.17629545257967,2,8.432268123740204,0,0,0.03136123,0
3.868901035961095,6,365.4629893272639,0,1.861659640729674,1,0,0.025823586,0
39.09009772211448,14,310.8287158220205,1,3.4246799351936312,0,0,0.028418025,0
25.84126545547253,11,344.6627548146761,2,16.008716898112127,1,0,0.029679758,0
24.12899586214905,15,225.86707318223955,1,16.215420731743805,0,0,0.01700784,0
4.300627055157844,15,865.01806669908,1,15.391852989557796,1,0,0.021395288,0
56.08168850847902,3,186.1926108183958,2,0.2374452094557583,1,0,0.14850955,0
195.06740155533427,5,875.6194611004,2,0.4852951949297147,1,0,0.029324321,0
5.424636643868214,5,610.6121580571656,5,16.29332676802916,1,1,0.87526244,1
118.0636265767758,7,153.17064731046577,1,2.3231764550534,1,0,0.050476827,0
20.72380714943394,20,1031.7912690024875,0,35.7574166609975,1,0,0.00946645,0
383.3717986741008,11,347.67063444924463,1,14.155389689761137,0,0,0.43453932,0
56.599939768559295,9,361.5452039838579,2,8.220748137778273,1,0,0.058223184,0
30.3305552549869,16,536.3544854251744,1,18.452944257657016,0,0,0.015792364,0
110.54047747669398,9,519.5707344804883,3,19.7083760072508,1,0,0.0674851,0
61.931469975524166,8,305.8756568880192,6,26.952112338400404,1,0,0.09124361,0
20.2376356931707,19,161.32902273014903,1,27.247980374033947,1,0,0.008448015,0
74.45664005672391,1,266.16077070587585,4,25.71083196410857,1,1,0.9984137,1
21.961790098734944,1,913.9009828043934,2,2.140832907653201,1,0,0.11035565,0
6.119693618022164,12,135.84646756298753,2,33.132138610103816,0,0,0.023536095,0
279.1061549778686,5,851.0391055736505,0,3.9627942731874977,1,0,0.020910535,0
25.801094132329727,10,706.8151961394366,3,19.60069052492823,0,0,0.12180572,0
19.90529943078029,4,751.0484738132977,1,5.567301119163975,1,0,0.05363137,0
51.3529335593712,23,650.2925582359234,1,47.95827220806928,0,0,0.087731056,0
7.693440957468617,12,57.4144290220647,6,11.451789271608638,1,0,0.051488902,0
9.453843248591072,13,498.6190310972133,2,50.714736412285,1,0,0.006676899,0
22.20579520164957,11,163.1458827117259,0,4.568779195933393,1,0,0.01740128,0
21.76445628320059,1,198.19386573173423,1,4.9686960743963775,0,0,0.049372982,0
39.32613350211664,4,773.2314606687478,3,5.845498922882785,1,0,0.9061377,1
112.45551408953308,15,695.478231888201,2,3.852350794101623,1,0,0.034551136,0
22.782051860713207,21,1014.934149529879,1,0.1985096484773851,1,0,0.021901375,0
59.90730630650223,1,485.2233440655468,0,3.81352505950162,1,0,0.030941019,0
66.7894411147036,4,74.26747898924435,2,30.62692854499245,1,0,0.10301107,0
12.378048461016393,8,251.2755785268367,3,8.897806938981086,1,0,0.075515404,0
45.991459808358975,6,642.0214632643771,1,4.092798621683758,0,0,0.03285196,0
14.258206285973932,0,827.2434139633948,1,5.834562810280497,1,0,0.06171774,0
106.0487341456636,22,584.1054961005784,2,50.3953563551604,1,0,0.0067762528,0
57.690347860423806,14,299.8908706410549,1,3.906326692226293,1,0,0.034869645,0
37.20726784453063,7,180.06008960914238,3,3.376136718374501,1,0,0.31269196,0
9.585967843926646,4,378.1754169550708,3,1.2538236305888455,1,0,0.97567433,1
41.09925563572726,10,14.634360580184286,2,20.063489567203803,1,0,0.0593461,0
16.99590591330647,22,277.499656327014,1,11.500771937961762,1,0,0.009741531,0
74.14055180603157,17,922.9362745936086,7,25.40155855048206,0,0,0.060545973,0
32.48159098540116,4,128.80873221021028,1,25.17146738544882,1,0,0.030840369,0
16.242892640220568,10,777.7378144374555,2,0.652025865338184,1,0,0.057174258,0
92.34373803877855,23,167.89031397199315,2,12.431460250218745,1,0,0.024271868,0
75.30413656155632,23,285.93173633198586,0,1.0841401185176531,1,0,0.014746824,0
20.22062091439272,21,644.4593077334891,2,7.100354976461765,1,0,0.01623057,0
116.98290730071454,11,654.753963050379,1,8.424459069933825,0,0,0.17925207,0
27.156198466990936,12,341.5678571353866,1,8.091593097801235,1,0,0.03300544,0
26.86564641790682,5,267.79232410388914,1,9.423222364121578,1,0,0.051234588,0
41.42154053374782,11,512.3080170869441,3,12.532493178065025,1,0,0.068428606,0
17.242310019452706,17,1017.202340305554,2,3.269095451524653,1,0,0.03624883,0
23.531974145059756,9,376.2341492711177,2,2.1310176528715097,0,0,0.03547752,0
31.172014505386446,22,100.71963967294566,1,4.253818344919269,0,0,0.04102927,0
169.0649582909433,17,293.85953117630595,1,77.46389252894063,1,0,0.022747299,0
163.96446736825493,5,295.327240124858,1,16.322203098066343,1,0,0.04778204,0
28.25102667498748,4,236.86634948064344,1,19.762659667219367,0,0,0.01854302,0
183.17422342806364,12,367.91680151191525,2,21.69611380905014,0,0,0.8366325,0
35.04781423134705,8,191.34758257866528,2,3.6471733523241823,0,0,0.06481533,0
53.5481194061678,21,477.5841097445124,1,15.028473298240195,1,0,0.012999781,0
88.55092708307058,1,47.28099998851576,2,20.567012724536795,0,0,0.63775176,0
49.01115014482707,18,560.1443961332178,5,28.418704549552924,0,0,0.23176946,0
409.6004630352881,10,729.7676842420994,1,25.51595525676757,1,0,0.047234718,0
46.68142408002468,20,430.0358427803387,1,17.12210707882713,1,0,0.013265184,0
11.049782610244236,4,586.9650168589421,0,23.62087265205125,0,0,0.013740847,0
135.02648906866722,7,509.365461620052,1,9.177512115026744,1,0,0.037778337,0
24.238360105227056,22,641.1249603930485,2,15.399768685412775,1,0,0.012523036,0
26.99661988307797,3,301.5584512913172,2,7.589240380566796,1,0,0.1529596,0
1.8373551452760764,10,337.15522189240653,1,0.7685697461830419,1,0,0.029838558,0
99.58244555941536,23,441.2048723614128,1,75.77344350552713,1,0,0.0044438373,0
82.96751507964987,5,199.23570218770465,0,56.76411776539764,1,0,0.013295388,0
81.37104306105628,16,814.8438011624933,2,5.473911732204254,1,0,0.037783727,0
97.35907000680682,6,183.8102258660872,6,31.02394448129341,0,1,0.9935861,1
198.5419083668639,15,209.37765203470036,3,18.619035330986456,0,0,0.9788753,1
34.952785006502204,4,677.2510392556029,3,27.834630595422222,1,1,0.85239017,0
93.46775384707324,9,992.6055840022104,2,3.9957061875760167,0,0,0.11052191,0
17.394606519690598,2,159.37304138240458,3,2.2613582333042395,1,1,0.9954745,1
25.6924921848226,5,565.1967208114274,0,0.9820977468425284,1,0,0.027594863,0
105.29439136483371,1,295.68671114788765,2,5.223234813705268,1,0,0.11696569,0
54.115671956540666,2,946.2833125870948,2,19.38233229195593,0,0,0.25778863,0
9.646400180087772,17,625.7804191851174,2,1.4823721925792914,0,0,0.031326998,0
52.52710801849402,2,169.01133508539138,4,2.9683915458765644,1,1,0.9983271,1
30.48054341207549,2,250.01435254942416,1,1.5978995159785023,0,0,0.05251711,0
16.14053337142729,14,608.9144648279924,0,0.0380385765515861,1,0,0.024681505,0
56.50262234798999,20,572.4790913796427,2,23.38024546643247,1,0,0.016305996,0
24.42224268506997,10,498.3049557285372,2,4.5147489322478425,1,0,0.05033511,0
7.610358740921034,23,389.4130531493549,1,35.4827015828043,1,0,0.0030626655,0
12.047350031197134,22,360.5234179918643,3,9.562628194020244,1,0,0.015698638,0
214.68462194593545,21,971.4059860639792,0,6.47672454050493,1,0,0.015062523,0
8.045163342736835,2,332.04921309255485,3,36.9773569514868,0,1,0.9523756,1
45.73217905945832,4,564.5716741291408,5,37.1823998581925,1,1,0.95334256,1
67.36030610974429,19,563.1062780247701,2,9.255239005077064,0,0,0.079399034,0
69.3515881012459,19,797.1927635516817,1,22.21262405602725,1,0,0.021135991,0
10.745943573490514,20,648.0342169614999,0,57.45694490605231,1,0,0.002638451,0
26.534926083273643,14,782.9539529675453,4,6.786259623551854,0,0,0.17991062,0
42.1336506863326,22,101.05137706594408,3,26.887278958386112,0,1,0.9850123,1
81.46791489623554,22,326.9895377295801,1,3.529889247008551,1,0,0.018415054,0
19.20247484273192,2,280.2977546628332,4,17.29480539296983,0,1,0.9957545,1
11.433246781849,7,867.9586715573331,1,8.54824702031031,1,0,0.043134674,0
99.740723022123,13,482.6928278678535,2,49.111410102455565,1,0,0.015737116,0
110.51526387016024,14,241.0044791992363,2,10.80294991014754,1,0,0.044701777,0
52.98837532736155,3,770.6860684591774,3,23.60579054973067,1,0,0.90353066,1
19.909815340111116,14,300.2404739853544,3,1.6865525601346545,1,0,0.04494381,0
54.96857484149463,23,496.9608810160804,2,9.699400251248244,1,0,0.012722708,0
40.8256558347789,4,216.62614644967863,1,7.804777841334876,1,0,0.056931186,0
84.57415100020606,22,671.6639994473637,1,6.810244376255612,1,0,0.017071173,0
10.49487490891464,14,346.32897572285583,5,24.135673591169443,0,0,0.7783535,0
41.11038525303765,7,341.66273274043874,3,59.44720102257763,0,0,0.83955353,0
31.21616755086657,17,121.96320249895469,1,18.2977159919614,0,0,0.02705566,0
12.065091528762148,8,874.3051813420072,1,26.280953117750823,1,0,0.023359053,0
45.40618137476161,19,386.4659964447152,1,4.6025761285708295,1,0,0.018493723,0
37.89873885264545,15,676.3536491767542,5,13.703355190991184,1,0,0.04259485,0
24.27971754506316,20,713.2541687086218,2,6.532640658434523,1,0,0.02097094,0
54.38175708325249,10,571.7009396556814,2,27.55774311477332,1,0,0.038193054,0
8.856954673914421,0,893.819438756112,1,15.887260882187654,1,0,0.064818986,0
34.686765164259285,8,185.99827207648255,0,0.9324719525836028,1,0,0.02323023,0
56.340529786146206,18,202.87251442535097,1,8.44545638651966,1,0,0.027592108,0
48.61916808185418,0,632.9457501852644,1,38.992913944917234,1,0,0.048780162,0
107.3857811687623,7,361.8197087585476,5,17.877749832895617,1,0,0.21299525,0
11.01091909902862,12,313.99216643755,3,50.16202284993507,1,0,0.013842348,0
8.102069925315657,18,213.89233240240847,3,3.4583847803841548,1,0,0.03606798,0
46.48212090822635,15,207.35596405680937,1,2.4735222159502137,1,0,0.035793576,0
57.69396223721551,3,596.744046292883,1,7.460921711191069,0,0,0.06870195,0
304.8512013622718,0,650.3460950957588,0,4.865761289214502,1,0,0.024044672,0
67.80340915517634,9,156.49335740801612,3,14.592906815443367,1,0,0.09315103,0
15.272467577876462,8,225.24938599499345,1,5.593624011352665,0,0,0.0133037735,0
81.94347947431683,9,452.1372035929609,4,0.0170289156076361,1,0,0.08878707,0
15.711137444951133,16,335.9753553146001,3,4.911430020305819,1,0,0.03395431,0
8.282659018501722,16,557.4913186062731,1,37.40980473763265,1,0,0.0071673337,0
497.2539591095445,10,35.19784414733615,2,53.12407065246425,1,0,0.2825875,0
50.69490332436616,14,222.0486839654174,0,4.264099922367739,1,0,0.024023857,0
74.80993012172404,7,384.4205196782888,3,17.337649798479916,0,0,0.7010904,0
64.29939696232601,19,188.74311176010391,2,17.818920047868552,1,0,0.02634672,0
224.0965025619303,6,640.5241672015834,2,4.387787127225094,0,0,0.22247471,0
48.62347876813197,0,630.2280271673592,2,6.938451629258051,0,0,0.23089468,0
123.68005538892304,5,322.5617632486852,0,6.964495202155155,1,0,0.026675746,0
13.101361420050702,6,267.9035476706403,4,7.109020936335545,1,0,0.74258804,0
9.096038685403578,5,989.7756391105654,4,12.511249087400971,1,1,0.89559275,1
152.40737130830837,17,160.62349199654372,3,57.05093475418483,0,1,0.9980452,1
159.94975239974534,7,389.4858962573502,0,22.04154859612986,1,0,0.03596043,0
60.99096968803532,5,147.11655674095107,2,7.9298087631371965,1,0,0.1213507,0
45.88170729355584,15,999.0903715498492,4,13.437154591778969,1,0,0.07032394,0
43.21452193447002,20,272.56192652695665,0,12.46116477880684,1,0,0.0122403875,0
18.39057990008286,9,135.22820849615454,4,8.382260715429902,0,1,0.98267347,1
170.4833946649783,7,654.1796878665764,1,5.956796418261058,1,0,0.029254684,0
70.73077830191897,17,702.8236594636345,1,34.82380103824397,1,0,0.016245347,0
60.69767805312278,16,158.11495568689656,2,15.921061888132732,1,0,0.035585277,0
53.31007125617318,13,931.8725790960144,1,8.66944359367219,1,0,0.045998115,0
104.3669256729743,1,365.6624279105454,1,11.422373337595378,1,0,0.060776353,0
60.64306594674839,23,172.96520872331592,1,13.052402928822088,0,0,0.075794674,0
77.11977783988057,21,212.2311939496917,3,1.422455893511573,0,1,0.9615246,1
11.371032640307288,20,728.6516271366662,1,30.91828602995514,0,0,0.012077254,0
60.94872875085848,2,1085.2724254617838,1,23.78854918900362,1,0,0.057188615,0
326.0991613577137,10,524.9206831841929,4,22.72071290823617,0,0,0.9479775,1
21.79056318713849,9,1218.0182598039978,1,4.234521340700849,1,0,0.0488535,0
32.17440084628685,21,903.9119482280428,2,9.505851230969355,1,0,0.022396225,0
89.29484048681925,9,626.6898926841744,3,2.8777679164843613,0,0,0.28956053,0
95.32605428718134,16,327.51881722946365,3,2.846395031722356,1,0,0.036111407,0
68.33534246688245,7,220.00048362114237,2,2.7897471701186456,1,0,0.078186065,0
7.26014453361201,20,227.2129527346012,1,6.617490242641169,0,0,0.017815283,0
60.44478324848146,12,582.0267858679143,4,3.579634261006049,0,0,0.32557318,0
11.204612065938877,7,160.008558000007,1,2.527136419205841,1,0,0.042324405,0
16.04340852938923,12,81.82590571794391,1,34.04979505454505,1,0,0.008645494,0
63.310664231897874,12,317.09287571820784,1,22.15337172652171,0,0,0.07574881,0
27.22609467448632,19,519.8165393908628,4,33.38767793826197,0,0,0.33848873,0
82.2384466113475,4,668.4188081605483,2,9.339240013045885,1,0,0.080955,0
852.4705420246579,23,585.2846968158892,3,0.9113177972508404,1,0,0.0023448742,0
79.61321131590341,2,175.1049654536843,1,2.8026090447503544,1,0,0.064678706,0
75.40342157887396,19,575.4224226691704,0,22.762022418455928,1,0,0.014295446,0
14.94344169595657,1,326.9563859797577,0,8.255815870719394,0,0,0.017611632,0
19.240851991664748,17,478.91280945841095,0,7.889509979600939,0,0,0.008583043,0
12.633324364031528,12,183.78980309624305,0,0.5740812835199504,1,0,0.018599207,0
21.486055933061067,4,1253.4923186523345,3,6.689672503371616,1,1,0.8626929,0
12.283390010025284,13,228.6676667872264,1,26.95803898050473,0,0,0.009952277,0
18.921710810692183,5,373.2906506278016,2,5.139220856603584,1,0,0.12123683,0
29.703894485853223,23,683.5804343809374,3,2.907979731220894,0,0,0.093260475,0
13.45601384350686,0,876.9604977590402,0,15.823559461809731,1,0,0.037102263,0
8.854297187085873,0,384.3539171604948,6,3.1406959653411195,1,0,0.99940395,1
9.379593971140066,2,73.06006093621569,4,6.648356731825947,0,1,0.99961877,1
57.62296074939096,16,43.427187781568726,3,22.917262330926327,1,0,0.064524755,0
38.85149398792685,18,295.38933294992023,1,14.807831126012506,1,0,0.016677108,0
102.09873428887168,10,525.233369831363,1,37.07272568256331,1,0,0.024132663,0
104.00502533129556,1,412.2644668268735,3,7.625565578105149,1,1,0.9809023,1
26.0328988372823,21,412.9275185524903,1,6.1524037126530216,1,0,0.011901601,0
71.5247521998037,6,348.95906374110416,1,7.832466342345118,1,0,0.046055794,0
8.666625102196269,6,677.9009362370723,1,3.879631398504432,1,0,0.051732358,0
358.89272835942563,9,275.54244400737394,2,7.0950140062780624,1,0,0.0385896,0
120.9532732091459,4,489.25809038071503,3,94.04837874331082,0,1,0.99702173,1
29.517006974090275,3,291.2623363742483,3,26.675420509848585,1,1,0.98385483,1
11.436392163591911,13,1270.8296445539836,2,48.71332136224082,0,0,0.059751175,0
53.51963399841542,8,1119.696415412598,3,33.53934393674392,1,0,0.15546024,0
5.640239174949027,12,626.0509500464141,1,30.867308352591515,1,0,0.0115029,0
16.788557680136144,6,476.0683910750678,1,23.270920722096093,1,0,0.023503209,0
77.38226028208585,22,486.8610084231887,2,0.5202857643342942,1,0,0.015396105,0
39.46637328488024,9,697.7919694201358,2,57.18577765178174,0,1,0.22120489,0
22.399424558006626,4,169.73035671703207,3,11.735084633638795,0,1,0.99140126,1
94.702422357058,4,1091.006293155444,1,6.013952721424304,0,0,0.10697438,0
12.95349957520123,8,164.72283918558034,1,19.28159361714902,1,0,0.015057063,0
48.65237452806888,0,486.6216958806566,1,10.555195927140591,1,0,0.06382528,0
22.24493847944708,20,34.089570327539725,3,25.69562595117161,1,0,0.03304862,0
15.683818988134773,21,86.39235598341887,2,2.7742822859441483,1,0,0.02591018,0
58.17151255761952,17,629.056158721299,4,4.775495145561067,1,0,0.04844665,0
13.55994960241697,17,620.827910182138,4,24.705555958039515,1,0,0.03461327,0
245.1833869590546,3,261.937863702434,2,35.26373764679268,1,0,0.2806676,0
20.394865021492446,18,514.7294351816134,2,1.703702335608965,1,0,0.023706319,0
267.6874270817593,18,655.9894094468659,2,11.077922592257266,0,0,0.26862887,0
12.256166654281794,6,817.8702160053313,3,72.16039885153464,0,0,0.2801939,0
67.08439263439271,15,932.676843998724,1,17.13448495319802,0,0,0.097920984,0
11.027854598945837,22,939.2040872377916,0,1.7443038829729856,1,0,0.014099348,0
9.572387885142415,12,540.1075998517013,0,1.271345885482745,1,0,0.022325385,0
42.93577279183967,19,1315.7230516379648,1,21.24532201981489,1,0,0.032715145,0
72.06430390420378,23,105.69613641795604,4,23.173877437508477,1,0,0.052934527,0
10.23422040411303,9,864.5810197868134,3,2.3618250752769647,1,0,0.10407199,0
119.59930939458008,5,744.7522997598155,2,41.75936639006736,1,0,0.07530346,0
16.484177559136874,6,241.9915316054969,0,20.523372444292427,0,0,0.00859065,0
41.73009996272772,12,1023.7240745415464,2,1.8596276132491187,1,0,0.061770704,0
53.50520076570469,19,510.32099440377016,0,7.028996748736844,1,0,0.017327273,0
66.33261331578346,17,267.1072940438694,2,10.931151947943633,1,0,0.030593228,0
6.062897374871374,0,1453.764175458684,0,9.808294565049684,0,0,0.073005095,0
184.6685539149944,16,321.1751982982884,3,0.2840083023768227,0,1,0.75795025,0
64.186512416941,13,478.790365471307,4,8.37989616413476,0,0,0.48530728,0
23.91262397149003,0,262.12027305511793,3,2.989634367238009,1,1,0.9984509,1
13.142432230854247,20,495.9657456945682,1,36.742680296721616,1,0,0.005383549,0
6.72564929800792,8,2138.230001925491,7,3.2111069885733765,0,0,0.30312416,0
9.379972056001291,21,551.7466094372176,2,33.77950541633566,0,0,0.01596898,0
63.113738966424215,15,286.7593099569822,2,32.41919298871231,0,0,0.17423141,0
26.021593556589064,22,389.72116885801273,2,24.09150159865926,1,0,0.008290759,0
11.804538193821577,22,185.6556273938308,3,14.513581109546529,1,0,0.021495622,0
21.60803063992523,10,157.43797774254455,0,57.10044346851664,0,0,0.025142543,0
174.88218882198706,15,276.6606171347425,2,0.6000636972882822,1,0,0.031757258,0
26.293587800876253,0,380.1984869540944,4,1.0028644754686973,1,1,0.99919826,1
20.40034381778182,18,265.26279953515984,3,0.0762866410370263,1,0,0.037399355,0
141.26055150916253,8,695.0725504555344,1,6.322661124400468,0,0,0.19048193,0
58.08408443417831,9,570.9641268347698,2,37.006543258480754,0,0,0.19583303,0
38.25525089249754,6,96.27854010389096,1,32.77903086014999,1,0,0.01786359,0
19.92984000930788,18,316.25104934048875,4,0.8982632431396964,1,0,0.053356417,0
7.749196947775208,13,265.8698832849342,0,0.034920548868125,1,0,0.018136948,0
11.352721313708429,10,705.1638985368073,0,9.315541120934034,1,0,0.018206846,0
22.635928431412395,17,409.3732257992989,4,6.1644630175633495,1,0,0.04246178,0
29.3817666387902,11,213.688497595392,0,5.470129932297144,0,0,0.011602458,0
52.26057611401718,23,341.8396039640758,2,4.010118395782555,1,0,0.016014429,0
63.54604284623741,16,492.13485973494255,0,10.972326108651623,1,0,0.023004051,0
45.73763854602967,7,369.0451714605821,5,23.59880229634628,0,0,0.8245817,0
45.622841680156405,17,253.645254901228,1,17.950466616101778,1,0,0.017625546,0
13.362807769186524,8,502.85934373792816,2,29.74435261860286,0,0,0.019380067,0
4.242891765006114,20,894.7013342517398,0,1.497207071075205,1,0,0.015170074,0
21.73935418269828,2,358.74867852702664,2,10.337512586150456,1,0,0.15515555,0
14.09543205050801,9,287.12152252627715,3,4.432099449128224,0,0,0.80454504,0
19.0558291607857,19,274.38506554644897,2,0.4520810367927371,1,0,0.023303028,0
27.81140045234671,7,402.7589243891901,1,10.20516624225642,0,0,0.013906923,0
10.55281791040064,11,59.98962216289612,1,17.58845710895725,1,0,0.015208005,0
12.055121353960836,15,369.8762650219419,1,44.55477289043266,0,0,0.009089241,0
33.104953890565014,5,168.70648522591887,2,19.7944665018162,1,0,0.08438564,0
41.09023584718485,3,157.0827753073278,0,6.43358584480766,0,0,0.023177728,0
18.991693931528214,12,1093.1583320578018,3,37.826586012039634,1,0,0.06267584,0
60.23689683278551,23,28.24379606039158,2,51.34100594293587,0,0,0.41326082,0
29.38679099929225,11,212.29384974007704,2,15.847794554235934,0,0,0.045421265,0
13.198285205151302,11,184.2464210098299,1,2.1067145342585945,1,0,0.033562064,0
38.119679379335466,19,1004.9425451013116,3,13.763011327802614,0,0,0.08476361,0
240.4262969490392,16,113.78491476030425,1,0.0511210770607218,1,0,0.027867995,0
18.635601300558427,5,279.1913377462753,2,5.980200761432927,1,0,0.11812263,0
117.464921471618,4,197.83578096271984,1,13.295356668017448,1,0,0.05324272,0
145.15119054027477,12,405.5247657201165,2,22.40285715584907,1,0,0.03518004,0
163.72064661110744,21,377.4144889641039,2,80.12163501483784,1,0,0.012279942,0
16.076715542796673,10,1572.6406140933557,3,4.030303897515165,0,0,0.091823146,0
274.61604755395706,4,273.0076986551285,1,27.33383154641139,1,0,0.12801573,0
41.1140313358444,2,1049.4739594492876,0,43.43269500121978,1,0,0.020849256,0
28.39494377686101,6,75.39655144551547,1,53.033116038530686,1,0,0.007734868,0
29.068411961675512,3,623.5655106010032,5,1.824322590790836,1,1,0.9843567,1
66.79134723641745,22,379.1960124981263,0,12.829450900507643,1,0,0.010611632,0
38.51807195727477,5,11.523295221214088,1,15.767726102339568,1,0,0.046282776,0
30.664429029457278,7,351.2009178377748,3,14.078347575730923,1,0,0.25136307,0
132.1039240118693,10,387.15147168123184,3,24.50451046193189,0,0,0.88366723,1
17.765126121687185,4,1462.1878166931338,1,2.999599505169129,1,0,0.056788675,0
12.895211886086138,13,240.20788991745604,3,31.381765428646865,1,0,0.021153327,0
80.89120464619825,14,698.3024089222425,5,65.74972594518148,1,0,0.034826238,0
73.96539737434742,17,803.6529254132604,2,6.513974075616639,1,0,0.034025203,0
109.28700941279848,3,225.2571453737993,2,48.148409988742216,1,0,0.09590692,0
12.525921790476072,21,104.21411555078387,0,9.768810990011657,0,0,0.01312295,0
107.92013459497149,13,249.44406619640085,2,7.552843561695942,1,0,0.0474306,0
59.265142959976906,2,323.949874439336,2,24.59252826936994,1,0,0.1202976,0
213.27351193095487,23,1141.5939298764604,0,1.9487099080147052,0,0,0.15016146,0
10.503539960586805,23,949.750571246984,0,3.2707939156903088,1,0,0.011996347,0
45.52403137061289,8,186.1545969040752,2,8.29805921782435,1,0,0.060746968,0
27.72771849431509,9,861.333757195577,1,10.815839516673714,1,0,0.040631488,0
7.4650645492534276,16,301.0628291828253,2,1.6252526684039,1,0,0.026183404,0
17.905574003446485,18,509.34737287092895,2,7.422052447820841,1,0,0.02106295,0
112.9634314782719,15,452.5391262267471,1,10.792181647365304,0,0,0.23187703,0
22.897765333832226,7,248.85716060958853,3,3.0241967193205577,1,0,0.2773165,0
17.76805985612305,4,214.0913040355593,1,11.885811431022216,1,0,0.04805025,0
87.2048886538249,17,125.09057385925682,5,14.8776070571309,0,1,0.9925182,1
98.38385089474988,10,215.6199058937946,3,30.64173173109301,1,0,0.092037104,0
98.17817625633792,16,1000.7466714613644,1,3.371056867727251,1,0,0.03411363,0
16.615012020713273,7,389.04643042808016,1,22.594573659660103,1,0,0.018959567,0
34.53561972007231,0,258.7449375179589,1,3.002420387445284,1,0,0.07223304,0
102.58165747905916,21,596.2700323313668,2,65.44458804628309,1,0,0.0056584165,0
18.991013073771047,20,347.88533380836657,6,1.3887201190386398,0,0,0.4401589,0
17.29934827814355,3,536.2733548408472,2,7.605524709823845,1,0,0.13681518,0
83.78315533657697,1,865.2386818928821,1,22.930307849633763,1,0,0.055809233,0
174.5739953958108,9,1015.5569207597528,4,6.677910957698194,0,0,0.49291256,0
11.564328791904758,11,947.2084331718358,2,20.8127416008579,1,0,0.043400016,0
2.724899603675993,17,743.0780408171936,3,22.075294621866732,1,0,0.02298393,0
8.582142172074263,5,448.502453911776,0,1.2346286942136326,1,0,0.029824983,0
13.297121078602572,18,820.4722697032497,1,21.00688762592085,1,0,0.014488321,0
31.890982881015265,14,553.5668202780213,1,14.798914121047485,0,0,0.016667478,0
67.75167668163105,9,1202.2416470945202,1,31.222993472530572,0,0,0.45136788,0
31.61079931519537,4,333.9424272908972,4,0.636630453287727,1,1,0.9844022,1
18.167976000254985,9,131.03377779274595,4,17.575785914062315,1,0,0.08400351,0
42.6646063747691,14,89.27903481374203,1,3.138633287096856,0,0,0.04389114,0
13.986998881225462,3,375.11887455369856,2,24.525186729437827,1,0,0.107413836,0
34.92069586702164,18,124.1554579227662,2,3.9880689150245767,1,0,0.039158545,0
19.267727346221477,2,232.166040469472,3,0.0183075482384276,1,1,0.99378246,1
533.9718845773865,14,92.91493602587168,5,44.3858643270377,0,1,0.99947125,1
82.82972048908684,5,943.7909545516354,3,2.146569382605106,0,1,0.5084378,0
15.878810939718658,20,84.18368646048923,2,31.91705636554169,1,0,0.011092708,0
13.505078374624503,10,1062.7997902777308,1,0.5260968803876203,0,0,0.019200763,0
23.61357566981776,9,40.75982142719262,4,33.20696374797112,0,1,0.9952773,1
7.0648012280635015,21,187.1581649206971,3,13.290046766959705,1,0,0.023013698,0
17.62829953120863,16,82.82447450273247,1,21.657772075622734,0,0,0.018239496,0
17.492511637386606,5,221.17667924673472,1,7.209890883714665,1,0,0.051540785,0
88.5817353709836,10,703.9255509520035,2,46.720365878431714,1,0,0.025099464,0
23.888560013330448,21,540.9601687798147,0,9.3468110190888,1,0,0.0108167445,0
16.600855312896847,21,190.99333854218904,3,53.667720615218926,1,0,0.006734188,0
9.578626035802808,13,471.7485522473191,1,2.014382953924387,1,0,0.032880105,0
11.2837253246102,2,28.0645545402839,1,47.27004690726218,1,0,0.0149467755,0
34.24854047745725,21,234.8574952875657,2,12.574495187207248,0,0,0.063030295,0
29.514182096548645,20,284.7389148518562,1,41.398682019765566,0,0,0.020257989,0
113.7782783349304,1,129.30843848125312,5,13.485997104924936,1,1,0.99919575,1
19.508873032415572,0,562.3510183326398,2,12.89244510646837,1,0,0.13553935,0
105.54994851764678,5,422.6207244680399,2,1.4451813788590595,1,0,0.06984541,0
47.329146565688845,20,955.0907850070452,2,48.466449067578736,1,0,0.013360729,0
36.42896910973303,2,81.08139142191331,2,6.166049701138374,1,0,0.18181315,0
4.912071457667072,2,457.6747494760923,2,10.365559273912016,0,0,0.09816376,0
10.073838491747424,22,291.3240998158598,0,27.66991312885584,1,0,0.0036444524,0
76.81722166992019,16,319.8180727719885,0,13.03425259594765,1,0,0.022117503,0
148.08995043363174,7,252.33357290279653,4,2.142328337670458,0,1,0.9718695,1
44.99038522044398,2,214.0790006512411,1,9.291774877928608,1,0,0.06724771,0
78.45516498139983,21,166.20842159106488,4,5.770889182612296,1,0,0.062026083,0
24.343816093575303,18,514.9708054238205,2,68.93174332081182,0,0,0.052742768,0
25.245529046026363,21,313.2299001196856,1,1.3906894950328674,1,0,0.014417947,0
18.85988870807899,5,1174.5215286653272,2,6.267112821730486,1,0,0.11105473,0
96.99881576065576,19,889.4741743012215,2,27.15756945054018,1,0,0.02141804,0
51.56264030065132,1,302.48902732965803,1,2.9789560240750736,0,0,0.07882128,0
28.957541865135457,10,439.22286235515327,2,12.858784978704936,1,0,0.04260689,0
26.35370138858849,20,716.6471007928321,1,9.09017496448037,1,0,0.01778049,0
63.84802093287692,8,343.2038300199915,3,8.464572147231184,1,0,0.10271524,0
50.55771446683168,13,363.2507003108392,0,6.835355398736174,1,0,0.024517236,0
15.926080280869757,12,601.1814501047529,4,0.4727966788744305,1,0,0.06351649,0
203.56510447912603,20,247.912834546351,2,27.405689463283156,1,0,0.025522614,0
47.32453731630089,12,204.13088411959336,2,6.359982679822601,1,0,0.048247185,0
36.98376765200325,19,322.55260984521016,5,8.461296634327816,0,1,0.8154874,0
160.3382544436828,13,414.3905762007816,3,0.9725206895166234,1,0,0.03799481,0
101.9025533798741,2,1200.090060949582,3,11.259018426635093,1,1,0.84990156,0
33.516342021442256,10,443.55404201126856,1,9.971893964459849,1,0,0.038663916,0
62.551184976082936,2,17.472785769335786,2,27.253427801912284,1,0,0.1866978,0
12.553778218145574,20,158.2349975195525,1,47.74867430005913,1,0,0.0031206359,0
19.28171189930277,17,131.23344818823767,1,35.89593430412596,1,0,0.006580314,0
3.8177779047940255,14,254.43205066867887,3,32.577794918166184,0,1,0.6542882,0
124.01059727092004,20,1081.041539953476,4,35.10628655321248,0,1,0.579511,0
5.482649903768131,19,106.34716001773364,1,1.9304629001660207,1,0,0.02232502,0
72.33262223321347,4,460.830692968739,6,25.681264211768973,1,1,0.91340727,1
15.947835420751462,9,703.0560776995601,1,29.87188001465114,1,0,0.01764448,0
13.74985848668853,21,54.22269617259752,2,8.91951855460132,1,0,0.02390825,0
30.11336594772927,12,343.40643969102547,2,11.7503210293681,1,0,0.03498144,0
47.770685616664416,0,674.5098012874683,3,16.938729829553065,1,1,0.9884162,1
67.49857450427523,17,475.0253589365583,0,1.241297613677876,1,0,0.022517798,0
215.21374240206688,18,668.8512747230517,0,11.869604751414505,1,0,0.02004243,0
52.38467348356897,2,269.92202752944166,2,7.825250923613319,1,0,0.14703074,0
88.34020820829328,15,758.8859016808033,2,0.6021719412334471,0,0,0.08556738,0
20.11590891182356,16,958.1961541271336,3,3.1374033605227902,1,0,0.045598798,0
74.71802133864236,9,839.6982557406999,3,29.43729728237981,1,0,0.08365441,0
42.66030032690011,1,301.4511476307041,3,3.509081060393711,1,1,0.9962684,1
23.030416437571912,9,208.26184592264792,1,2.829328427688311,0,0,0.018909946,0
33.24886676391457,12,831.5262492590399,0,5.001872858457635,1,0,0.02670041,0
34.39615887987685,7,442.1652293367513,0,12.552634918584886,1,0,0.021450719,0
44.30596209476381,11,502.5655561667794,2,12.502813187168886,0,0,0.04616862,0
54.67415868738255,11,1029.4994157049596,1,17.893278161510988,1,0,0.04820765,0
22.0014779197674,9,708.5295954899026,3,12.674841190320656,0,0,0.14190109,0
17.448026635454497,12,531.7537176178312,1,4.752483862541071,1,0,0.037338857,0
77.2828126605297,13,981.9459052182,2,9.351767945776237,0,0,0.0993459,0
6.708993837025935,3,595.3786982920683,2,10.265102531886416,1,0,0.13838565,0
19.723155452395893,13,321.6849038823258,2,62.67257414704415,1,0,0.004650296,0
172.88343755942503,0,1465.1759766296682,5,1.2324545331134027,1,1,0.9663454,1
2.4419632052662967,7,704.40295048833,2,5.690519295494528,0,0,0.032125197,0
18.30085862699121,12,550.1366510618901,0,41.04125723547432,0,0,0.021016106,0
72.80025000540782,0,613.9294811782396,0,33.863626530330784,0,0,0.40341502,0
7.026430297701873,4,153.8996154035121,1,76.83935134499421,0,0,0.013067524,0
491.8344230613488,3,613.7999424294375,0,1.1863553446997428,1,0,0.020238364,0
2.7499876477299896,2,406.9155804319561,1,13.435641386383354,1,0,0.06885121,0
153.93946659603685,6,68.79872815586512,1,20.48823332217833,1,0,0.06269495,0
173.7020310113516,6,656.0147596951324,0,4.510364303098931,1,0,0.023840737,0
91.5012255257874,13,135.04764553218007,2,18.324790069379628,1,0,0.051033907,0
29.32423853720108,3,452.185409223566,3,67.15046480221925,1,1,0.92852646,1
52.30951065531281,2,402.4695158756633,0,7.446177499329376,1,0,0.029978652,0
14.9207089410617,20,809.5641052595287,3,9.00816550249897,1,0,0.023755385,0
82.2139223312535,9,273.0143629106325,1,25.5935405020338,1,0,0.031094236,0
11.9428776468914,6,894.4386236089804,2,0.4381981351406205,1,0,0.09585137,0
27.83031979366273,16,537.4395669911759,0,14.49135948264853,1,0,0.01810804,0
99.11187669046484,15,549.5369591900356,2,47.64412701838581,0,0,0.86751497,0
12.009489076348736,15,1199.115951106249,2,35.020266590622086,1,0,0.032758035,0
25.42496190587661,0,375.9402892532482,2,36.68829099149787,1,0,0.10210018,0
43.13198466723484,14,1178.9996411518189,3,23.414984995229958,1,0,0.07433167,0
9.565966661335528,15,79.09088888990084,3,1.731146099356964,1,0,0.062249027,0
117.25751476480248,2,212.22256189742308,0,2.9193779466904326,1,0,0.03085823,0
51.458419367007934,22,275.7874970424857,2,0.6519392728419411,1,0,0.020412086,0
8.039846778505511,20,49.752249877931234,4,17.63693718690133,1,0,0.062922865,0
34.91899169832417,18,360.69723133452266,3,31.71797028275531,0,0,0.6758825,0
16.855294624854828,4,624.1249886656335,2,7.6334885953339,1,0,0.1262808,0
18.96209589033092,18,65.4749362185477,0,48.67706642105698,1,0,0.0031794521,0
39.51754682958611,11,491.9815780265291,3,33.218040589203305,1,0,0.044574115,0
17.998871813446502,10,554.8488795104959,0,46.05425225871789,0,0,0.026697773,0
96.0156904148903,13,225.835823371454,3,34.85967560959692,1,0,0.052082054,0
18.08967760920245,11,546.2274745396755,2,42.51389909780313,0,0,0.023679504,0
97.68127182093586,15,222.5863382333557,3,18.211733262999243,1,0,0.047743537,0
35.03125083379316,21,36.90101879459818,1,73.47157341682879,1,0,0.0028334295,0
86.1223266628223,23,284.61201870851977,2,15.734346591114043,1,0,0.016223399,0
21.29911115466496,5,486.0109398525586,4,16.545833170132347,1,0,0.92669284,1
22.080967820901016,20,513.9964376578362,1,3.455648510883179,0,0,0.018687839,0
11.559813297207262,12,73.99901389313305,1,6.370947645301598,1,0,0.028729703,0
65.23387068181748,3,198.6972338622509,1,12.092336057683625,0,0,0.068257555,0
93.48446320255344,17,397.2857219650047,2,19.34891378173013,1,0,0.025233494,0
304.657612097491,8,945.7982792232274,1,11.195042339601672,1,0,0.025708016,0
133.02372797464122,8,67.16240763312412,2,22.23981184067358,1,0,0.08354929,0
46.982757813439456,11,758.4870712445403,1,6.978507362128665,1,0,0.046146933,0
29.63717480223285,11,615.8137031251867,2,35.19482404978064,1,0,0.024090223,0
53.98485294472556,14,252.1430308760996,1,3.7487640178020234,1,0,0.035937615,0
35.59703292267376,0,530.1339574500912,2,36.05005548515067,1,0,0.09352231,0
158.13933307906035,11,867.8469274673953,0,0.8766687535952471,1,0,0.024278248,0
94.06104382649173,16,395.36657196361017,1,0.387393760501834,1,0,0.030910365,0
15.85109950102745,16,150.01189059911263,2,19.28378162701735,1,0,0.018251022,0
18.400345945371207,4,297.46824953729504,3,18.4151036923163,0,1,0.9461711,1
143.63593995998318,8,846.8118210559231,4,10.965066980397827,1,0,0.11117513,0
49.80324461244078,6,911.971581003184,4,25.402089974237587,1,0,0.5958546,0
29.027417788134485,1,1871.6145887365224,4,6.774778657799193,1,1,0.9809684,1
119.86141041361584,5,845.9283786583067,1,78.4355568488701,1,0,0.056361116,0
24.838773573880427,2,659.5013018801478,3,30.851945645195837,1,0,0.9550566,1
27.666560714195185,17,439.9052443343472,1,8.972613608288343,1,0,0.02109568,0
23.07681557501001,22,426.9179099394613,0,23.74747843420277,0,0,0.011084729,0
5.146554663494426,9,276.32336568969885,2,18.11671372727155,1,0,0.021991681,0
86.85647035472225,8,113.82940275304708,1,7.267868689496412,1,0,0.053723607,0
10.92349028015825,23,264.26148545145634,1,1.4246968685336174,1,0,0.010972941,0
20.72430737289444,14,643.1632054602022,1,1.1351492269725023,0,0,0.018144371,0
17.3940486701806,19,550.8166655683522,1,0.0274815366085262,1,0,0.019145422,0
75.71608353170917,5,336.41000127729023,1,22.878694136613987,0,0,0.19834912,0
34.17236297030646,22,1747.3712664390978,3,45.15019044962594,1,0,0.026383895,0
37.16682455591088,4,657.5433357118354,3,4.3374867840367415,1,0,0.92999613,1
6.824644188107435,16,198.582611543553,3,20.847017979239183,1,0,0.023460133,0
33.53410403100238,16,52.51736644747509,2,12.45672774369863,0,0,0.09530121,0
8.361743016146772,5,533.3119174121266,1,10.3281487279046,0,0,0.014643372,0
49.75928083552456,19,188.36280286587365,2,2.823741028322241,1,0,0.0334979,0
52.811184371469054,7,330.8989768910727,2,6.578177442888361,1,0,0.076514155,0
35.96702394939662,15,327.16521861231604,2,8.427450815230372,1,0,0.030610492,0
282.3489411153844,8,345.9445730344395,6,12.33176157540299,1,0,0.26694727,0
62.03687176877451,2,265.5138498657549,2,33.18028740933044,0,0,0.3151671,0
66.40844120831309,4,438.4304684739334,1,31.61040747581368,1,0,0.03272949,0
42.19540602078453,6,141.56409812783704,3,9.021015734723832,0,1,0.9821218,1
30.18188540717306,11,37.67662052918449,3,8.676823228476461,0,1,0.99239856,1
96.15084502966512,8,791.0641360069894,1,39.98967225173176,1,0,0.03095575,0
110.10666102535504,18,394.7362175268618,3,40.63450709482085,1,0,0.02325943,0
9.962615509376368,10,151.5607401569959,2,0.0759742258630089,0,0,0.04065921,0
105.05558644398016,12,1080.6244971610872,4,20.836720431068983,1,0,0.074659936,0
61.18017511603502,19,579.3876160175225,2,14.399578540980752,1,0,0.022534808,0
95.65041864400472,3,520.9242230323867,4,34.64858015203916,1,1,0.9773347,1
58.33363057108716,16,105.99041086846464,3,1.5678087452854244,1,0,0.06824937,0
10.545827425843814,17,233.17532002119117,1,7.005236982865106,1,0,0.017881703,0
11.32580271951332,15,303.7359769289991,1,1.645972314677096,1,0,0.025707467,0
226.9184108136842,23,253.5704141963272,2,1.944176934440676,1,0,0.013554853,0
47.10710640117163,3,225.6373246042345,2,29.83520746496677,1,0,0.09867519,0
8.870618344991266,11,955.5558309207088,1,12.362942510748894,0,0,0.015499128,0
51.83844213105094,20,45.28286198990247,5,7.639985673099591,0,1,0.9934047,1
25.47955578611157,3,63.47965673823891,2,0.9475615953280044,0,0,0.18941984,0
5.792627823777655,19,393.4049629296053,5,3.394953489010158,1,0,0.02994635,0
3.705476380774419,17,171.04884116357786,2,4.794697309318868,1,0,0.024762744,0
7.369377995271193,1,649.4138750593677,4,0.0969615595982887,1,1,0.99724233,1
48.02840192208747,12,235.8706159842172,3,10.579010924712405,0,0,0.9319996,1
34.88049470116797,15,809.5007080857199,1,20.754209567000487,1,0,0.02947894,0
28.52670908739583,19,291.2838069796716,2,20.634934389364307,1,0,0.012921908,0
48.65128170910914,3,764.0953749835054,2,5.323046008536156,1,0,0.10396613,0
66.76175768171125,14,858.5836283206876,1,7.41380478826244,1,0,0.042098608,0
4.470465582967926,17,217.6899843997085,2,8.322742818336074,0,0,0.031902462,0
27.081445293047476,20,555.0867757298705,1,3.288970168287573,1,0,0.016989984,0
15.991948065226616,14,553.4392050476773,2,27.97177608832537,1,0,0.017583529,0
10.663268894125205,0,483.0363543041024,3,0.007896680559657,1,0,0.99711514,1
21.17452317407476,5,1476.073264893169,1,18.2090503170182,1,0,0.073393255,0
32.36662833085068,15,484.84742277220505,1,15.749478629826603,1,0,0.024063684,0
28.040321936770948,17,126.28493225014005,0,8.462546813178184,0,0,0.016451987,0
8.544883532415708,14,353.2270061408694,2,23.97784696391244,1,0,0.013644957,0
22.57516674079263,21,82.67471564685835,2,0.1305797216036381,1,0,0.03029639,0
274.7421144145694,18,434.6487004892536,1,34.18785024933373,1,0,0.03652981,0
12.748902072726498,0,111.91462307253092,1,7.000004737000748,1,0,0.080970116,0
6.772748734957962,5,692.9627041642177,4,29.913331831679844,1,1,0.8952584,1
48.19433916317975,3,603.4208541199284,1,19.894401920613763,1,0,0.04983407,0
66.46185411952749,14,511.6013656230962,3,18.61447739079836,1,0,0.04914813,0
58.20923982960391,0,240.9974685298797,1,63.69341017830861,1,0,0.026059782,0
11.944637873412235,6,97.74225385958734,2,11.69576140318723,0,0,0.054367084,0
99.29497099851164,1,392.4365766197228,4,28.406290493970445,1,1,0.9962624,1
16.687631420148318,18,784.2408000565882,1,9.4081858308923,1,0,0.021731565,0
11.764935570095776,20,584.9082162597093,1,19.11486122049373,1,0,0.009768643,0
19.915981040775797,1,325.0353318435734,1,22.2350343466796,0,0,0.031626403,0
32.8285805194585,16,47.42529316478601,2,26.3388261520092,1,0,0.026061915,0
74.7456807553693,3,268.9032444175011,2,3.4484435484648275,1,0,0.12875803,0
68.29467684477073,21,705.8926979532398,3,12.640473496466097,1,0,0.024038026,0
35.7839950908278,22,155.71305704332758,1,1.7881186781827678,1,0,0.019276842,0
93.0284681711896,12,919.5651476439972,2,27.46269288994208,1,0,0.046843052,0
39.70549429266546,17,1882.935271559273,3,23.93728662403513,1,0,0.089420356,0
89.65633881521329,17,149.45927152037578,1,27.259455544116843,1,0,0.022782626,0
8.990165028313113,6,166.18854101318888,2,20.027999959359622,0,0,0.033140793,0
7.582371452709667,9,580.9614705268772,2,2.6253724642779743,1,0,0.048883863,0
79.49709233719607,7,429.6279860448589,0,33.589208949912766,1,0,0.017333055,0
9.11496486851852,23,687.7654395276566,3,5.686810937245828,0,0,0.069803365,0
27.071480658462384,10,224.6484470149161,3,3.5708842155606133,1,0,0.06448691,0
33.17833982125025,6,301.54822120490644,4,0.9951806152713728,1,0,0.75693595,0
22.467035799175424,5,491.39267329160094,3,22.07444092249142,1,0,0.85226524,0
23.25477590369452,1,435.0635879501121,1,2.185082203448009,1,0,0.07130466,0
147.32286593241662,3,625.5720895304897,4,56.95516253056461,1,1,0.9779147,1
2.9165414854331764,9,192.24539281258825,0,1.091001891899928,0,0,0.005695274,0
88.57712440573304,23,1120.2999057468685,0,19.99972435214004,1,0,0.01826824,0
363.2794390975189,12,84.98673364626207,0,6.7218152344648106,1,0,0.026874768,0
37.47164675877024,5,385.5656151166126,3,18.338531402552952,1,1,0.8884675,1
35.910337422093086,1,57.62692396245151,3,10.010962869284706,1,1,0.9985281,1
75.66916876330434,17,151.45378944891812,2,52.09161812779139,1,0,0.013103278,0
227.88805933652543,16,472.985147798684,2,33.97926945297674,1,0,0.034735784,0
11.155705274820534,17,119.46642901209304,1,1.4856091082875509,0,0,0.023471579,0
39.95242349415602,2,636.4557254112788,4,1.7903301115422914,1,1,0.9912465,1
30.37996895038586,17,817.3885903703559,1,0.832239508042674,1,0,0.031496536,0
64.03189232634303,6,648.784547941264,2,6.264763433236204,1,0,0.07166908,0
42.91351007110849,7,245.4067901591173,1,7.685951477393894,1,0,0.041842487,0
70.78542484607928,22,517.2969968875966,3,15.557964354574295,0,0,0.46646535,0
24.007524884950204,5,150.0460456654,4,5.725236761963733,0,0,0.99540544,1
38.43629346588024,15,342.4722006562068,2,34.201299081219474,0,0,0.050329324,0
18.72121962045971,14,617.822083688791,3,5.314086611463737,0,0,0.1859885,0
18.83486166082239,2,904.3884686204206,1,4.8435222214633535,1,0,0.058491882,0
31.768021141551888,23,139.7693443832319,4,0.6377180820047824,1,0,0.058736205,0
31.75309163473896,9,227.19898045375996,1,1.0221895321724586,1,0,0.042033654,0
11.330704552168823,9,414.5447719311633,1,17.09986907633983,0,0,0.008026233,0
175.9251075704585,4,807.1597771313861,1,1.939208724851275,1,0,0.026088858,0
31.973770978659417,5,540.1027152456434,3,7.021936436158673,0,1,0.6879854,0
9.173319689747736,12,333.72728377543854,1,9.863319824230608,0,0,0.009565984,0
110.11602609929972,12,256.5831995905677,2,11.858822685466633,0,0,0.24207574,0
17.31749356956701,7,968.0286907278202,2,5.52309949737357,1,0,0.09007492,0
60.84206052468342,4,548.5274793541054,2,1.4583398178916704,1,0,0.09942315,0
35.9807122263874,22,1186.6520745934868,2,0.6765995662158515,0,0,0.05508534,0
47.02203055256265,8,227.2021504157267,4,26.449341596427143,1,0,0.12369619,0
43.42438224270212,9,640.2926564841891,2,3.3775043515454457,0,0,0.054397404,0
20.590549796530865,17,1040.27137797953,1,13.35148160081692,1,0,0.027796015,0
38.1278996020833,22,277.4179104119752,1,20.69121711601802,0,0,0.0334544,0
279.5250893599908,5,1584.6936493238657,0,7.556612959423313,1,0,0.020535666,0
3.905532568485125,8,366.7214934172368,3,15.028838836458617,1,0,0.07308851,0
39.09353494647947,10,192.80784838076335,3,15.61236539247446,0,1,0.9472565,1
56.54187265543338,0,364.86888765839,3,12.28865231829232,1,1,0.9964431,1
12.778045247216042,15,755.8260212767955,1,11.010987898045247,1,0,0.027348766,0
9.296629869312724,21,323.0512767049571,2,3.38616390361872,1,0,0.014547017,0
317.00448192382487,3,319.4657256149493,3,10.79128641145918,1,1,0.8954444,1
25.241671653461218,9,404.4466145315367,4,25.01209208797393,1,0,0.06945841,0
292.6552109329344,3,427.50860247041777,1,80.65217297688817,0,1,0.99898773,1
62.53730822791852,5,338.62921782983176,2,7.958312417671538,1,0,0.09792535,0
39.493695847095125,23,572.1968615848994,1,4.175186571218105,0,0,0.032026336,0
58.90762341322994,14,124.25107934477056,2,15.121104494705712,0,0,0.1644513,0
69.06205480687956,20,319.0854334751017,2,4.229909808354249,1,0,0.022499554,0
119.063292727441,8,1728.1813246316617,3,8.11382776061338,1,0,0.094904825,0
56.58906934789665,21,531.4179877470121,2,7.754128369906653,1,0,0.01810315,0
42.29253645965573,11,1062.38448804118,2,5.6034419921688166,1,0,0.06903117,0
43.65367699725565,13,263.4176476905314,3,12.222367686073596,0,1,0.90116227,1
141.44533566858206,1,494.7812305389155,0,7.19803016623423,1,0,0.028869497,0
82.84473904950008,12,543.2338217598765,3,45.843689994162666,1,0,0.032401018,0
13.436547863093343,2,680.6398417499012,3,42.92581976972895,0,1,0.7340497,0
19.38251173862174,2,28.437524727979092,0,4.649316288703298,1,0,0.030618912,0
50.94511231607547,11,459.2711466446584,3,28.854653722525036,0,0,0.42626372,0
19.63038605546279,5,765.4896231274432,2,14.156144863603318,0,0,0.051027462,0
25.11619809946824,0,568.5857476912613,1,22.550477582240298,1,0,0.064528614,0
14.070500157356149,2,97.72681720244424,4,11.384638552338023,0,1,0.9994305,1
28.17280470509175,1,158.4021652598763,3,56.18852072712289,0,1,0.9937883,1
55.90353634551957,12,490.4834370935997,2,27.15245529826656,1,0,0.029676963,0
99.00413494539848,17,727.9739898481226,4,6.254604848178051,1,0,0.037843253,0
36.93763493763988,10,406.1985805969232,2,37.9281266457962,1,0,0.019626178,0
291.444627203556,4,233.55792066887432,4,4.365264300711459,0,1,0.99331206,1
33.90581767895802,4,134.38666973855732,2,2.1004176381014097,1,1,0.15755136,0
891.9616660061178,13,434.4382200799313,2,24.31962871228757,1,0,0.023240572,0
99.64880843642727,2,775.9497018923545,2,21.98846209528366,0,0,0.47454706,0
60.14284193846727,5,816.272174588638,2,10.37634124842898,1,0,0.08057562,0
22.21941277162032,13,1297.878600940521,2,11.118158949262616,0,0,0.037916485,0
2.171690680771007,0,285.64008002518005,1,15.29050522969348,1,0,0.07067033,0
31.33915854556749,3,122.95269489054724,4,7.481225844360576,1,1,0.998049,1
43.73804395218565,18,151.44721989645814,4,1.8944160096995015,1,0,0.09013002,0
250.2481948931249,0,229.7417760381728,0,18.00240716015962,0,0,0.80248725,0
9.209637121247296,7,15.58154757843354,3,18.735856010986268,0,0,0.98793113,1
246.13652540783332,5,409.4408319699924,0,3.58671888109327,0,0,0.38101038,0
28.46728674249958,12,230.873833580664,4,2.773168913043696,1,0,0.070308134,0
75.4942789966759,19,281.86376157511324,1,83.18579051765973,1,0,0.0045811255,0
2.886814325071975,16,319.3990253869833,0,7.0696447611610935,1,0,0.012216692,0
42.05719095834553,15,421.971581766311,5,38.434444505064775,1,0,0.030432528,0
25.952500051480904,6,141.9672532834872,1,45.12039141850697,1,0,0.009251189,0
72.4161550213618,12,101.28914709696087,5,22.31622043199362,1,0,0.09961667,0
40.09394349053336,11,186.5444810326336,2,5.933525945416738,1,0,0.05011771,0
11.678626526634105,5,628.4547124790884,2,1.5721933947828473,1,0,0.11006135,0
94.34777010886748,5,531.0621945736544,3,20.41867235674009,0,0,0.7402269,0
73.30499412910251,11,532.6444569534317,1,26.000797173992897,1,0,0.02924876,0
66.4711617778538,6,141.8136728614461,3,5.354299880690677,1,0,0.7500832,0
100.3752198074879,0,297.67436327619043,2,10.605256069916786,1,0,0.14097047,0
110.05359135089893,16,485.53785065682337,2,3.0365878426077297,1,0,0.029585166,0
35.80860870409725,7,150.51234873055412,1,12.972892989220377,1,0,0.031714648,0
9.415361214555782,18,1266.317119475683,4,12.849988637965158,1,0,0.041417114,0
9.161754758407913,11,858.956445832416,1,11.379942900107254,1,0,0.0312174,0
141.13984875626502,3,228.1938186571302,2,18.07466819076537,1,0,0.12080225,0
74.4738039829395,2,313.9922643805736,2,1.5665901479905986,1,0,0.12408752,0
40.52946934024352,16,300.5108331230437,5,38.88092246041436,1,0,0.030206462,0
23.69707789098293,13,139.30025948035964,1,17.680845583002498,0,0,0.018458484,0
37.77158490837665,21,139.4397493140519,0,34.12283149112773,0,0,0.033034835,0
37.517001743612816,10,749.0254977136524,1,16.460833331239076,1,0,0.038326032,0
26.134108330234085,11,1027.0187056710013,2,8.114627667446324,0,0,0.040071435,0
18.19187513304304,1,227.82774747304543,3,1.9416129064548928,1,1,0.9970637,1
318.72123602787286,9,365.2586508650726,3,22.01640348732894,1,0,0.3925183,0
45.9962530783164,3,187.22429215183445,1,20.70848346823146,1,0,0.053192418,0
19.969285982412806,2,44.00306589807898,2,4.849168333369394,1,0,0.18514548,0
9.953640504581848,11,83.69112244377428,3,48.9706530272467,0,1,0.9444413,1
17.713132795501053,9,133.77819309540678,2,34.37343600374138,1,0,0.01748821,0
75.16806556963621,21,273.5172082604141,2,16.432327520757834,1,0,0.019131135,0
78.13075102899126,12,916.3664984258214,1,0.3481079049671927,1,0,0.041385986,0
29.41916859337955,1,91.8119324854741,0,21.20205416061252,1,0,0.02302374,0
38.54054075511645,23,216.9751554716665,2,35.73373063757791,1,0,0.008707844,0
26.975998598159656,13,703.3501494371733,1,1.2175906296689138,1,0,0.041511636,0
12.08740136138148,1,376.7467434464276,3,10.147765993984777,1,1,0.99518675,1
134.51641544148933,6,82.65193126561057,2,76.44489989436885,0,1,0.9924126,1
53.12434566622849,0,215.59585829853123,2,27.54062153795152,0,0,0.33867234,0
435.4392331489733,9,796.0364568589616,1,9.099415453379748,1,0,0.02076566,0
17.181439677362356,18,36.25127995704133,3,0.4291484220349972,1,0,0.06691343,0
31.89555414672416,22,977.6206529443292,1,25.31404537026598,0,0,0.0297052,0
88.49713852621964,4,1009.6564057381148,2,13.964729357432825,0,0,0.21095516,0
28.64289079084429,15,360.3991390963572,0,1.858701123692014,1,0,0.023023596,0
9.136752099077478,3,76.2284185704045,1,46.37431503522034,1,0,0.010931475,0
14.170047106806182,6,776.5650447558772,2,17.35372740729902,1,0,0.080914155,0
40.47765387396951,15,251.63988717530123,1,9.489200799697244,1,0,0.025832035,0
51.59203648583055,10,884.7316398842308,5,40.13939222182728,0,0,0.21891257,0
33.29458174583988,6,491.1243785997496,0,1.641004150595536,0,0,0.01286663,0
99.83163557955926,23,218.4551279711999,0,7.998503540108606,1,0,0.017746286,0
98.76719765167248,2,367.4683451053485,3,39.61073315466208,1,0,0.9806805,1
50.54070968360304,20,751.5743865952933,5,14.262896437151507,1,0,0.031950817,0
37.59578358277437,2,311.75313708676765,0,29.35024470352494,1,0,0.019867446,0
28.420413562931508,10,449.37683383974695,7,9.203133879444756,0,0,0.4687319,0
63.49906182789897,10,1002.5879743153426,0,13.591644752104632,0,0,0.11062569,0
91.8012499742625,12,513.8088382451374,1,14.120019726208108,1,0,0.041483693,0
38.88485389642322,8,503.290807884626,3,13.351617612118313,1,0,0.103604086,0
57.39735564853095,11,1124.999530995325,3,21.200770627002484,0,0,0.12742442,0
26.461393394541727,7,531.3822319560728,4,71.81511745333454,0,0,0.8289733,0
8.921378015594957,3,360.4926543908583,1,1.435730340237235,1,0,0.06876095,0
13.450895063245571,11,94.62172568535144,2,10.125123435893238,0,0,0.0445109,0
78.70966888704488,23,851.8995027020442,2,1.097156286803298,0,0,0.08264997,0
57.225695253757415,5,1137.9660109389044,2,12.170158596578446,1,0,0.0871028,0
179.506904440484,5,227.6617172519908,3,5.022354993412813,0,1,0.9689837,1
38.71001797632785,21,785.9585445261218,0,12.72714947601733,0,0,0.0220858,0
86.90136482791658,5,256.9507689056875,2,6.309788692559719,1,0,0.09896733,0
137.41656467405366,5,208.16336183946385,1,3.8586928281082495,0,0,0.21857528,0
98.93372334312724,2,198.3825161980051,1,34.06756585064707,0,0,0.7324979,0
19.914598451198582,8,687.631184238796,2,1.6245008688276987,0,0,0.041149847,0
30.43015848994268,22,279.00215756385177,1,0.3229254872763346,1,0,0.014847969,0
41.66963723372636,19,715.3731344112912,4,11.647183003640489,1,0,0.040570267,0
13.655348954943774,21,143.20030926506826,3,61.46927591461447,1,0,0.0056984182,0
58.80862425214678,3,422.596317278558,0,16.489741067213423,0,0,0.08085591,0
101.8996494048403,15,566.6872171235385,0,21.0538283590502,0,0,0.40530154,0
22.6270273860598,20,471.27745254128376,6,17.29699200591169,1,0,0.016940273,0
263.1052695659432,12,64.1885291416881,3,4.84299081441397,1,0,0.073748715,0
27.36530721212528,4,404.5454756190373,1,10.729871136043617,0,0,0.02248043,0
29.87559792460249,13,827.8100329219548,2,6.464988967637774,1,0,0.05365328,0
28.83878420001281,0,402.35313136021705,1,25.28836630956886,0,0,0.050159205,0
18.02435586858877,8,286.6062271320256,2,1.7098696183841966,1,0,0.060686596,0
55.58193061463163,12,1081.970022805813,3,10.96274231433054,1,0,0.08259245,0
37.33853415305268,21,246.89498901027787,1,9.97922945907737,1,0,0.014638103,0
192.7457295256983,2,80.6906622267321,1,14.335804056935483,1,0,0.060672212,0
67.1755894679084,13,456.1505744451173,1,20.690107031942023,0,0,0.077965125,0
62.65788238927665,5,192.956197304618,0,11.27815480480935,1,0,0.026566966,0
29.32563810108349,20,921.5801691341076,1,43.82430456671813,1,0,0.00901906,0
8.897472836894059,19,732.1614800586289,3,14.064634793254749,1,0,0.021656984,0
33.46488236335083,16,213.12046986457997,0,0.5189073171627895,1,0,0.022772497,0
15.638065818924488,23,782.1518794887154,0,8.416413077799046,1,0,0.009881572,0
94.80700205899764,16,66.10579618508785,1,3.296604622990416,1,0,0.050585367,0
35.500866789488526,19,922.506338011348,1,7.9772091072569395,1,0,0.026770273,0
193.59006435922757,16,470.0145289679622,1,3.632959681782397,0,0,0.21921955,0
76.34864702841199,1,380.1185760749726,2,6.524293594491061,0,0,0.2618983,0
84.39734600322748,18,101.60466124460868,3,5.742008949146571,0,1,0.9898811,1
46.09281806155486,20,349.02175903461125,1,70.70787272682844,0,0,0.1429685,0
45.0905339580243,19,83.08741495440856,0,7.1739215485637295,1,0,0.020627577,0
70.33523393358972,10,131.82175324790757,1,23.01971998722556,0,0,0.1376521,0
92.08101771984197,16,481.0087001110759,4,13.590229442353566,1,0,0.04432048,0
17.983051620690695,17,977.8952352417352,3,22.384354685908036,0,0,0.06945357,0
59.87629460595248,7,316.3983252478817,1,17.47067173615293,1,0,0.03963972,0
503.2500798789498,19,237.7264239057669,0,9.144961189741691,0,0,0.12754673,0
33.45863745442802,6,473.1194430634552,1,10.66274097227161,0,0,0.017080043,0
28.345168273982576,20,714.7241226613048,0,4.78194670146844,0,0,0.015131765,0
18.3115144444774,4,853.7282985296163,4,6.738338861206635,1,1,0.95894593,1
8.597193179893948,8,1040.6239889322103,4,14.23483569729429,0,0,0.13699387,0
120.16747888603568,20,136.28664362066482,4,48.46057427846914,0,1,0.9966935,1
38.89887843885132,3,640.1814009441661,4,3.672685664038802,1,1,0.9812796,1
49.38405509035128,11,208.15600104396745,3,3.5872612681700264,1,0,0.064645775,0
231.5589002485848,21,669.1500234794821,1,92.28395060562536,0,1,0.9976151,1
449.97374810437145,0,278.90314101063336,0,9.064836901921124,0,0,0.38825205,0
15.051145192121776,14,1039.1021810497357,0,4.260655021650488,0,0,0.013019387,0
105.06282567044568,14,210.37005172920453,2,54.89452997881476,0,1,0.9476563,1
68.29560632455036,6,488.8818689289398,1,2.2025733116866717,1,0,0.043762483,0
54.57589846901534,20,541.475752141531,1,24.72569065125752,0,0,0.046617467,0
59.14421164676887,15,173.80712037803733,1,54.7588246625555,0,0,0.28346428,0
35.81841510935416,22,351.5915353289997,3,37.13681836060582,1,0,0.011163135,0
179.69898350423765,9,138.2455694028607,3,42.240093681614965,1,0,0.67463607,0
67.80584344381428,22,230.24462498579337,1,28.81362945120538,1,0,0.0105028385,0
51.78133624967459,10,908.5062146075868,0,4.904101699618738,1,0,0.028088195,0
127.66685889230588,20,438.0613399327443,0,19.354027467211324,1,0,0.016938638,0
89.93426650348907,18,91.54576422553374,3,11.34813509943966,1,0,0.05941035,0
58.13647476042368,4,337.2789095842145,2,26.64303717875129,0,0,0.1391357,0
50.88433320950962,21,462.65515850517113,2,27.60852373905876,1,0,0.011448018,0
212.39630346643608,12,294.1857994652658,2,55.46846099017461,0,1,0.9952323,1
61.08721421572947,4,635.9567394672794,1,37.8367322065865,1,0,0.027553085,0
33.54798384779158,17,318.3369003649245,2,48.0540495683556,1,0,0.0065654,0
15.574756753626824,6,47.22308681419049,1,26.677818530462865,1,0,0.014923066,0
26.01819227988798,15,550.6188117163051,1,11.261952393226636,1,0,0.028500846,0
12.846856731176954,1,346.3242077535886,4,2.558549164212024,1,1,0.99890053,1
40.872514051242426,8,593.3271607081073,2,6.784692051161591,1,0,0.06748761,0
47.457605763327166,8,160.9940924594907,1,10.479046231356646,1,0,0.038183186,0
4.721307424962897,0,1236.3606696369254,0,16.107923370335868,1,0,0.038481336,0
37.379271769836606,23,341.21563395975744,3,9.871926456877052,0,0,0.7880554,0
70.2394056213406,21,357.9912528757697,4,10.085675152514266,1,0,0.035116002,0
43.3491796339861,11,404.0599048545864,3,0.0225090472547453,1,0,0.066255786,0
14.126497826000875,18,528.3141929729419,0,9.679824593985051,1,0,0.013373948,0
130.50679690713508,2,1007.3826430333804,0,94.07182245091708,1,0,0.060309775,0
18.2883180146306,20,588.2068588708129,2,16.114776108195052,1,0,0.013742617,0
10.742971751381168,1,190.2064445518979,1,36.19984343820321,1,0,0.033364642,0
12.451319082907416,9,489.3626465602126,1,22.5772421999212,1,0,0.017877951,0
36.16209201551796,13,456.5984815607864,3,6.93915654180528,0,0,0.42322466,0
98.04091451460712,5,33.14918454524236,2,8.315354944056097,0,0,0.34652057,0
117.68100512985778,12,206.1685418029237,1,2.7202446632137134,1,0,0.045007035,0
45.24376920257302,20,327.57506420151645,2,0.8279884590148383,0,0,0.08325186,0
11.118348762846418,22,467.318413302302,0,2.3765498902070545,1,0,0.008794159,0
19.01668106224424,15,1128.040898457891,1,3.630370820317321,1,0,0.03872243,0
14.942778579583868,5,279.5519637161635,1,5.065055820998513,1,0,0.056829832,0
30.675639165944528,16,198.70182977111557,1,3.49225639685905,0,0,0.02971272,0
6.21910898173345,9,707.5656810632071,1,11.17674683360652,1,0,0.027125413,0
40.96631234620592,0,359.9752628513942,3,0.3341239318998819,0,1,0.99244726,1
69.86357412261236,23,431.9310257077698,0,4.682750642119834,0,0,0.055971343,0
31.57397837806445,2,150.71242766889844,3,34.258706607127905,1,1,0.99577504,1
58.05510387831675,18,37.18631638300214,0,18.75341650469492,1,0,0.021072824,0
14.33283174883694,18,524.3486310123192,3,20.260118221010018,1,0,0.021454994,0
8.55350028675044,8,323.60182692357296,1,19.611694671375886,1,0,0.016289484,0
19.37500279374574,21,429.4549322976054,2,18.051761936079064,0,0,0.02997306,0
116.51950135348126,6,352.0409715087732,1,37.09045880079744,0,1,0.93642515,1
102.60684477201542,8,381.1518243207204,1,2.619446242275324,1,0,0.04525261,0
23.197352585812265,17,181.20013557567415,1,26.41818172136433,1,0,0.009362172,0
122.0739584139302,20,1098.7416924623935,1,48.3466197297238,1,0,0.018554097,0
26.467424421590195,3,1591.2084368634437,3,0.5041368835946844,0,1,0.8489122,0
166.11343308692926,4,331.43875614599887,5,15.673627329969303,1,1,0.9592889,1
59.34445525392836,4,469.3453201127498,1,1.8166619285322576,0,0,0.05145819,0
23.30674873609817,13,368.9045873860074,3,1.1600422137552604,1,0,0.047328953,0
81.12103125642042,6,674.6393020977222,1,15.52143399780201,1,0,0.044141203,0
16.876418842068976,8,963.259064421074,1,25.29613499393481,0,0,0.023394635,0
14.36435907886971,15,595.9685245749857,3,44.33375651016874,1,0,0.0161841,0
8.580090673667769,12,149.71204241410788,1,2.2124070123154134,1,0,0.031076351,0
47.39822160624065,10,618.5676269984604,2,37.72315254292751,1,0,0.028551761,0
34.70351415232197,4,713.0086653318187,2,24.278630009167284,0,0,0.072484754,0
33.882096202446846,13,681.6305552013187,1,11.59085796999146,1,0,0.039731182,0
24.292019214865373,9,110.96681636527644,1,3.9276565634828255,0,0,0.023565575,0
154.1436067228044,12,271.33201373248204,2,0.9650784431626565,1,0,0.041189775,0
23.96019818179408,11,569.7150867039658,2,42.81292590993719,0,0,0.030636027,0
17.75358663073311,23,1266.250335454749,3,14.654772666902584,1,0,0.020143997,0
127.24473925078918,13,396.601704362392,1,9.793885105066026,0,0,0.29729804,0
151.60580544535824,20,170.78078348222877,0,19.64956813665037,1,0,0.025601726,0
51.35995499830174,4,603.3722061667083,3,2.082490990074425,1,1,0.9076831,1
6.423558193137605,15,277.00560317352256,0,5.600482714353488,1,0,0.013639234,0
20.09134267813449,14,303.0926736850269,3,27.507832462393598,1,0,0.024175445,0
67.55237002068348,21,234.510629531899,3,6.902952205105807,1,0,0.030823326,0
37.252665868514654,5,754.1254622968316,0,13.693726762992382,1,0,0.024632746,0
173.13568234644794,0,619.2299949776977,4,10.159910192077511,0,0,0.98120177,1
9.328604857397584,23,403.1175319736781,0,29.66914265141096,1,0,0.0031924814,0
72.12357558134227,22,121.18371442571843,1,5.533385318577488,0,0,0.09963112,0
19.549832924316984,5,188.41648467793863,1,33.33696366287228,1,0,0.01517429,0
137.4199297327907,13,264.2512856529121,0,0.794908137581904,1,0,0.03198773,0
33.9498025219304,2,75.77159081888614,1,9.60398809936601,1,0,0.075700924,0
102.58028904685708,7,665.1108741811355,2,25.932112491160208,1,0,0.053017303,0
19.153221268146076,6,702.1057409678882,5,13.862024277217415,1,0,0.61180127,0
8.93969246281387,15,253.7567921923276,2,21.285059909935192,0,0,0.022525337,0
12.056656499759212,13,421.8742308020138,2,4.782002170998705,1,0,0.032376487,0
19.95143275188572,2,307.3156958156241,3,49.15252795529711,1,1,0.986858,1
13.133764538321469,10,469.251222903659,5,6.248134589626801,1,0,0.05164046,0
121.56648745390623,19,552.8633827735902,1,4.923434176246953,1,0,0.021663312,0
139.61804668232818,15,454.9014014772843,1,1.938211394383732,1,0,0.028962655,0
48.08866426910077,3,597.5571840267565,0,23.62972366482638,1,0,0.02231322,0
13.011127005081962,2,238.72925821969164,0,5.22239826175188,1,0,0.03165371,0
32.51265008006074,17,209.57705943211715,1,31.61013074742651,1,0,0.008789023,0
18.430826001541,9,599.0444362364877,4,49.76415432229895,1,0,0.06379747,0
156.65946890550887,2,743.8429339315991,2,46.5829695562996,0,1,0.957802,1
50.19641022648502,13,798.6286354293208,2,1.9608839052481764,1,0,0.0544379,0
59.70624015464937,2,112.80113189471192,1,24.74560020489936,0,0,0.0891087,0
24.540305328434304,23,1012.6626607420436,0,3.5393178975975284,0,0,0.018150158,0
4.897272387831111,12,190.6708860745231,1,6.013998674268664,1,0,0.023362033,0
16.926249643170355,21,267.5697138061246,2,61.41795546546927,1,0,0.0025963872,0
11.981548257689136,7,663.0564249140207,3,37.33937522718911,1,0,0.12835193,0
52.99803320203976,13,978.5545320580652,0,62.14203550378805,1,0,0.010858385,0
40.307609633577954,7,258.43938804985464,3,4.3361509643494,0,1,0.900717,1
16.417908190248337,7,344.7207692251562,3,78.32943992263154,0,1,0.8142085,0
24.813580460072632,23,267.98198950198423,2,57.36538978117684,0,0,0.04552097,0
175.29613647647045,2,466.0978444933455,3,0.6736298440102185,1,1,0.8182246,0
14.02241247516307,8,424.45954564698695,4,0.4915041245306099,1,0,0.14936505,0
14.614961969008515,15,544.8898187062672,1,28.14074640725951,0,0,0.010548698,0
29.126770918699417,17,229.58969143267385,2,0.2676299472765086,1,0,0.033933833,0
18.18983771574724,13,136.43141203784418,4,13.20270062297402,1,0,0.07028423,0
23.83732533511564,6,484.734107511611,1,0.9273107550099028,1,0,0.053023648,0
62.26806561746435,11,1127.594694920372,2,41.12997584582007,0,0,0.46429566,0
206.8976331080677,13,278.9916689586483,2,26.52841453803807,0,1,0.93194705,1
6.174982773008433,17,1032.805613376844,5,2.977026214158009,1,0,0.035604037,0
35.93657751476976,20,475.9354417541265,5,6.409162731229664,1,0,0.026522415,0
38.14667213886714,11,788.6117211093202,3,19.30829987361769,0,0,0.12445672,0
33.65184529332609,8,438.5652771276361,4,45.909458749064974,1,0,0.10645972,0
30.35280833409776,18,1987.495177620062,0,42.99909725467492,1,0,0.060313992,0
26.039888724925085,3,321.93374421708785,0,30.83765315733684,1,0,0.014718535,0
99.90231079018668,6,103.65684462786476,3,23.268798853636657,1,0,0.87914395,1
22.98547217925673,22,408.0899049852693,4,15.402050583079255,1,0,0.023290606,0
32.22311550006742,7,577.4324545719056,3,9.709479010805389,1,0,0.3096868,0
36.59407470769686,12,569.5756343307983,3,2.95975511709282,1,0,0.06539054,0
40.75161947935607,21,651.7782284261518,0,16.80219395261718,0,0,0.019448012,0
30.84998373883606,13,1057.340328011014,2,0.3154035042581485,1,0,0.057616163,0
99.40932439954264,13,697.1845490671359,3,32.42609520130774,1,0,0.0433575,0
36.28198013394332,9,398.3905935275845,0,13.378564389490204,1,0,0.018782532,0
43.55658447254508,22,541.4268772413167,0,2.2307378013835124,1,0,0.012151657,0
34.76276513451454,23,249.51444652895077,0,19.894491692996457,0,0,0.020891134,0
13.423079532283309,1,273.55039322082206,6,2.777522710259887,0,1,0.99941516,1
15.959156885860772,23,356.72265569906483,1,1.7914344704865817,1,0,0.009964915,0
12.807012608465111,22,1321.7951880314668,1,14.984559327104536,1,0,0.015140666,0
44.37377225552298,18,267.57708832709864,5,3.8546651894072976,0,1,0.9257808,1
17.930561532466022,1,621.1920357818695,1,28.829619747774075,1,0,0.053228743,0
12.662085184982868,9,778.4577922407528,2,23.090383763625955,1,0,0.041695874,0
46.43743385268544,17,744.1688240476952,2,14.03399980532487,1,0,0.032868993,0
61.86977179196531,15,173.27161068130687,2,5.421890088913092,1,0,0.046606533,0
6.291445278549892,13,533.8190169863489,7,2.5280670213717795,0,0,0.12740208,0
198.2785430404963,7,651.5020883763689,4,6.025228308854018,0,0,0.717418,0
37.79894280798418,2,229.2909487256818,1,6.323738928930259,0,0,0.053181402,0
32.94477423910415,14,61.33595600454254,0,2.351376190955285,1,0,0.024381787,0
106.3542168587925,7,95.0969470266854,1,14.262530188444188,0,0,0.35634652,0
39.24454238842011,20,330.917711631367,1,6.207180620658693,1,0,0.015805703,0
20.00817700349966,11,194.52034001730829,2,14.656498281526334,0,0,0.03648058,0
328.5123270299282,0,256.17144814215084,1,0.3829559565723867,0,0,0.2840051,0
12.498444621300887,13,430.0438835884229,1,25.587520025500258,1,0,0.011883704,0
33.19433158463027,19,901.0777794961548,1,36.442048421141,0,0,0.04510211,0
85.38707607150023,11,339.46824219758923,0,3.5623106887893097,1,0,0.027455887,0
12.557957381547928,14,245.6464955986359,1,30.39022706924106,1,0,0.007242933,0
33.04836272417101,0,521.9969764921332,4,23.80252776407777,1,1,0.998323,1
53.86952449035093,0,894.8163168790206,1,1.19161107325775,1,0,0.04955401,0
404.0939224721577,23,288.2678271291153,0,57.21080081138551,1,0,0.043714426,0
14.987294658929782,0,442.6855737970544,4,7.594948388704613,1,0,0.99911195,1
34.89481921641472,8,730.3320226596572,1,6.956164701510646,1,0,0.043171838,0
70.71849455037614,8,126.67102230653308,1,75.8410282611517,1,0,0.011112415,0
39.68786027511789,17,223.808887699595,2,26.59580858447777,1,0,0.0167229,0
10.991834877797928,21,318.82991115514454,1,17.428962210076158,1,0,0.00732369,0
55.04378551115566,22,439.6933483398403,1,2.702475209781872,1,0,0.013817972,0
40.753834990361845,14,1203.9640703985656,3,8.27009815584771,1,0,0.06970723,0
57.14724636818086,23,752.1630647979717,3,12.830803844323404,0,0,0.10615533,0
113.46178926370696,21,1146.4148460927945,2,10.19771926924172,1,0,0.022160372,0
100.80584828597912,4,883.2497097284441,0,9.108151718310776,1,0,0.024644721,0
55.02361056854598,12,298.74669674356386,1,4.113071954712908,1,0,0.039598092,0
49.92821039416596,21,113.79783830341992,1,44.82817634119524,1,0,0.0076655117,0
12.201126513001425,2,674.0797105086779,0,4.767816443942588,1,0,0.031940013,0
31.99837677799952,12,65.30433665739281,2,39.66436068240207,1,0,0.017908646,0
45.61887687226419,21,311.2067418334739,2,27.468987125805164,1,0,0.0116755655,0
24.507636176378824,15,501.2133541359737,1,52.60221532000711,1,0,0.005528966,0
40.350699220252025,9,1101.3475886077276,0,30.504096819003887,1,0,0.023191895,0
16.033496760353064,5,92.92803654934544,1,14.226715371988243,1,0,0.03281913,0
169.74993776107695,13,537.5443941388064,2,1.907560590642599,1,0,0.026115725,0
314.8446073309086,3,1116.119376000744,4,5.709471318325127,1,0,0.67572117,0
24.79033446391805,19,305.5288640743947,1,17.84502936679887,0,0,0.018556379,0
54.61772762878075,13,85.72660679557248,1,5.813165526240292,1,0,0.048951518,0
28.957832429015323,18,426.00461602279313,1,0.3169267237189913,0,0,0.024895208,0
129.3938754972074,21,657.8034307438481,2,13.22313128310238,1,0,0.014630072,0
56.542744460914776,21,468.4024270271176,0,12.917731173734111,0,0,0.032067195,0
39.54081809755271,10,383.8319114501959,1,15.008033310854453,0,0,0.01766849,0
29.26338268660051,16,795.5292474427358,6,9.832652372667043,1,0,0.027265288,0
41.51801160045599,22,664.1376603959071,2,3.8101023033475214,1,0,0.017730659,0
13.458750035628691,14,266.6485990350562,0,79.33081755153383,1,0,0.001384931,0
71.91842506499131,16,346.3041844760036,1,6.5180540559006985,1,0,0.03042782,0
17.921571399077955,9,97.22643088749598,4,0.2682730374606378,1,0,0.19172326,0
62.48221018540078,0,1035.962352120852,2,11.661758899933874,0,0,0.26527864,0
41.66390382844267,2,199.32105720948303,5,37.28156012181751,1,1,0.99854845,1
109.39258689800376,22,1110.3409341969889,1,7.177295392300536,1,0,0.022755126,0
35.981581132218984,5,581.7894594088737,2,8.134430079090432,1,0,0.097778775,0
101.8061979813412,2,440.7690849949429,2,11.077545671056114,1,0,0.0999564,0
14.550818818533704,4,247.38513895614832,2,8.927366933574843,1,0,0.14450948,0
67.31914822939065,5,749.9942359978756,1,20.5735436073847,1,0,0.042215127,0
29.250699170630504,17,453.004710091822,2,49.69865389302587,0,0,0.040424783,0
44.44346369719265,13,168.68353830982943,4,7.130626398123432,0,0,0.9823398,1
39.32063837507718,9,371.2477516441952,3,24.1943827372512,1,0,0.06371182,0
93.34395594999454,22,288.28260324896314,1,29.371048942508555,1,0,0.011857193,0
4.85683746336775,13,184.90004452388007,4,10.79433265955977,1,0,0.05302276,0
50.556005510322144,3,314.909721834068,2,11.752868068772058,0,0,0.16897145,0
8.211218747738789,0,194.99105553177984,2,12.426076163478678,1,0,0.18071586,0
122.3415636058064,7,186.6307597140081,2,35.83271336493408,1,0,0.059163548,0
5.089892983247219,11,122.2739736941734,5,17.631214312725696,0,0,0.9846309,1
13.412917244944312,1,317.0401301932627,1,5.465541218092209,0,0,0.043823473,0
6.862836466038769,22,303.5172355712984,2,4.319801064563061,0,0,0.040104564,0
188.52603217704032,2,167.36742593017982,3,0.9612122697682032,0,1,0.99136615,1
10.084519015512576,1,623.7049977266321,3,0.7967088351128369,1,0,0.9917822,1
41.01404233632893,10,834.8791545409223,1,4.843643790346932,1,0,0.044657107,0
21.41747860624644,21,589.9916621512418,3,131.21016142311703,0,0,0.8047489,0
6.051085005176786,13,72.30749941850398,2,33.923184768875664,0,0,0.029191254,0
26.12027950049277,12,348.45390578082475,3,6.352662446209411,1,0,0.0506194,0
71.00393164994618,12,467.08712665149625,1,25.90648936062925,0,0,0.1402633,0
30.439213069072952,7,544.4450464100378,0,29.8075325585942,0,0,0.03710092,0
93.7920402270361,1,954.4417869209092,2,0.3543549687033492,1,0,0.07170008,0
25.484622556058767,10,542.7299722922288,0,9.876784320101644,1,0,0.021046132,0
36.85010473198385,10,430.79357858897976,2,45.07312517968935,0,0,0.07167553,0
24.90830410288546,1,681.3646606245715,3,6.77547008048734,1,1,0.9879694,1
51.60240647091868,10,526.1977058192118,1,31.49185431719014,0,0,0.08235277,0
244.42580331879105,17,641.8231990116194,2,6.906930810657927,1,0,0.015441615,0
52.57499306687789,22,928.6538864779408,0,15.167973465645852,0,0,0.048386447,0
44.45339175864287,18,265.4179599309073,0,5.376976879718033,1,0,0.017942786,0
19.71905327322226,7,164.5657911361969,3,1.5040487096428123,1,0,0.34327596,0
17.19329735890432,4,325.96044506370964,1,12.267260593162112,1,0,0.050144173,0
158.23310622234973,15,1391.5915398054733,3,13.602934585019682,1,0,0.03582079,0
12.034307726222922,2,503.7647427159377,4,20.811190993154643,1,0,0.995407,1
14.685463878528246,11,468.5941273827602,1,66.95941974604855,1,0,0.0037970198,0
33.199965662338016,8,436.8446421255234,0,48.97247234627255,1,0,0.0063933595,0
23.89548592826082,18,370.6138612357884,1,1.100630756280376,1,0,0.019512104,0
258.8345494811999,11,347.26663342907585,4,25.51650249499129,0,1,0.97299755,1
3.4341452983111056,14,244.955234882502,3,0.5393448603418072,1,0,0.043283258,0
52.52882812980207,3,723.6497898211824,4,33.297293929226974,1,1,0.9660135,1
74.6425300824105,23,414.0289659465122,1,11.645586943147906,0,0,0.093313634,0
11.935371875301003,20,1058.2880400256577,5,3.78438320714864,1,0,0.026579773,0
19.20984432560381,15,256.8403013720427,1,18.55564205861143,1,0,0.012378315,0
56.40794204566018,14,216.45757713767216,2,35.79785523944067,1,0,0.018775249,0
186.70187625206776,8,541.2017194799296,2,1.906387747566572,0,0,0.16271959,0
14.577607627556889,12,318.8574238550181,0,5.960458450231276,1,0,0.016309224,0
7.544190069545229,10,358.2890346288549,2,3.773172298886889,1,0,0.036720082,0
96.7828278112096,14,502.6232791813411,1,24.828825077500344,1,0,0.026159815,0
167.9629230083181,20,606.0316472023819,2,9.304238240826315,1,0,0.013993386,0
26.17928393869499,8,94.72530898328746,2,8.98329411931561,1,0,0.055471413,0
3.999675468333308,8,199.95664104371505,2,30.620219382596584,1,0,0.015898347,0
156.31363491083192,21,304.72907553812826,2,14.683345252154558,0,0,0.4324401,0
30.00816799123971,22,545.7691173490801,2,37.42238352040877,1,0,0.0076852543,0
112.60636900169516,16,546.3984837828366,1,6.418292149609927,1,1,0.031683955,0
35.040976463130434,10,195.7782319221701,4,8.308477070342311,1,0,0.07067782,0
25.137316463499936,0,448.3832424913323,2,24.60293783148971,0,0,0.14709608,0
23.29147265029269,22,496.48783511235376,3,12.362385701480438,1,0,0.014491207,0
159.7236313931401,8,191.68561612031004,8,0.507945804797638,1,0,0.15523346,0
153.6152773986852,3,796.1807662801614,2,51.34663579410502,1,0,0.19869605,0
4.315228945672248,2,82.64752964576444,0,0.7323378119847294,1,0,0.029675081,0
14.34992935004508,18,292.9478333837474,5,7.450709249809789,1,0,0.038567368,0
216.38924109007127,1,362.74604439166063,1,23.68707650729445,1,0,0.08132266,0
25.34817020143448,10,604.7591220836828,2,4.66054261148252,1,0,0.055064768,0
9.388885502650638,6,574.5590761267582,3,9.759809911943622,1,0,0.66570365,0
36.76203802471196,5,1230.4939748933932,1,54.99771200238882,1,0,0.035849087,0
32.83953755707816,11,178.2608151509811,1,48.6259642497166,0,0,0.045700274,0
33.203489130956065,14,387.73622024618845,2,16.578505389804594,0,0,0.034480542,0
22.65628092147083,8,157.65759823667304,2,2.432668668366037,1,0,0.06715532,0
26.840796976172527,1,580.8621855023871,2,11.085815368406845,1,0,0.12851758,0
23.198607247826555,3,497.923205923444,1,11.217147944267223,1,0,0.061463777,0
51.10624220887966,4,495.435251600638,3,25.645522502189028,1,0,0.91422117,1
16.236473019655097,18,444.32037064093697,1,0.6914638575994198,0,0,0.017259382,0
27.39486812788196,20,1036.8202430823148,3,15.207747204136837,1,0,0.029113,0
31.687621144353944,13,1447.1388770652372,3,43.32519356356551,0,0,0.23397201,0
135.0629419369756,12,174.48694378793618,1,30.27186130593803,1,0,0.03692725,0
53.16557678952856,21,218.3351933620125,1,5.86821822545518,1,0,0.019988706,0
32.79577577849515,8,415.76728949137697,2,36.13785584291816,1,0,0.025479777,0
62.56387098331753,15,523.6050096317541,3,17.529219309415005,1,0,0.045026336,0
54.9332211633602,3,454.8306929032138,0,13.788179792710302,1,0,0.027608803,0
108.61775202197089,7,490.42018353431513,1,0.2066076123961894,0,0,0.10183482,0
60.734579367899535,3,485.6853308664862,0,4.5522134080373045,1,0,0.027082637,0
220.06230164367227,11,1011.3912683520624,4,3.2597036639737453,1,0,0.03171884,0
140.4170673229783,5,349.2303082073012,2,7.240781449748477,0,0,0.2678168,0
35.12800202281853,21,1367.927554789268,3,0.7500912992989307,1,0,0.033873312,0
24.179141938144564,11,991.5905622229365,2,13.682532794226454,0,0,0.03595029,0
88.46046715714218,1,451.90896699554247,3,17.961431428426835,0,1,0.97172666,1
61.35207742177673,0,710.2720723940091,1,13.068059721064516,1,0,0.059442017,0
33.29579238052642,22,527.0922898911175,2,4.0679375344196576,1,0,0.01488445,0
8.356573448140752,4,190.7284534003378,0,10.034114364396077,1,0,0.019862233,0
5.856933409521354,15,165.95983450824815,2,23.39573204276538,1,0,0.01277787,0
51.845002731448666,10,340.2155144900231,1,33.093538323102514,0,0,0.08362543,0
79.11023546562635,7,588.8933739398345,3,0.7303406396042513,1,0,0.17818092,0
81.73117288001609,21,331.5709545277652,3,27.446374043501866,0,1,0.904934,1
10.102957841183752,14,1172.2983455789108,2,29.460038601257025,1,0,0.03682107,0
103.26968242043868,20,894.2779414152952,1,17.44446774011348,1,0,0.023843667,0
21.452532087227272,4,163.4679923627372,1,29.308642018905324,1,0,0.022777908,0
53.96963220343484,22,158.39953071624598,2,9.5786738053291,1,0,0.023889985,0
55.517116281135365,1,539.8987613933454,3,17.690793853459926,1,1,0.9853312,1
16.40380900770714,5,587.7455510791367,6,0.8706013879313507,1,1,0.8037019,0
20.26053592857844,12,331.8141788965692,3,28.12690064597721,1,0,0.030739537,0
4.604100211371765,2,198.5185059638186,2,67.37310064614226,1,0,0.02227409,0
14.632710300836694,0,410.1093191926133,2,25.23697073381198,1,0,0.12633857,0
6.034288432753547,20,343.2860728841455,2,25.982932767479983,1,0,0.0069440287,0
56.67635653657034,5,177.06316117328817,3,2.894194354042715,1,1,0.92393225,1
38.91644516066414,16,122.86898413763774,1,61.4487868426526,1,0,0.005557881,0
91.2909874432288,17,205.2239800876628,3,101.88418668056956,0,0,0.9985902,1
52.27625387663343,5,2348.0362663362384,3,60.08445459241218,0,1,0.9813363,1
19.39940278630242,20,84.59246610046365,2,3.875766475085959,1,0,0.029675048,0
51.7384420798223,10,129.04908027954005,3,12.579764245346489,1,0,0.087019175,0
24.768554533066105,4,303.0405231547418,2,46.35228659353214,1,0,0.033616062,0
67.29336817990438,22,419.8400806097893,4,9.89306643347029,0,0,0.7083378,0
50.16777888746992,17,363.14432415351496,3,2.048974387724133,0,1,0.77262974,0
13.618467439221536,19,710.1317672265906,1,2.625424401272146,1,0,0.02054278,0
36.67880543529596,3,335.79556820538244,1,16.76730892649805,1,0,0.05312197,0
38.680440032595314,22,632.210579591207,0,20.85134767741167,1,0,0.009486888,0
26.904378630878934,22,1296.6158566434744,2,4.644981293293871,1,0,0.027465066,0
89.55980155919598,11,1054.6946433271607,2,6.267343070036658,0,0,0.11795759,0
202.96852153818213,23,74.48912472738856,3,11.966912370816376,1,0,0.031024184,0
25.33701289560783,4,508.6697802483217,1,39.49179328404338,0,0,0.036386486,0
25.77233209128326,9,186.329507558568,1,0.741988941386283,1,0,0.04149768,0
3.8649039176093543,12,258.26523331713923,0,19.83691429460464,0,0,0.0040885145,0
32.171487958522455,17,311.564444115439,3,54.81121417408893,1,0,0.009662602,0
23.6607439122656,2,452.8005924667089,2,35.60707098896592,1,0,0.08599632,0
4.215721926923541,0,92.6496208649166,4,4.049639719416346,1,1,0.9998797,1
48.83726601179528,2,485.1702379036859,3,9.216538462116617,1,0,0.9827862,1
66.08971946854632,2,186.85091091774297,0,34.54048859872481,0,0,0.17497128,0
17.56473612462264,2,178.1678473041764,2,19.95144068082783,1,0,0.14818999,0
25.21370436584005,18,632.7760781375714,2,16.94990977845475,0,0,0.028651722,0
13.922638539952503,6,915.475810483748,3,14.248542986531218,0,0,0.21481426,0
78.45632693112623,8,178.79715201974065,1,60.798168284467366,1,0,0.015444558,0
8.024954574828632,3,108.86678893004571,2,79.47429536184869,0,0,0.06839096,0
26.75546387682071,22,849.6314383354772,2,34.91002674569526,0,0,0.032725055,0
257.5135056326639,6,166.1650903366334,1,20.89729907663492,1,0,0.07757375,0
38.53580981312976,16,1095.9837483223057,2,6.598726203276692,0,0,0.051492754,0
58.43598324877112,16,462.7643519894727,2,7.730816509998793,1,0,0.032750897,0
31.605965140847967,9,335.373247854798,3,7.314817426053016,1,0,0.06992376,0
11.30872026830162,16,299.21084243046903,0,7.628826568996669,1,0,0.013641069,0
35.42184473671474,14,85.5778668787963,1,3.063088564481991,1,0,0.04356499,0
54.95274731371956,0,448.0379637851112,2,3.404124435842384,1,0,0.11918318,0
13.162322080273734,15,541.8461146996729,4,8.9428705949056,1,0,0.04496449,0
51.50165361242049,20,14.246846496925462,1,17.666359160778324,1,0,0.027361961,0
127.0918468993098,13,419.6606922599933,1,31.451975615223308,1,0,0.024511147,0
106.6646073707326,19,275.6173419861732,1,28.539870209363,1,0,0.01846338,0
7.517658501770967,19,343.01032037059787,2,25.227606650975908,0,0,0.02071904,0
13.80071511772138,22,375.515237395771,3,1.0762086293863653,1,0,0.019013843,0
7.288667012438568,17,545.069960652294,1,2.78023709896058,1,0,0.021899307,0
106.82107155164744,5,339.0047596260868,2,21.803054125788776,1,0,0.08112327,0
67.37872739232137,21,580.2466994598649,2,64.456323246848,0,0,0.49044704,0
73.9316162089185,17,166.50511308315922,3,11.56233436829156,0,1,0.9790709,1
15.20538580582678,9,429.0992123212192,2,22.484280105242725,1,0,0.026730556,0
11.396816253644658,13,125.89710181509608,1,1.695763491012214,1,0,0.03344427,0
39.52398615215911,14,181.316235681656,2,13.66753218485581,1,0,0.033684697,0
40.48711012351137,16,247.155406335153,3,34.650494209284815,1,0,0.02242365,0
15.57623864068414,9,744.9159889237543,2,4.988514473353248,1,0,0.057780635,0
42.18969029402984,21,145.09630526078618,4,69.63747832016735,0,1,0.9947113,1
69.72563569995623,0,148.78199514449878,0,9.65044628501736,1,0,0.037718497,0
45.97123057691487,1,345.5485802441662,0,6.698226211877632,0,0,0.035063386,0
12.943846006163772,23,364.2687112161438,1,48.1252856186894,0,0,0.011022742,0
4.425298963217459,20,188.85703420486968,2,28.48431497680492,1,0,0.007965355,0
28.250751328657117,5,356.7286509845485,1,3.40881443264156,1,0,0.05588636,0
43.13587040669464,20,599.3184625130194,3,27.424091991098727,1,0,0.020783765,0
28.216762035725843,9,883.595201714686,2,0.9894144429974592,1,0,0.0653686,0
23.846795874986796,15,278.09742176811403,2,26.51290577922468,1,0,0.013852322,0
18.330288548741112,9,1121.2161246454716,0,15.325901236001974,1,0,0.02496922,0
74.86137063721299,9,30.0522274130396,4,57.77802798747808,0,0,0.998128,1
34.73074514130707,14,543.0350933847086,1,6.197991650540323,1,0,0.038359977,0
41.397503429431104,12,620.4562359927954,0,3.0414302535768867,1,0,0.027506478,0
13.852647647011654,7,752.8331281966244,0,13.280748571003516,1,0,0.019666487,0
19.67951656728613,3,272.6927583503664,2,5.74315805058345,0,0,0.1095582,0
43.11184971255214,3,799.1716469099741,1,26.40647494302124,1,0,0.041847344,0
13.390990952129656,17,231.17897291656635,0,53.69250597104024,0,0,0.013091815,0
10.388516615578762,6,1006.3113361402096,1,16.001035149444263,1,0,0.044830523,0
26.333687111027636,13,699.4775072729867,2,7.342351788594053,1,0,0.046760473,0
121.6284337687414,22,382.4833446107124,2,0.3403741313182413,1,0,0.017105669,0
44.298542607569296,13,313.5684297268765,1,39.48129725975089,1,0,0.010887236,0
157.52741525476594,5,385.1580806355706,3,49.095433393325166,0,1,0.9915535,1
32.08784654699414,17,580.6741258790747,7,30.61455802969025,1,0,0.014287654,0
26.8411092406294,4,1182.1317363297617,0,8.804506619521666,0,0,0.036337983,0
9.09534382788777,2,1140.92357030076,5,11.898782049663645,1,0,0.9856758,1
20.5688018318402,20,187.75530549331572,3,29.873659901036746,1,0,0.017559996,0
153.727835533858,1,700.6282513395787,4,1.2415159038650847,1,1,0.9651527,1
50.78242207206642,15,132.60918193978756,1,94.86525396312278,1,0,0.0041507906,0
76.18168673446485,2,320.9352187945228,1,4.386955291824434,1,0,0.059292085,0
74.07646215811596,19,414.2872868053735,1,1.8198756157745772,0,0,0.07731488,0
36.25055023314141,1,261.8227221123467,4,23.92644894826986,1,1,0.9989374,1
29.82043847948096,12,434.688873135787,2,12.248381811040208,0,0,0.032515522,0
41.23071849933466,19,104.1918490213828,5,26.79612809244441,0,0,0.9887754,1
71.61482392292018,3,585.944934292707,3,5.11888364431759,1,1,0.9243516,1
57.8507381630828,3,498.3119138950856,3,5.270635028863811,0,1,0.9222618,1
59.85782768065251,4,121.152453400405,3,13.74420225278696,1,1,0.9805727,1
42.69766246040826,9,312.3186380304827,2,5.747854006883173,1,0,0.05510561,0
16.946580639777174,3,348.2806714065184,0,22.468827049188,0,0,0.013177542,0
28.17414121896624,15,71.67776163020734,2,1.1859433912000836,0,0,0.07648395,0
14.275530586852849,0,114.036943461162,0,8.057051190680141,1,0,0.034629986,0
99.94878107873753,6,994.9962001668222,1,21.313227097098444,1,0,0.044811815,0
4.472538222272524,0,449.5415525268127,2,4.705917569889058,1,0,0.14984567,0
29.43357662018316,21,236.9862617694932,1,4.772714431577271,0,0,0.033620413,0
398.30240775091886,5,64.23683463853958,4,85.52837356123523,1,1,0.9997677,1
26.009593474725055,21,700.701382891045,1,10.942872043066728,0,0,0.019983055,0
11.76601602238076,21,230.3971002514188,1,4.956750356453245,1,0,0.013217423,0
35.94698054687671,9,722.9171111042573,3,6.458356241415945,1,0,0.08924354,0
132.87068528441475,0,861.5194853806106,1,3.1972099151745823,1,0,0.03704301,0
31.172914171559476,14,396.7352931430303,3,0.6811080617656433,1,0,0.046580415,0
67.58248154342574,4,591.5524139479452,3,16.885864901430896,1,1,0.8721664,0
40.445402934375096,18,1194.9168208389035,2,2.184503375220659,0,0,0.057502493,0
25.207131187074317,23,1089.1300215238966,4,8.178293159713764,1,0,0.02319706,0
854.3046486123427,23,576.4379817505754,0,5.508626664201394,1,0,0.0010986243,0
39.29709657465767,8,421.4147892891659,1,3.4813574490181725,1,0,0.04514248,0
21.38826186820745,16,223.5613222918381,1,16.066660862979624,0,0,0.016496142,0
22.42141816772747,21,320.3143778702891,2,18.11776031810466,1,0,0.010499846,0
53.54778851336093,10,216.85266958845256,0,4.25082082354871,1,0,0.023860976,0
55.10372953821753,7,47.65725507646939,5,45.350612788673445,1,0,0.6474229,0
79.20279693888945,1,786.0352314065411,2,0.9022085503531594,1,0,0.083316155,0
42.14617921540825,2,284.09472219661654,3,14.6370179138946,1,1,0.99282056,1
8.744123109152065,15,280.7389105360144,5,13.946550608237525,1,0,0.032848142,0
62.29754120273891,5,469.85871815454186,1,5.096217960174091,0,0,0.043746132,0
26.87070503623565,15,495.6284421095845,1,30.15147993409192,1,0,0.012250273,0
27.49213149658041,4,480.1413170562898,0,1.9853413260128336,1,0,0.029049285,0
8.30692539520381,16,803.3171788659722,3,9.157243911329838,1,0,0.034950957,0
20.62440862853392,5,737.5766521843209,2,5.393171666729852,1,0,0.102476895,0
17.692870922489725,8,687.7071434600056,1,13.82317298156356,0,0,0.014040438,0
35.28775983576306,3,1308.598292638329,3,16.66900700526363,1,1,0.90673894,1
8.555556490711513,20,572.2003234761592,1,29.54413500450762,1,0,0.006404152,0
38.49992497603305,4,2186.846005813322,4,11.590033433851698,0,0,0.9112868,1
41.44370460451389,14,287.54138291148706,4,1.567876286889908,1,0,0.06864239,0
11.944036883846568,22,481.3703028578495,0,40.37995525555621,1,0,0.0030284165,0
19.5963560610958,9,470.30516611050217,4,6.793384947631775,1,0,0.07795212,0
15.524919404332914,1,176.15479614390375,3,6.35238881141411,1,0,0.99763083,1
90.70518231764406,5,478.1274986234423,1,7.14337168369303,0,0,0.11603328,0
2.920445289797549,14,577.2288319725086,1,0.2288092996965279,1,0,0.031268924,0
25.963069578589653,0,1205.0649119108232,0,6.602140480837438,1,0,0.032388993,0
6.955086398207443,6,115.6868164538824,2,25.61113339580969,1,0,0.0363224,0
23.767721055994,17,490.4970342347478,2,1.361571809308753,0,0,0.038284875,0
85.34832606079354,23,212.04179403356704,2,32.990891011029305,1,0,0.011664413,0
19.480008228097965,7,477.50418659511007,2,2.03615268171666,1,0,0.08278411,0
42.03020846119859,15,388.59823417152086,1,13.88785673626114,1,0,0.02473906,0
15.724581518712478,20,257.0691815670862,2,7.770693251687642,0,0,0.04419624,0
254.5462649889535,7,172.5429549806938,3,3.055839378159821,0,1,0.9444095,1
91.21289951107664,7,288.560064223997,5,14.265461445317822,0,0,0.9546506,1
112.97780533826672,19,270.8573006341047,1,6.314302221683553,1,0,0.029286668,0
9.69701944577094,7,452.7817491803801,3,7.896033228271996,1,0,0.3183157,0
12.169357711631108,22,288.52679133707585,2,7.207477944370907,0,0,0.042804714,0
107.7439466248696,18,866.070860433213,0,4.765629195584837,1,0,0.023000209,0
30.133328526315196,21,405.4575193707774,5,17.995900221323236,0,0,0.44625568,0
28.2778255696352,9,145.89374493392398,1,31.32903509478544,1,0,0.013159287,0
51.09993945129242,17,186.36507872969617,1,61.3131525798227,1,0,0.0059064417,0
10.431426014470592,23,771.7707877767804,1,54.13023898881096,0,0,0.0117540015,0
79.2705635664719,6,782.4944164596312,2,16.697831459101458,0,0,0.13863453,0
37.27504107825057,13,233.2084587885379,1,1.0891917959815902,0,0,0.031170651,0
59.10054497217639,2,954.80924584401,3,14.109665507385037,1,1,0.94729906,1
18.71613492624102,22,125.59404875812206,1,2.9400905328187275,1,0,0.016569074,0
61.14388529021418,4,123.93425365533008,1,49.642395981721535,1,0,0.019901918,0
18.08564212198132,2,383.1271068523373,2,0.8645297192103264,1,0,0.15147641,0
95.04786405756208,18,151.3204725115156,1,17.58877032727344,1,0,0.031765223,0
113.2554840082187,1,58.95218313088248,1,0.6474532777892503,0,0,0.15017428,0
91.0934240926462,20,483.9557392459221,2,11.20546066913122,0,0,0.12216753,0
61.34193268171389,0,619.5828933960106,0,58.103087757685394,1,0,0.019012278,0
68.97997565646133,15,583.2229233366953,1,10.82427139988642,1,0,0.03686483,0
2.4450671943807434,21,591.5834102741546,2,5.202858551394519,1,0,0.013250711,0
84.34235796409959,23,703.2026565844977,1,6.2073714784699785,1,0,0.015437071,0
27.82570237876179,11,500.3979733569106,1,4.321751642267059,1,0,0.042064145,0
40.24335886530735,16,66.98536258348642,0,178.1582748430672,1,0,0.0013091267,0
27.55802709253208,17,80.60674181168325,1,14.280853437625405,1,0,0.022978783,0
9.105357589681148,19,513.5444129862739,2,10.430481917007738,1,0,0.014882738,0
21.35672403124,12,303.0404470813902,2,10.225077538104776,0,0,0.03189633,0
70.70631018020511,19,374.7882443653425,1,55.51944284894479,1,0,0.006010452,0
151.01355358819742,23,377.1808445773493,1,17.493304039878304,1,0,0.01787052,0
19.630367716658384,0,258.7832093597365,3,3.091605986061709,1,1,0.998454,1
14.820754289445418,19,1132.8257663112634,4,4.417370157556303,1,0,0.034293782,0
156.2976631887775,15,183.42135101291217,2,31.730132639844165,0,1,0.94470584,1
15.141369589791388,11,2316.9018883218714,0,12.394152082268471,1,0,0.10314424,0
291.0910081501935,12,385.2811292111631,1,12.974384641672842,1,0,0.032770563,0
38.4996304593162,4,359.8818507035115,4,26.912411682843835,1,1,0.97988665,1
15.128660105727704,22,168.32158335387237,1,8.905041026334795,0,0,0.024732102,0
97.93829202037118,9,71.09771531502314,4,9.104081559534844,0,1,0.9952957,1
199.00876446347084,3,699.9942449897374,2,5.353923429258111,1,0,0.04079457,0
8.716801800308808,9,889.4320904609208,1,11.521427042869153,0,0,0.014814344,0
173.98378210634456,11,209.17997345200777,1,11.542914521458057,1,0,0.040459514,0
27.62150978679441,8,123.95349706452464,3,9.880531782145452,1,0,0.10217444,0
161.7949128139647,12,343.4462425592863,3,30.689486233695888,1,0,0.05946596,0
25.016499008284278,17,367.4267076715168,2,1.1412166264928822,0,0,0.047815204,0
7.559513539778748,13,564.4505353770534,2,4.544603547094779,1,0,0.03420358,0
60.459100504209474,20,803.5843228796504,5,4.511585134373565,0,0,0.082485676,0
92.44169286662635,10,288.46140963517496,2,11.449267041326497,0,0,0.15470263,0
297.6632632360093,19,114.12622522184496,1,11.66922487108125,1,0,0.024959592,0
205.1205243482687,10,386.014055399494,2,0.1508967538647435,0,0,0.18013617,0
73.34996734969258,4,463.6962466219733,2,25.56116805120552,0,0,0.26130825,0
28.85527161953095,16,943.0613487991805,2,0.2442908851338003,1,0,0.041812617,0
21.74422857225928,4,227.4094922728937,2,20.19780428085748,1,0,0.105857715,0
27.25200385742945,0,431.2151859424828,2,41.27793733894196,1,0,0.08928095,0
15.94376387568242,16,717.9675060619462,2,16.232941742258877,1,0,0.024020586,0
27.81145453298683,7,567.6597546869455,1,12.782316136563864,0,0,0.015643986,0
2.873332701534569,17,144.42166812208924,1,12.938091866830083,1,0,0.013517757,0
43.76647292602151,9,234.7652574038857,1,2.7127545695201314,1,0,0.042795163,0
35.554434938720014,18,432.5264988512014,3,10.832780147051087,1,0,0.028717456,0
476.21736009545975,9,219.45629796916896,1,47.866587848865535,1,0,0.16496643,0
78.15866997048306,21,136.33427923552122,2,46.21090315396359,1,0,0.011035796,0
22.641392654123678,17,15.917947773188653,4,5.527036808203,0,1,0.9972709,1
64.37558143488535,8,784.8667165727863,2,3.2172604590092355,0,0,0.07247759,0
10.742779803320934,3,813.2461971450645,5,6.949431984980702,0,1,0.95933384,1
20.03154122879757,1,138.4803599680307,4,2.118166685089623,0,1,0.99955255,1
5.654237628836156,19,590.5724065372856,4,17.73887049727973,1,0,0.027920699,0
153.8933027292152,8,100.64979154594216,2,3.189315325363052,1,0,0.06963842,0
66.24367378099554,14,868.9217978202248,2,1.2944020149166142,1,0,0.048391003,0
11.295627713865818,7,2027.650190311488,2,12.765809271487369,1,0,0.16324143,0
34.450117884051394,18,608.358337962612,0,1.3886644403450208,1,0,0.020283557,0
94.61047487919252,2,328.74325089309195,4,11.646641155012212,1,1,0.9944243,1
60.04585867575168,22,185.17698267410188,1,9.485394826523692,1,0,0.019266024,0
53.63903333261607,16,132.55157242543416,1,4.920352263956438,1,0,0.037938043,0
15.520439235209722,1,414.6408032127935,2,31.643634387662576,1,0,0.10557886,0
19.351208964660056,12,114.41480774114125,3,41.53846122122974,0,1,0.9535259,1
40.25170442175232,22,345.44084407771226,1,46.15612215846494,1,1,0.004757534,0
91.85906613758225,14,1194.0557416210663,1,11.604971380134891,1,0,0.04865475,0
15.976727190045372,14,548.6927879318705,4,0.7498935062570053,1,0,0.054249704,0
11.924557942702288,20,708.9186152022245,1,19.587770308533752,1,0,0.0105654625,0
114.89629287479382,13,151.872483660979,1,16.02964019472672,1,0,0.044849586,0
14.435459826221951,13,499.6345918247233,2,5.32502947355098,1,0,0.035332374,0
107.46462278352794,4,420.3978809418588,0,47.08043191307452,0,1,0.89605886,1
46.667820655585054,21,227.28940226797368,2,25.422459302142205,1,0,0.014604933,0
88.32713134642668,11,425.8883386007115,1,43.87707569092184,1,0,0.017776877,0
209.42803949803303,19,57.735613130442864,5,16.819918099245402,0,1,0.9970216,1
72.86901697992937,5,749.0216778405279,2,61.33959907737942,1,0,0.043622248,0
79.52185535200806,12,245.37829547929,0,13.4444832502557,1,0,0.024719596,0
14.61670240319257,23,631.0371411747619,0,64.35151522390201,0,0,0.016099678,0
18.26185245396478,14,393.3291912213272,1,8.839882186163749,1,0,0.024508541,0
69.68231277080297,0,455.3248936741197,3,49.188673112395946,1,1,0.99151015,1
169.73880687125956,11,649.8218257813885,2,1.356686710109658,1,0,0.028251752,0
147.24561937998254,1,1669.2271931900368,2,27.655440609760014,1,0,0.1995956,0
371.17195420170935,9,231.9516927697165,5,25.54308725374612,1,0,0.6333508,0
49.94342039713064,10,339.8046388794142,3,41.363967529999854,1,0,0.042402774,0
44.825795133798486,17,191.4754166080962,0,42.84386601445583,1,0,0.0065405723,0
100.10322008601013,14,774.4208553499976,1,0.7824200871857536,1,0,0.036840674,0
37.297030278094304,14,592.7877049620346,1,29.840698430769702,0,0,0.030564113,0
34.381947242905646,20,681.9927848306329,4,21.12049781397706,1,0,0.03202705,0
12.840896260396748,8,1477.592828397704,4,1.6655061600127794,1,0,0.32707477,0
98.61468080604511,21,1380.286854692676,2,26.85296846760371,1,0,0.031222986,0
12.52845213559343,15,972.0961846587566,4,37.63207736450075,1,0,0.046374492,0
61.08461852246775,9,1161.4667298531756,0,11.739298377358498,0,0,0.114412785,0
8.85361417529189,12,150.14391718391576,0,19.110722192228888,1,0,0.0065658228,0
109.5451302849348,2,230.991760434938,3,5.301938520169608,1,1,0.9823888,1
13.081410501645612,2,523.3049999610862,1,6.848938265853021,1,0,0.072442204,0
85.07065775660604,22,821.5361053461152,2,13.906084558406508,1,0,0.019131355,0
7.4682786029420996,17,160.6575190324794,4,58.53404495503982,1,0,0.014727949,0
23.57493232515192,11,1622.162254950684,1,14.134771183353232,1,0,0.07045806,0
118.907443326271,11,246.80891284501985,1,2.653825702831857,0,0,0.15744919,0
16.356974484901095,18,472.29490995161,4,15.839365270412886,0,0,0.41537473,0
39.141802397302605,22,375.9513004325737,5,6.5431774829038885,1,0,0.034384575,0
22.681939788128226,8,752.0652377941536,1,21.918825215837863,0,0,0.01790141,0
3.6348567559115423,21,69.15579010003525,0,1.3411505609874013,1,0,0.012831261,0
49.80219597131254,2,455.9319644650896,3,24.57392425087874,1,1,0.9808189,1
56.38812008689745,2,190.51047635086755,4,15.078263517420796,1,1,0.9981193,1
12.08817566947566,23,316.57901098917057,4,10.130633374841874,0,1,0.7486601,0
64.95445270718646,6,468.05015451860686,1,2.710586848022352,1,0,0.04427953,0
16.51559186083856,11,500.6581076939222,1,17.240155443148023,0,0,0.01009467,0
13.418081038960391,16,424.0398488630998,2,51.52999498590207,1,0,0.004834239,0
36.84992377389841,4,126.81675875311822,0,29.792665815468137,1,0,0.011605334,0
18.515071126539837,4,261.0449774033467,4,29.804761258401577,1,1,0.9871017,1
362.2858731161507,16,1091.27018849918,1,11.726068881620384,1,0,0.012685722,0
7.729764283414623,19,273.0868130856701,0,5.883250354336111,0,0,0.008883329,0
76.58796980289462,0,420.6221126757253,4,6.277397841523842,1,0,0.99803895,1
98.3868647789048,16,265.4463129871566,2,10.275034117119445,0,0,0.1958631,0
5.05677472971494,5,622.2257388057949,1,0.8485128392140063,1,0,0.058693465,0
6.472198623767943,22,87.65748287894613,2,19.38918093912613,1,0,0.013140563,0
64.22489404049878,0,274.9499459670044,2,18.285131089680384,1,0,0.18964688,0
22.61216944361199,8,547.5933125105503,1,0.225314980799167,1,0,0.044884253,0
53.70804760240813,21,675.641162844315,3,21.08431268132204,1,0,0.022082988,0
114.37094495375112,16,442.12566437518177,1,3.4220922568900427,1,0,0.030783951,0
25.225409365327625,16,339.9857089277324,2,30.577422375481376,0,0,0.029218484,0
12.629486888355697,14,755.2704674841672,3,14.793713992897304,1,0,0.040993806,0
2.388245434950227,6,1013.1988426434068,0,19.466155362094344,1,0,0.02098715,0
44.907270174547776,16,788.4870826298638,1,1.717316190153303,1,0,0.033953138,0
14.45997316010324,13,257.76570826741295,4,0.7259002318891923,0,0,0.9432217,1
50.06816068897536,22,543.6818480241343,4,10.439755450090528,1,0,0.026236052,0
46.137329550991566,10,95.86255889225326,1,35.34268344466826,1,0,0.0164585,0
9.166286144688398,8,515.7313382273293,2,16.45061278788238,1,0,0.036470894,0
205.17758752404328,2,372.1158323730458,1,9.756204535521157,1,0,0.045635138,0
108.12179200187104,5,347.9135660379243,0,22.4281919991567,0,0,0.59089017,0
85.47905546003041,7,839.4707927763161,3,57.24520463359208,1,0,0.27235597,0
11.195669861453869,19,343.5554788701793,2,0.8364792509863664,1,0,0.019669963,0
24.350922076610523,17,556.0805227472905,1,4.326161518762945,1,0,0.02518051,0
21.180278235766817,3,187.90496761422335,0,13.368682173388107,1,0,0.02310063,0
24.1730775218191,1,1125.793068841614,1,1.8898574933161671,1,0,0.05160931,0
11.89231345837006,13,445.7146508039305,1,65.87661159754376,1,0,0.0029253114,0
56.52296455246671,13,741.3700176524546,3,29.359335978108746,0,0,0.16508117,0
46.02724606015841,22,1128.3524003827977,8,31.746023390287625,1,0,0.011202576,0
52.739894709866974,14,335.6302677747815,1,2.1074314069464477,1,0,0.035816677,0
22.06627051392009,20,862.6714389850013,2,3.509052631145522,1,0,0.023913164,0
133.08902433613227,7,648.4478112879332,0,1.4655521750289071,1,0,0.024748461,0
44.15655845921956,16,457.7517443080381,1,3.6475894979134447,1,0,0.0302175,0
2.3683177724389086,23,1056.0384373379975,2,8.861076805039774,1,0,0.012727237,0
19.295775488239467,0,239.7949720003845,1,6.81232062250616,0,0,0.051724635,0
34.570408275951195,0,1425.1055304788097,0,11.1275827947447,1,0,0.0356949,0
96.09390409420293,23,561.8934730658747,1,3.1631682146214724,1,0,0.013684984,0
27.09315363387389,3,745.7697840244977,3,1.8874729900703529,0,1,0.87455136,0
28.500294780382877,10,398.2389657340355,3,2.037213193727958,0,0,0.5643577,0
18.86264928010648,23,660.1056461381237,2,21.803351906938527,1,0,0.008646662,0
71.20430864734402,6,702.6290668028546,0,12.70132217457964,1,0,0.027020149,0
23.392437733307904,20,1094.9434663218012,0,18.483076359008223,1,0,0.015722293,0
20.01635639043714,1,436.8968800035173,4,27.266000523546488,1,1,0.9980416,1
17.4239217761274,18,125.14546221072688,4,17.588446012233547,0,1,0.98930943,1
63.8528664223419,3,571.618064374947,2,15.95791219441591,1,0,0.10002454,0
21.47791806100851,15,318.4879274127732,4,23.461923133682,1,0,0.035455666,0
6.848999316622368,1,109.02954872227602,3,9.249602961692524,1,1,0.9982431,1
68.21447305236659,23,1214.6203385981362,2,6.166876573038955,0,0,0.09340161,0
18.14987775493082,13,556.6536757054698,5,10.002525837268724,0,0,0.2319538,0
52.30033250952585,12,734.8990412271679,5,29.08774934655721,1,0,0.067252465,0
53.18546550844045,9,544.31670914505,0,0.3115303852842096,1,0,0.027736977,0
121.9494939967164,23,514.3857995544953,4,2.0833669799367938,1,0,0.016849969,0
104.01451110015574,7,233.4609978551825,2,1.3208975848690427,1,0,0.0695181,0
20.593395119975607,22,831.6565181261461,3,71.45373118605131,1,0,0.0052493312,0
30.988476665301405,19,85.60941233501055,0,13.204518301283755,1,0,0.016183918,0
10.070334520711588,2,1452.603117944026,2,5.266035755837714,1,0,0.11344558,0
195.84678750388912,1,914.0583809775112,4,12.1491004220263,1,1,0.92147785,1
56.9188867450815,14,113.98138063266885,2,15.918793347408224,1,0,0.04458349,0
147.58713133129817,10,114.0670688552256,3,18.52932794718161,1,0,0.13665913,0
26.602463301869808,8,152.70080174178258,1,44.33736137364564,0,0,0.023736775,0
4.715502914346997,19,340.3143342538797,1,32.11781334645218,0,0,0.00810039,0
169.30683448407746,8,642.3185785246527,6,4.499686994590439,1,0,0.10751235,0
40.16988593341537,19,446.8730967152202,1,23.94329938262727,1,0,0.012234012,0
41.81207207903807,2,389.8765689232093,2,5.999086854297855,1,0,0.13557786,0
38.68543470561519,17,448.9940685310848,2,26.31059652377923,1,0,0.017318157,0
69.73303208291534,12,539.9826357344232,2,4.57346840147069,1,0,0.051633652,0
62.373049583206864,12,272.46216260474904,1,17.00678027689388,0,0,0.05424305,0
7.45931396979937,21,391.13201961315866,2,1.498230039597318,1,0,0.014067158,0
108.51554722726816,3,392.8378729296163,3,8.358950040640066,1,1,0.93958896,1
21.56445286426292,0,816.8985257964812,2,0.0718956209606158,1,0,0.11238202,0
22.941602233612542,9,142.6131697169037,2,19.47409233226133,0,0,0.04762933,0
205.90785092177248,14,165.58693696577814,4,28.97706298830487,1,0,0.080731526,0
91.8869123979034,17,434.3945070722477,0,17.09352443063181,1,0,0.019755602,0
26.096845554851026,9,374.1006933858957,2,41.64089744030638,1,0,0.016112963,0
5.717935760686059,18,325.7742609432144,3,27.803705132069474,1,0,0.012653311,0
43.01880177015984,12,508.1129066657842,3,51.52239894334385,0,0,0.43796313,0
62.71845998031347,14,719.9712090068916,1,12.536009540331264,1,0,0.04127175,0
33.76634144685442,3,1141.5572042671863,1,26.03598272881581,0,0,0.13044922,0
10.52718480599131,21,262.07722387803915,4,0.9217883819424256,1,0,0.048766363,0
16.5984951003503,1,458.0745293401429,1,8.81931165025212,1,0,0.07474003,0
10.430966123370997,13,1201.8467264580668,1,14.338256834330682,1,0,0.03397498,0
45.39475332285063,3,543.0393208850296,1,4.506773605394644,1,0,0.053923596,0
83.0478504571267,20,446.5905248626659,1,2.147907695983431,1,0,0.019586189,0
102.04347807350798,1,590.1342814811042,0,11.150854180122549,1,0,0.028858082,0
17.59776860648982,21,237.5492237925729,1,7.431500037749751,0,0,0.023581166,0
46.29459812894817,7,387.5994580062869,5,2.012860404568711,0,0,0.83097565,0
63.69268964818935,4,770.4314787390297,3,30.227952579358167,1,0,0.7957707,0
21.951837777605352,1,491.44871494443385,0,24.318474676198463,1,0,0.026331728,0
31.54744537570317,3,1243.3554933809385,3,1.508332783200616,0,1,0.85936743,0
306.0860837204818,4,220.61719080234147,3,46.1209297250822,1,1,0.99385095,1
44.93077686429994,23,1302.9553349268876,5,30.394462955923068,1,0,0.027260117,0
88.49613900579465,7,223.3663679387828,1,3.381013376197637,0,0,0.08616972,0
23.69266992064481,7,293.7945818837973,1,39.503964645400295,1,0,0.010925619,0
38.158839756206135,16,26.815490054744984,4,12.663705210864546,1,0,0.12307037,0
6.590775968677252,10,242.48157708036032,3,19.214418487032177,0,1,0.7540292,0
35.69212879044272,20,265.7675070955638,2,21.623885126422447,1,0,0.014035133,0
120.57572346052731,10,991.8254239084016,1,30.32764418197725,1,0,0.04611942,0
298.5384031866137,15,198.2630128673212,1,8.293377336104829,1,0,0.029547883,0
121.10295211342252,20,174.58345179287744,3,57.331573088200926,1,0,0.023629589,0
72.73741845054141,21,406.7115856065746,1,19.300003522368,0,0,0.08896947,0
38.58888704196715,0,782.7179148620359,2,13.354779011772626,1,0,0.12092241,0
20.086157026281224,12,121.98251180020044,1,1.9825164416943275,1,0,0.039209116,0
31.17849133644629,11,495.2058986663979,3,2.757552746053572,1,0,0.0679327,0
67.54783602130394,9,1461.7624054807625,2,42.45154654426225,1,0,0.1191252,0
16.690789956577508,11,304.5257627074231,3,6.284544303853638,1,0,0.049031097,0
93.04888623427904,11,224.7082073170204,0,15.65973864208651,1,0,0.026025077,0
13.67930320047032,2,122.67385442356375,4,6.245249682228784,1,1,0.9993468,1
6.176526712752348,14,436.5297940501378,1,62.94979826564284,1,0,0.0025985467,0
13.301821438958935,10,410.1133614896573,2,26.97658351421573,1,0,0.020118967,0
6.92140903900891,0,339.4220638998108,0,15.510605441085117,1,0,0.03268585,0
9.278169169017897,20,500.7734493951013,1,0.7511164629710496,1,0,0.014414919,0
113.5375262059009,22,438.5516067386864,3,11.159195848520817,0,0,0.7537999,0
29.959549328274544,1,459.4647983333776,3,5.000657573735759,0,1,0.9780603,1
45.53950850474317,17,443.6252405245827,1,4.158612864618209,1,0,0.026204579,0
116.5258993625566,6,651.7853820257398,2,14.942554067296289,1,0,0.0576629,0
128.90834937652576,3,130.69254855132178,1,13.865458715463,1,0,0.061569754,0
22.09617104731616,14,226.12540478515947,1,18.771804288947997,1,0,0.013510931,0
138.18103073331676,11,542.2534625792188,2,2.314407454923805,1,0,0.03723812,0
53.763659166444334,13,147.3454629993931,3,6.7273841047536544,1,0,0.07034439,0
36.72018403446173,15,456.470672110136,3,0.8195961689614076,0,0,0.4556517,0
56.945742039083,18,399.5888683978791,1,2.1014720876832547,1,0,0.022978794,0
8.796671231143609,15,338.133839520568,3,44.10788257731791,1,0,0.011107228,0
16.674804127300263,8,142.7181146097625,1,9.076683235588698,1,0,0.025859976,0
32.846905983394514,11,203.5450926507281,5,15.254423605809563,1,0,0.04836458,0
67.33684974240983,2,564.5546139036891,1,5.538424815029755,1,0,0.054456204,0
25.228364838087384,11,738.6250553215236,0,11.225865504601076,1,0,0.02247067,0
32.22302444643083,8,214.43773078491387,0,7.350249243908569,1,0,0.018283812,0
96.48953858022098,0,276.4024005073719,1,3.719933500078728,0,0,0.14237387,0
150.16003473268435,19,314.61742717403234,3,15.112250055482436,0,1,0.9434906,1
78.81734188704995,7,88.17029855715468,1,54.46458087879954,1,0,0.019132482,0
130.11544182667964,10,152.25636449384615,1,33.357603661299514,1,0,0.036937356,0
24.425805135085994,14,514.4497415747771,1,27.378018315668427,1,0,0.014487272,0
26.938727102277827,9,296.5000091784558,4,9.349662647637928,1,0,0.061923347,0
50.31753580332629,1,138.18440215956747,0,9.90172035182989,0,0,0.032775536,0
27.08358246807132,18,369.0499791568002,1,32.53670181521498,1,0,0.0072595878,0
22.040251103419248,23,144.98108751965827,2,36.63196230091327,1,0,0.007865447,0
190.9753445668773,14,382.0337799740309,0,3.8774496294847673,0,0,0.37495396,0
29.9287355864356,22,740.3418835449309,1,12.623394031173056,0,0,0.02271445,0
13.929179317407211,3,1008.84375437509,2,12.37036854896575,1,0,0.119935505,0
59.58462386925496,1,1033.2181400624604,4,26.22158974926309,0,0,0.95704037,1
229.47517645203956,9,602.1579211487965,2,48.19489154165672,1,0,0.11923875,0
39.67848669644891,18,68.35333710716029,3,35.60482471310664,1,0,0.030570908,0
125.38298747958376,21,538.4939044782443,1,25.52194036864107,1,0,0.013685848,0
23.621382034950777,22,454.62721229603386,3,32.95163644361313,1,0,0.010231958,0
22.391600257795854,0,286.107702625714,4,41.33036283206958,1,1,0.9995621,1
18.360083753065684,2,658.606438223313,2,26.39497776145107,1,0,0.10571363,0
31.70865090691485,18,116.5278683421066,2,6.484543585948865,1,0,0.035545614,0
229.60191477348465,22,869.1881426457113,3,20.137143036836413,0,0,0.6911792,0
11.524841346010268,7,218.78949909354,6,13.834623795778311,0,1,0.9837104,1
188.14987076668004,19,577.3010185816391,5,0.5690059320408916,1,0,0.023253439,0
13.350481031808894,17,385.05271806103406,1,12.573903905368285,1,0,0.014639141,0
28.96790712958253,15,223.65308440887367,2,15.459458660551183,1,0,0.023016604,0
84.41891099730897,3,735.7925293436932,1,4.083391299515899,0,0,0.102784924,0
68.73549848233014,8,242.36510111319137,0,47.38638653265124,1,0,0.010173076,0
48.52262385233367,15,326.4912466172663,2,30.00796962089816,1,0,0.017210584,0
7.033144881115908,10,233.7462822766334,0,11.458329771804394,1,0,0.009957681,0
52.57465319298516,20,1105.4610064987696,1,21.820932710520708,1,0,0.02426146,0
13.16596772653478,21,169.02459317054692,3,19.23916953980288,1,0,0.022250535,0
477.6647500264136,1,278.4585639112541,0,3.2649618895696757,1,0,0.028664974,0
29.564415689750557,15,208.81732217780095,2,28.931377795000436,1,0,0.015098225,0
44.19978242238832,22,109.19940331587206,3,10.886902245329075,1,0,0.03670827,0
11.62663526461615,22,874.8276771118296,3,30.72933334136866,0,0,0.049358495,0
22.67175519073702,2,391.5776349062012,1,9.269208188714078,1,0,0.0697811,0
10.063930950080444,20,550.8693761548809,2,33.66103713528079,1,0,0.00807108,0
97.66397246563857,0,269.49630454041164,1,8.159066764143068,1,0,0.06574626,0
28.16352126156548,6,491.2894571190637,1,2.132722418195058,0,0,0.021390159,0
64.24223171220405,19,427.93498091750655,2,26.35915483324755,0,0,0.11618599,0
18.4564290568714,0,793.2733552281035,2,16.37008677087614,0,0,0.21071085,0
22.1726052453937,12,238.82290690412717,2,6.334266795261713,1,0,0.037171736,0
132.7119044704818,12,808.3353697317767,3,9.12950992794879,1,0,0.047450967,0
13.850297634647438,0,790.2655805698138,2,25.09638918182384,1,0,0.10887928,0
6.040917960296353,12,1436.0128050398412,2,37.6810509189504,1,1,0.064083,0
54.93991645234687,15,257.20425229591416,3,14.402627730772082,1,0,0.041347384,0
11.6892169736775,11,47.09165774183864,0,21.90963446185464,1,0,0.006258774,0
23.583176677834807,12,873.3647062256302,1,19.68053197509663,1,0,0.031433806,0
91.06589651071005,2,327.0965818614346,3,16.095797853084495,0,1,0.9814062,1
16.14166109071372,23,589.8939373954822,5,16.639263844989017,0,0,0.061381005,0
88.09802140549024,21,317.5338298213064,2,22.28142606017609,1,0,0.01621112,0
18.518580125981373,23,1810.540640393576,3,32.57675324706417,1,0,0.022007942,0
162.50013153279815,18,79.62978004305617,1,14.40679863999563,1,0,0.04222586,0
137.70352426132038,21,1290.8937057342405,0,11.557427806153028,1,0,0.028501738,0
22.84208320756133,11,264.65948391704273,1,6.39239714783711,1,0,0.03178524,0
29.57034028424051,12,100.93689649832908,5,19.06104961170367,0,1,0.99163204,1
15.927775452617976,11,190.5267135579519,1,8.831211662985035,1,0,0.024869675,0
44.70127312136025,19,252.93923621814645,2,1.3709878324493232,1,0,0.028474798,0
115.48844626105986,1,1153.422173896584,1,1.7128151059701215,0,0,0.114361525,0
8.612745847100799,17,319.9904715947873,2,20.80990214720161,1,0,0.0108451685,0
91.60157307218948,6,1147.029977070081,2,33.94526098336608,1,0,0.0904466,0
9.738268555976504,6,280.7875407666805,1,45.98216256716712,1,0,0.006989222,0
15.491312667512885,17,1072.9796700145785,2,9.370968402639772,1,0,0.035130564,0
6.124494602239727,17,402.7186941692555,1,33.701766703363155,1,0,0.005474833,0
300.3491277229037,16,184.38207623060543,1,69.88589092859257,1,0,0.12999997,0
38.81092210217686,7,209.87833317259395,1,7.911804712142388,1,0,0.040589444,0
46.74712072395763,17,77.96908345021886,2,6.517308098142736,0,0,0.12466842,0
18.613450074098605,10,263.97972921462167,4,1.4039037875714333,0,1,0.91876036,1
106.37458302148168,19,95.70000178407015,9,14.240485701118008,1,0,0.033483762,0
4.467474449452948,1,358.59290854256903,3,69.81803005006341,1,1,0.98309904,1
37.58727005273517,10,598.3551075363035,2,2.826766217991004,0,0,0.04935467,0
332.52822569477274,3,116.20726753469344,3,43.38795795290985,1,1,0.9973562,1
24.976764863015436,21,544.0779286073519,2,19.664920524709725,1,0,0.011728927,0
37.23121580948353,12,409.45752199160887,2,10.102804365763433,1,0,0.04241474,0
71.681521399736,3,270.06763128501245,2,22.1817738659014,0,0,0.26445088,0
16.25741846588023,20,623.6397541009746,1,26.7349908002903,0,0,0.012516929,0
37.44395054380937,9,245.6050955423629,2,19.230185443730125,1,0,0.03659939,0
95.67865105402916,19,404.2725818030577,3,18.968780573545946,1,0,0.028520282,0
44.45118107072887,12,317.6014128030401,4,6.803985363317782,1,0,0.060233466,0
53.03685554064519,3,401.9414678319073,0,6.567223519082489,0,0,0.034892462,0
25.804930796904536,11,82.57203757075729,3,19.05607313238689,0,0,0.98322856,1
50.17922312007635,13,356.5438409258394,2,0.7647553327517711,1,0,0.043959204,0
38.697138590269184,15,764.5359729331919,2,0.0332985740375421,0,0,0.053560458,0
156.8147064039477,7,397.898637597003,1,9.230497533111878,1,0,0.036979727,0
75.51977248915108,3,510.0234245214657,2,19.63806232497717,1,0,0.093551524,0
28.68338915517977,4,812.5911977047779,1,1.144823333011779,0,0,0.04518819,0
3.168275808646663,9,36.012760644774794,0,10.618476321991672,0,0,0.006341421,0
74.86767001020678,8,976.7091303684728,0,2.3930166974035214,0,0,0.07062027,0
77.88751577370313,21,452.6585142707767,3,1.0309205343708363,1,0,0.017648878,0
14.6302605170042,16,345.27498559477783,3,7.183117656358655,1,0,0.031700872,0
4.961120279930027,23,189.2984620052989,6,15.227347502922974,1,0,0.034418914,0
11.68367938914624,22,169.94793717983544,3,4.371489872309698,0,1,0.9619852,1
92.40570883285946,1,301.9059280842764,2,83.88555921236117,1,0,0.22584717,0
12.619187938526268,2,314.3215470702809,2,16.488757551268847,1,0,0.15168433,0
23.114840387078686,1,355.0366439963576,2,59.62678017165513,1,0,0.04842749,0
45.62218262527859,7,264.44962382677784,2,6.853876841019237,1,0,0.077204145,0
124.50775233732558,8,518.5296961091472,4,4.315234571743723,0,1,0.60839856,0
35.93970999133004,17,873.0053274267646,4,17.45218190480027,1,0,0.053041197,0
33.102627943211935,3,331.3957234993248,0,25.3858423971204,0,0,0.03129811,0
21.13965345428229,11,390.1265656280767,0,12.694778933771746,0,0,0.0068010218,0
186.9147795171413,19,962.6915970424658,2,8.753419982334854,0,0,0.2346203,0
106.2665298509572,9,176.48264097430058,4,23.56628964761157,1,0,0.14523214,0
33.27733702039837,10,403.9055017761343,1,0.4530041603846794,0,0,0.020360962,0
9.055940151227489,19,718.2068660651416,1,18.1839225869038,1,0,0.011953358,0
16.60511011669078,17,529.819857604646,2,41.02805025345488,1,0,0.008645338,0
65.33197889538765,0,708.2475200013448,5,47.20123154559547,0,1,0.9911851,1
17.78796898364476,5,272.22784827905633,1,2.504072739737921,1,0,0.060400702,0
89.3242451105658,22,1205.0888398267834,3,6.031193173886368,1,0,0.023286743,0
52.533892594101694,9,361.5356675120854,3,41.43576727567639,1,0,0.0640114,0
49.04074053505749,6,96.5297781311002,2,0.6389787174377772,0,0,0.14206502,0
70.34732623274252,9,200.1343319795644,2,9.967029975013622,1,0,0.05880884,0
60.25513806295468,20,728.8207007460156,2,6.507705493879335,0,0,0.07088625,0
15.561850835178369,19,900.7914114395649,2,0.1566243470669653,1,0,0.026801657,0
26.42128591351019,20,349.7075662841641,3,6.030139587394856,1,0,0.02408379,0
379.86506078296105,22,186.10196577459388,1,50.067309947853495,1,0,0.03990188,0
10.93691132171588,20,504.56423258941663,4,5.842629799155721,0,0,0.31862402,0
22.77025412275688,8,405.3107061351453,1,19.818221995127967,1,0,0.0228947,0
106.23970323011856,14,390.1743748152209,1,24.057296299912007,0,0,0.5929405,0
31.21002843744833,9,637.1133228725337,0,18.332486656995048,0,0,0.020475358,0
16.246507158045453,15,290.4773766182176,4,2.060026788403208,1,0,0.0574037,0
9.745700518961032,4,226.062234259331,2,16.53586590043883,1,0,0.10806489,0
62.5538586565266,1,845.3638544943832,2,1.49810942074188,1,0,0.09069605,0
101.48311869609616,6,121.78247723356264,3,29.487326431660865,1,0,0.89802015,1
148.39736355406373,10,514.5427413657086,3,21.05308439637078,1,0,0.05499918,0
38.62070417117162,21,87.5009344028775,1,8.421750623269656,1,0,0.02273153,0
104.06209870429184,15,370.7868963733279,3,25.99889008958121,0,1,0.8609205,0
13.02745386893216,22,240.7322024836372,3,15.249674653073514,1,0,0.018468324,0
43.29431658961958,6,439.5351839421552,1,39.84830590055211,1,0,0.018066943,0
18.58979951612448,16,499.82067972869424,1,18.978994402227173,1,0,0.015520009,0
43.54691377767543,16,316.6180883196041,1,14.27187040556778,1,0,0.020731585,0
77.5337775000623,11,909.699230137988,0,24.82895339954741,0,0,0.3275324,0
106.66852939276544,13,315.80664258269934,3,12.70672169837698,0,1,0.89720273,1
13.600326288165832,8,404.5046618402472,2,8.361498417661254,0,0,0.025377672,0
129.99385746726827,16,944.0166197695092,5,15.602438124974212,1,0,0.04241447,0
22.773868646853185,21,105.7259175764776,0,47.8215382648625,1,0,0.0031163844,0
13.121698215119263,20,283.2329858152155,1,27.981836177717405,1,0,0.0054233726,0
30.857992016412727,10,169.18531011856598,4,16.589334563762996,0,1,0.97509074,1
8.477768537369883,8,870.523506221911,1,36.8418093078346,1,0,0.01742961,0
36.76617249409477,0,70.25978280176443,1,14.997530648006858,1,0,0.07743535,0
48.89641785430518,14,445.0924136366127,3,30.440864738966997,1,0,0.03421023,0
29.95301287470769,7,590.8476481043285,2,42.16065767270971,1,0,0.030863862,0
62.56241450750054,1,1715.6930136658823,4,1.808420765422371,1,0,0.969003,1
26.717504361249773,7,213.8917153691152,0,9.821097665301032,0,0,0.008823986,0
36.74679564654745,19,654.1321090143899,2,34.35325113860123,1,0,0.014535976,0
8.665380476193619,19,608.7306886630246,4,1.306043469163474,1,0,0.032764077,0
38.193760607254006,19,482.5658757206157,2,11.011874716585666,1,0,0.020054441,0
15.626428147298771,12,419.5073147464104,1,3.046832356339399,1,0,0.03603476,0
23.341231692670352,16,667.1931457178777,2,8.16855639049764,1,0,0.03350081,0
33.325435640853,2,454.5503818993294,2,9.60001719482124,0,0,0.15665351,0
44.29968792980695,16,322.8823867932378,2,5.292712097123842,1,0,0.03069249,0
7.052162947344841,16,496.3032128145061,3,4.370526967043317,1,0,0.03223166,0
7.664304661070277,13,516.9147717172315,4,35.042241905132016,1,0,0.035647236,0
27.059142888322548,21,917.2167283177632,1,41.45957172897267,1,0,0.008219802,0
58.81435387393663,7,304.753354557788,2,0.1551408402946122,1,0,0.07696854,0
52.46999159838064,6,907.23799157387,2,12.518683819295616,0,0,0.07877393,0
89.3695870972033,19,961.1584800771204,1,2.818124108821705,0,0,0.09453349,0
134.43441574197803,1,796.6463887182518,1,30.18380621582826,1,0,0.06401599,0
60.12545691678993,3,334.1509600009104,0,27.22287219829135,0,0,0.12977977,0
35.878482053367506,4,426.0420223041657,0,6.117000926526345,1,0,0.028173119,0
13.046790935353894,13,636.5500209644102,1,8.96155343498249,0,0,0.01235111,0
14.20980501617277,6,720.3780150363696,2,15.224103868646282,1,0,0.08441415,0
22.93879377136053,2,59.68708068237352,5,2.093003571888097,1,1,0.9993154,1
47.822039308695054,7,618.1129684493384,1,32.93619973616683,1,0,0.025256813,0
45.637764068864016,17,602.5768982973989,3,22.471020007397303,1,0,0.034330167,0
36.75387844240647,15,918.4909327296012,0,4.007010352009404,1,0,0.026906466,0
31.414744163265897,12,196.02755669973965,2,2.4122817768361404,1,0,0.047325034,0
68.7513418589152,6,475.8959009677171,7,42.55843338597714,1,0,0.27140668,0
45.07521014093784,15,1546.3640015150277,2,13.933856584169044,0,0,0.08802831,0
49.29619028311403,14,1199.994056270477,4,39.99549313033648,1,0,0.08191627,0
49.82102676243524,4,310.68240219963377,2,57.88538599006071,1,0,0.032205164,0
21.193765192516743,8,210.35953404384207,1,2.6966340519553182,0,0,0.017377464,0
13.054886120853544,9,883.5746056937616,0,55.07304262324969,0,0,0.054705855,0
59.8073039466545,6,185.32687553446544,1,0.6459710202882307,1,0,0.049914036,0
55.51911462371718,15,204.48102744262331,1,56.54562411189936,1,0,0.008068599,0
29.370005693616,19,438.4800942283997,0,1.96808336655238,0,0,0.014576297,0
24.14938870006616,10,236.6128583691678,3,13.276993471068112,1,0,0.049827125,0
357.2457964301693,18,289.6236091685695,2,3.431983309999522,1,0,0.016485246,0
17.129308712495575,17,1075.8244656838249,0,8.06914702840217,1,0,0.022767095,0
29.442991421561373,4,1057.472061983131,0,31.72122864183586,1,0,0.023372753,0
47.72757762482012,2,472.0372314077069,2,6.844427486033822,0,0,0.18511342,0
11.539424890348126,17,238.2579611865445,5,20.59765524929446,1,0,0.033560194,0
41.150495430465554,8,441.1640027293193,2,38.119079722133336,1,0,0.026507119,0
220.90861757246267,1,608.8882177291388,1,17.655778277500975,1,0,0.056997217,0
93.11806447159977,2,698.2950295950114,1,3.511726516879784,1,0,0.048624024,0
68.8685996160195,3,569.0450299234275,3,3.132615925879677,1,1,0.92669344,1
66.18328436008288,17,821.4149523742444,2,21.278614513452048,1,0,0.030860098,0
40.93413111137875,15,338.9558384755109,2,41.56659338403338,0,0,0.065982096,0
95.429996672731,9,389.8407404729269,3,46.27922591701525,0,0,0.94097716,1
31.31628448885585,4,93.900872276968,5,52.617369067894,1,1,0.9922809,1
23.97935983134781,17,752.0549601570829,2,5.300579266775719,0,1,0.040906623,0
40.53000946806371,12,122.2602140830739,2,29.81944729851438,1,0,0.02677497,0
90.53138662080886,18,277.4394779571023,4,50.4176448935614,1,0,0.033806533,0
50.92864781908086,10,434.62018136930607,1,7.418241094593701,1,0,0.04372947,0
71.84700639880717,0,1240.225980651158,1,40.42596982011655,1,0,0.07808711,0
4.834998332775147,17,616.3715411284688,2,2.007979055041416,1,0,0.025187023,0
120.6697403775052,14,158.6840508064789,1,37.23093302439351,1,0,0.027410956,0
380.1636144119639,4,190.69446195232305,0,16.309697581976675,1,0,0.0597727,0
139.05979918227578,19,376.41769844872,1,24.735241515457734,1,0,0.021589085,0
26.639100085168653,13,1560.6124087884218,4,0.6246388987303155,1,0,0.1122223,0
15.667002009049057,21,290.20273661821506,2,16.257729966588723,1,0,0.010778261,0
48.30157807765366,12,202.2346800959745,1,17.846472956842078,1,0,0.025174791,0
13.64023849879552,2,860.7035986085534,2,39.44324468212467,1,0,0.080825344,0
75.61627530407372,9,262.2344761491092,0,37.64753006907908,1,0,0.0129328,0
21.640997359607823,2,287.9161861132443,1,14.032667201900177,1,0,0.06713062,0
95.64693762329576,14,486.0639301831454,2,15.710661792333834,1,0,0.03620923,0
142.89871818867252,10,443.3578191038629,0,8.952109375577837,0,0,0.440425,0
4.795836211984885,22,173.77710196261086,4,5.131550670813888,1,0,0.049728457,0
49.0469504030074,18,510.97946056935024,1,12.88594721165662,1,0,0.020913942,0
18.20540980470848,18,359.62844290836114,2,37.45505825567051,1,0,0.0071326513,0
8.937179612107364,2,315.9418409240904,4,3.4618307657042693,1,1,0.9979646,1
19.74019839724918,5,482.2401778368101,4,12.977241507592067,1,1,0.9300611,1
29.40210058615113,23,70.63089790631476,1,4.209413524127894,1,0,0.0183846,0
102.8927559269588,10,506.9923629181753,0,0.5437951550077372,1,0,0.029089699,0
7.993212417100451,17,262.0663639564053,1,3.6880709304120423,0,0,0.016261557,0
104.6700045312387,19,541.1817579331453,1,9.696034720872538,1,0,0.022451952,0
275.35547846607017,0,223.34846250500152,4,29.361097478646347,1,1,0.9987576,1
66.5159032652727,6,891.7876555575692,3,12.345370289905556,1,0,0.48358038,0
63.17705931417272,17,391.0393811254912,2,38.5267819516274,1,0,0.011841895,0
36.11027254693524,2,828.6844106030488,1,4.215357245984507,0,0,0.08011239,0
11.301774673673648,10,1249.93356977799,2,25.44727901461924,1,0,0.07377113,0
62.47880175355962,9,366.0044752645356,3,1.949955321826042,0,0,0.7013511,0
53.733007860183946,4,992.8544426066568,0,6.147286222184752,1,0,0.024811719,0
76.06535536044254,17,261.91204533980505,1,14.381956856521716,0,0,0.08660353,0
477.6318984291014,15,728.7169587376357,1,10.3577502968199,1,0,0.0107411295,0
75.77594848799043,3,468.9528480007853,1,22.11867526122422,1,0,0.047823377,0
56.020163003323496,17,1275.4031266157772,1,12.978446333554412,1,0,0.04265971,0
174.50114816618847,18,146.32924423754588,1,40.54307493331785,0,1,0.97665673,1
9.533233344180324,14,376.6982932810152,0,87.59079091300056,0,0,0.01520402,0
11.67322073146933,7,629.4611158333926,2,58.599040217673966,1,0,0.015663201,0
25.14838064636443,6,716.5272796443087,3,7.7007885974609085,0,0,0.3192659,0
19.01200708910372,13,469.6683819828336,1,5.416388893913425,1,0,0.034225844,0
73.25403717618062,4,297.1328683782907,2,15.567954436833473,1,0,0.11188837,0
26.643861412640625,7,489.8594903107363,2,28.031508805605696,1,0,0.03935683,0
208.4989157516789,1,377.2801730119991,3,13.419037150715866,0,0,0.9799554,1
167.4102555656735,0,309.47212513133,1,5.997580388480703,1,0,0.048533224,0
79.04924770871052,4,779.2162666445865,1,1.3552291700036605,1,0,0.039965738,0
24.87860548953597,19,906.8351488893054,4,28.20921441905734,0,0,0.07883572,0
67.82633632095371,8,214.1140691988676,2,13.212790057665684,1,0,0.061705858,0
82.35666132393673,2,124.57425039229496,1,12.457987565340984,0,0,0.12873551,0
12.59661786501153,8,853.6271563850545,5,52.38157445618668,1,0,0.13258584,0
51.87203041742058,15,525.8618850049701,2,42.344548935077,0,0,0.1298742,0
74.15175867621403,1,612.7583993312621,0,6.350626656904495,1,0,0.02975231,0
45.4432232569335,5,529.0878739867536,1,4.236370652399887,1,0,0.046852656,0
176.1102346928331,20,708.6699083254205,2,17.940496708017676,1,0,0.013395307,0
123.24361436177364,5,668.3989938155573,1,1.442462882344009,1,0,0.03367101,0
16.029289205598417,4,318.1669842476224,4,26.54810955624781,1,1,0.983411,1
41.44977025100326,8,593.0274665949645,0,21.6145815999187,1,0,0.02067657,0
15.870689676259063,1,56.51502658704003,5,34.68088927766149,0,1,0.999859,1
65.33683377761393,5,81.86479467925606,2,6.098700263653068,0,0,0.23804261,0
15.37667568980821,5,225.28493512042024,4,15.40626524570558,1,1,0.93788683,1
92.14019459973473,5,306.9010873867448,0,21.101059089250512,1,0,0.024674695,0
53.95471669070195,10,235.97797029444823,1,14.752527952180872,1,0,0.03348048,0
96.6247177559089,18,195.60939415872747,3,7.026424427763413,0,1,0.9736177,1
31.65560997008008,14,436.5572229703859,1,11.300862931320475,0,0,0.016173415,0
8.531001841851593,20,177.27187492711204,2,24.02857642049081,0,0,0.02936827,0
213.9698638104564,1,442.6342428925423,2,7.449310726411234,1,0,0.061191924,0
30.79743759250518,5,167.02231552785182,2,4.980873683461494,1,0,0.12868625,0
144.9936664507966,3,490.57050944053424,1,11.805789432683554,1,0,0.040883347,0
56.27117063157476,3,1069.7203326242318,1,18.728230419153583,0,0,0.17959791,0
71.80199888965294,0,270.8952913697332,3,0.9287449822839262,1,1,0.996711,1
228.0920132238664,0,51.97699905788642,1,8.571458356939946,0,1,0.558675,0
51.430701614819256,9,711.7375185555189,1,4.940530214943962,1,0,0.046074636,0
148.44749212882968,19,98.6035265573062,3,2.162070248856144,1,0,0.046100654,0
8.295178521113446,23,257.89641011220965,4,8.801262026689319,1,0,0.033964712,0
87.45288136189512,3,978.5473187350984,3,15.80708530372064,1,0,0.8538935,0
28.734914652948216,18,268.4299160105935,2,51.5953529047442,1,0,0.0052784937,0
32.006296173859816,8,539.6600150798691,4,28.78502718564226,1,0,0.11658288,0
36.91863226136253,20,440.32149409481127,1,16.164273464574556,0,0,0.024455667,0
51.75531420078075,23,241.2131143333516,3,15.471008494879062,1,0,0.022093093,0
191.93571107463748,21,651.0845272496338,2,23.572780848481933,0,0,0.70614624,0
5.73327479957294,17,755.0214757872616,3,2.553504439858017,1,0,0.032044794,0
38.24604584363466,5,68.71588083230847,2,4.8620957921264045,1,0,0.14060435,0
17.87696334968122,3,842.3924306344525,3,9.579499399400907,1,1,0.95500517,1
117.42666425049713,15,257.611280523935,2,10.13954996365928,0,0,0.24713558,0
23.97252170241441,20,724.6843155326217,4,12.486868010572694,1,0,0.032530535,0
57.78735896063995,10,122.30936451426189,2,16.722540763057285,1,0,0.053294566,0
24.593845425142945,22,107.3925416697365,1,12.274198482817004,1,0,0.014970806,0
71.38292187520997,8,960.9137260434944,3,92.22038414158118,1,0,0.25021973,0
100.967968917418,12,546.8756841562699,3,10.142989438373956,0,0,0.4011152,0
24.596398214168847,18,557.3296862357126,2,1.4513589982749244,0,0,0.039574794,0
38.43911335851627,1,969.4690530885038,3,33.685459648338224,1,1,0.9579555,1
8.84312047853244,13,438.0973078176728,3,27.42137173175487,0,0,0.23854135,0
49.669933335080266,8,493.3958994648466,1,4.035674919427908,1,0,0.046068057,0
86.1653336248372,14,168.53480158417568,4,33.32469246764771,0,0,0.9887298,1
21.001523290014816,15,305.1533841944783,1,56.94905766165775,1,0,0.0035606036,0
112.20894503339586,6,552.8495525623633,0,1.412590048551611,0,0,0.12726568,0
4.602914320380118,21,363.5230330632266,0,29.291375616078465,1,0,0.0035196785,0
5.746922844780792,22,24.68518885086744,4,4.157787669342892,0,1,0.9939138,1
9.13175234873348,0,745.869284581223,1,4.217251361043503,1,0,0.06560511,0
22.538055093294883,15,1226.8576549765826,1,4.904275771822439,1,0,0.040705085,0
37.28602335854812,20,616.8125809997489,2,23.740949020255837,1,0,0.015566707,0
33.8228108031885,15,681.5021167866012,1,2.606870734987221,0,0,0.024869092,0
34.223346320932315,8,435.0702384134892,2,9.0942528755023,0,0,0.0390889,0
75.45798573959202,18,334.2126430040158,0,16.22508077048309,1,0,0.01767527,0
22.82554164471263,2,552.8229135781211,3,25.83568479397236,0,1,0.90481335,1
10.344184193225164,21,331.0863297794017,2,10.983336751086217,1,0,0.011290438,0
10.550918428752649,1,341.4471363233695,2,7.090725409500856,1,0,0.16203408,0
302.67663397865994,4,437.7749628403404,3,2.0883273317799693,1,1,0.62537426,0
3.48296427508299,17,588.1551372932076,2,25.89228475221281,1,0,0.011900065,0
30.68185412891909,6,639.236642258599,2,4.343037981981532,0,0,0.058867585,0
157.2610130262675,19,415.0365642729077,4,18.11615386568544,0,0,0.8726465,0
59.34486657742399,23,598.7963655215437,2,10.049739596898691,1,0,0.01409422,0
15.965717934706554,1,252.15873856948429,0,7.926804638691041,0,0,0.016920384,0
36.67832488354573,16,551.5147207745636,2,4.004017912331227,1,0,0.03424606,0
86.82710083948376,0,158.40550216340432,2,37.37101074769549,1,0,0.18671785,0
122.5046249226884,21,271.8048257427104,4,12.571969270172351,1,0,0.037235335,0
14.889537446737194,4,266.63788973192794,2,24.574133476735724,1,0,0.085266896,0
78.29299771364037,7,1243.5406548748826,1,16.309784351884925,1,0,0.051512167,0
47.11072008850962,16,184.86429920439937,5,9.829915832357438,1,0,0.070043124,0
110.4325374696827,23,301.89428083467607,2,39.18161616093119,1,0,0.010201858,0
146.9974724671711,13,622.7630500923829,1,5.202745421870541,1,0,0.030766688,0
25.963573549001808,10,381.36657981483,1,1.7171505768738349,1,0,0.041646432,0
8.588355687113074,0,662.858983872155,0,9.170132181826588,1,0,0.0381516,0
54.37130421376012,19,270.7699479187741,4,22.70201992479652,0,1,0.9488915,1
216.2902892896012,17,873.7634766380529,2,20.7133867647186,1,0,0.020916324,0
72.64482160640239,21,693.8395321893015,3,0.8297625890831303,1,0,0.020529088,0
46.070039228074194,3,953.5085921950156,3,64.24886430719695,1,1,0.8730975,0
403.8508127590932,12,845.2128139662982,4,10.101997258572675,1,0,0.06330736,0
12.935482516625598,0,496.1795431047112,2,17.320441155741136,1,0,0.13746977,0
90.28670227491764,10,25.493044768600093,5,5.701042955785723,1,0,0.18844724,0
20.68817620277705,11,528.5321924854322,2,37.38336917702392,1,0,0.017145295,0
38.460599705572754,11,243.0228209315385,1,14.243419304524473,0,0,0.021929443,0
40.03057781070026,8,648.4802887996715,1,71.49896263538902,1,0,0.009857258,0
166.44029161899064,3,795.9700636391981,5,43.90064990868815,0,1,0.9679129,1
14.353390621961807,2,337.23429136091346,1,30.534857710747623,1,0,0.04023588,0
21.43258207178768,1,224.5439565657406,1,12.00220418984242,1,0,0.07370251,0
7.441317954153774,6,400.4932215563072,1,4.2293061096648135,1,0,0.051159516,0
59.57280414955965,22,804.3007721290687,2,21.103521087830902,1,0,0.016306287,0
23.144755026500977,10,1234.0755410600614,1,37.19869337510168,1,0,0.03750721,0
55.81078010996029,15,396.0839781546345,1,10.40332438655859,0,0,0.03663103,0
12.512575951597835,20,286.2091206766917,1,33.28399095841974,1,0,0.004473877,0
25.5494650705773,2,231.94996352642676,0,3.8982261377068927,1,0,0.03225161,0
103.43351663771725,15,492.94859323631874,3,67.90185946511075,0,1,0.9790587,1
30.74356751613789,14,166.58734298268735,3,27.6689705391219,0,1,0.9511014,1
68.41821747474859,19,206.9272896008502,0,37.6038165054411,0,0,0.22791831,0
62.07395877829044,5,425.8178753351871,4,7.086792861746481,1,1,0.9056927,1
25.708644958494222,12,168.24239925044873,1,13.181575258204614,1,0,0.022844143,0
7.692563375546165,20,241.9246637316857,2,21.87510744217932,1,0,0.009643311,0
98.04240054606612,2,288.6644701783531,2,38.36409039795679,0,0,0.8052186,0
43.41076154847271,8,600.3550256111266,2,24.133414140962778,1,0,0.05002014,0
97.8347753295036,0,1141.0376577781255,3,5.4936738335570166,0,0,0.90726995,1
4.890583221971496,0,281.7269438431797,2,25.49121865355057,1,0,0.13312595,0
6.99636470235938,1,456.5688682023085,1,6.739704489190338,1,0,0.077370904,0
4.294231099416547,15,1580.5554575236142,3,26.9448093812628,0,0,0.044016913,0
15.228403553901082,8,356.89690134523505,2,1.2099272915244714,1,0,0.062450685,0
103.74644588600624,23,370.3010767158033,2,3.3718303668724365,1,0,0.01665732,0
64.45659077533682,8,164.168693660396,2,32.35655625858134,1,0,0.040134955,0
35.369364716180016,17,40.83214790395833,2,12.394795403715069,1,0,0.040251676,0
41.73083463601528,13,638.8791396983263,4,8.23499978110926,1,0,0.07105527,0
78.3188420010874,23,189.7221256329715,1,35.00319218911849,0,0,0.3021342,0
27.054399187198037,13,630.7966240062523,1,51.88215921759519,1,0,0.008450843,0
54.38394329624206,2,486.4009601196239,3,0.1881686901776374,1,1,0.97766256,1
42.09607780756728,7,147.09209025077746,3,11.397603855661323,1,0,0.3224488,0
4.108086541673658,6,342.2319642253364,2,3.016732249615248,1,0,0.09870734,0
24.907555185943533,15,47.26572347170893,0,20.12464373746947,0,0,0.014598368,0
142.41655992463953,18,77.74466288197837,0,28.183789402156197,1,0,0.027865542,0
24.6342903974072,1,479.6681090584032,0,32.38862463311401,1,0,0.021213533,0
31.718833895427235,11,90.67123617747318,1,14.076456909431762,1,1,0.028985508,0
19.9480989208385,21,118.9004389147906,2,49.81652312468785,1,0,0.0050288364,0
22.5417206771566,4,301.7138113232738,2,8.110781257883733,1,0,0.14350148,0
112.61919701754064,13,44.723259483101565,2,108.03425292852492,1,0,0.03978312,0
27.99186743151393,8,591.7503014469205,2,11.3156766849136,1,0,0.061905097,0
13.171440874546525,11,950.1500464132688,3,17.597861655354755,0,0,0.079817064,0
1.6300923394438007,6,692.6357215904634,1,34.33175251917662,1,0,0.017344583,0
20.64135419714271,21,337.3084912336119,5,2.584500009196657,0,1,0.69797486,0
5.120147218685712,16,653.3135314998631,1,3.697367054843079,1,0,0.02487308,0
5.907664091284028,14,199.74126690474924,0,21.60459793316251,0,0,0.005132467,0
81.05906420226496,18,215.88293615477176,2,4.651409755276474,0,0,0.1478543,0
74.3419626667009,13,487.3724109669752,2,5.413854874148955,0,0,0.07931265,0
5.38053244135693,17,607.242427382796,4,9.035558708194063,0,0,0.15546595,0
85.75372036980323,21,307.18544665868444,3,5.79699199949514,1,0,0.025246855,0
57.93713105103937,16,861.8258610398417,4,1.1332444971984283,0,0,0.20437144,0
16.717085209776148,1,974.7091438359672,1,7.612724285115947,1,0,0.058152966,0
76.27772207391655,17,944.8704396656212,2,23.20307109638656,0,0,0.15536095,0
7.194791312621338,4,23.637272767479097,0,27.871731401561448,0,0,0.006213821,0
10.974454426371109,22,223.948766786932,2,4.684287961598059,1,0,0.015411985,0
8.673837936457103,8,411.31507856324777,2,1.8422048633543304,0,0,0.028391553,0
12.043152926718756,6,664.5819695403331,3,7.899612741637592,1,0,0.66408557,0
88.11905567361038,22,831.7038634905324,4,13.460126960371412,1,0,0.022717996,0
9.644336664544523,6,173.73449310470045,3,15.007398824341674,1,0,0.62160075,0
11.573313234296071,23,329.58719341567763,3,9.682877890974211,1,0,0.015256471,0
14.13002201457876,23,998.366120907442,2,30.05857425111878,1,0,0.008960225,0
44.49886701139688,19,334.6941147974397,1,10.158071792049688,1,0,0.01653545,0
26.05750248215297,21,459.0213837063489,0,52.47442197357409,1,0,0.0026107929,0
86.69008050936402,20,641.3036699641891,3,18.81819619521588,0,1,0.37386334,0
17.968846619607916,15,203.9661380689832,0,2.1447093544759976,0,0,0.010986196,0
10.080191906884105,21,1757.2560770796106,1,5.881903218885226,1,0,0.030359548,0
22.10617148449545,19,204.41211517268036,1,7.066410926876949,1,0,0.01834706,0
37.896372738859085,0,125.59530466413116,1,23.98173372055417,1,0,0.06612917,0
14.380770799207182,15,102.61163738267784,0,4.395555212529544,1,0,0.016968995,0
48.13411890279635,23,530.1374621168383,5,36.942012096285765,0,0,0.19245376,0
223.9334700153173,7,97.23638559542285,2,26.740908061451023,1,0,0.12388929,0
20.323430120348785,23,486.946898507954,1,68.91431278579967,1,0,0.0016161313,0
37.9507903058227,13,523.0620830912286,2,2.055925470271265,0,0,0.04741798,0
140.23277790452138,17,853.367924354823,3,15.10230861580282,1,0,0.025027446,0
18.95743195585832,5,964.0117419274548,1,18.87221556684556,1,0,0.044163533,0
15.517081900766852,10,580.6645205731041,4,21.84491544739894,1,0,0.074842036,0
12.114804520152443,2,348.9018345324762,2,41.58357594378947,0,0,0.05941187,0
53.80057566890485,14,102.65640507347032,1,29.11031388548196,1,0,0.019250844,0
60.38918934820276,8,897.8682653529659,0,10.46313221527384,1,0,0.02781366,0
31.08785721693788,12,249.58176655017897,3,16.652090503290673,1,0,0.041203618,0
37.5842267298347,19,357.18781255452564,3,15.136700748283612,1,0,0.02284935,0
128.65032602770597,17,359.21446337111865,2,29.709643551342023,1,0,0.022546716,0
85.59687431216847,3,238.66426248808045,1,23.567774630141788,1,0,0.052891612,0
8.844256332025548,12,379.3745427728896,1,50.52392596189666,1,0,0.004408411,0
35.534476281569326,1,1093.2270893509228,7,18.938152083746665,1,0,0.98880625,1
39.81206931054582,12,620.8440286538109,1,0.535536428268855,1,1,0.04432889,0
73.54909560610247,5,834.3098672465837,5,114.77564077390068,1,1,0.96028465,1
28.60382572202526,10,729.2391984275663,1,9.11591505433662,1,0,0.04123942,0
18.73885910521619,18,1191.2431275952758,3,30.70963070187204,1,0,0.0318431,0
22.578110290405675,6,393.458639304117,3,25.50598519432304,1,0,0.55830204,0
6.026412525998886,21,313.74571808299606,2,29.193178759305827,1,0,0.0059227706,0
34.73840958060243,1,1071.7405800326517,4,13.188340221894242,0,1,0.9728651,1
19.60869837681597,6,28.52677878787268,2,10.356087320035556,1,0,0.0916419,0
56.731741616507385,17,702.5589086196497,1,10.182924036795658,1,0,0.029879112,0
12.740024650107957,23,659.8173009350467,3,6.350386517910937,0,0,0.07683727,0
22.969960138815253,5,477.95394292604425,3,15.042361707336273,0,0,0.6610002,0
13.339917911569474,11,502.0299120271529,1,25.949924458140437,0,0,0.009062713,0
12.212730897429273,2,226.10618353998316,2,16.0050584533613,1,0,0.15838435,0
71.32974420155297,16,264.18023635763166,4,39.4207547440571,0,1,0.96850306,1
22.23769399589011,0,1009.8171324962448,1,6.058467345221345,1,0,0.054925963,0
55.1554295670905,16,421.6574845064412,1,17.03883100530699,1,0,0.02304115,0
11.541810411160943,20,921.5558678260074,2,41.39393703359156,1,0,0.010402796,0
38.92016247366632,10,237.230541033041,2,0.0438048525871967,0,0,0.06394093,0
6.518657606921456,16,229.7042078023921,0,19.07772987994601,1,0,0.0068138666,0
21.860112444907664,20,109.32779701798168,6,0.2277767114089363,1,0,0.06412798,0
21.316950351582957,3,81.06741152809258,3,14.57516854446398,1,1,0.99338514,1
63.05121868768517,21,654.0121443904867,2,12.33775111382968,1,0,0.018990744,0
42.12202637520919,20,84.68547687507379,2,59.5335253827169,1,0,0.0061058383,0
29.51735450857712,11,507.4115173571416,3,39.64219461720032,1,0,0.032510266,0
81.19150424315974,1,804.7160275812662,5,11.744307085957672,0,1,0.9767371,1
42.5203864145881,7,552.8047020745905,0,16.290483330929522,0,0,0.029806454,0
60.09443975648074,20,248.80799799849893,3,10.925093303440187,0,1,0.9436102,1
75.49236912567984,22,765.4918469660929,1,12.464454557901348,1,0,0.017487291,0
32.82220275114531,23,623.1129247557853,0,82.15377380541517,1,0,0.0015693675,0
26.1460889966462,16,206.00669131603195,2,5.161365873637786,0,0,0.05564993,0
48.59852853795286,3,253.26986547794115,4,2.311523007313354,1,1,0.99430853,1
23.098916846060987,8,646.837564671047,1,30.663698266156928,0,0,0.023688028,0
51.592838334328114,2,1261.6298772606372,2,14.395560747068709,1,0,0.10984925,0
105.92671703675826,3,368.0176013369678,2,55.41549807412488,1,0,0.086236134,0
82.19693520336799,14,395.9285458016806,4,3.1283320867653783,1,0,0.054608323,0
23.907931588033637,9,698.7106778145969,4,20.909647031230467,1,0,0.10742198,0
9.694421278967816,2,267.6679124528964,2,13.672141422574793,1,0,0.16529188,0
33.08413807184653,10,625.1940501254448,1,22.620162800409865,1,0,0.028470047,0
30.849174324331607,7,137.54127446810108,1,0.219782025779179,1,0,0.05226337,0
105.50664671076184,19,155.5692635618856,2,1.8197032825203177,1,0,0.03863102,0
23.854202386036228,14,290.2607492189687,1,72.42072887453996,1,0,0.002913153,0
28.368091241342967,16,128.08517494339532,1,5.286627788550671,1,0,0.03127115,0
72.82055240021855,15,602.0342742955833,1,40.7630329255444,0,0,0.36068493,0
21.6929514865728,12,553.1800868253151,2,8.51664395399241,1,0,0.041351676,0
29.798400333367606,17,769.6919689740291,3,0.4236160231315161,1,0,0.03943636,0
193.33281873895712,21,962.9527099297064,1,6.4332953735177005,0,0,0.17300862,0
154.54201999778087,9,482.633431025756,4,46.08778719308786,1,0,0.13379371,0
65.47533969205526,14,535.9629053820507,0,0.9972940674238826,1,0,0.027455835,0
45.65395912206746,12,706.1074263738434,0,8.224452258356552,1,0,0.027569357,0
13.273581412181516,20,741.5766581367297,0,53.85658151728556,0,0,0.018262243,0
60.96434039399601,13,238.52413985382395,0,14.451325526866365,0,0,0.05201902,0
36.99567692321198,1,60.88978753195661,1,13.735776871297295,1,0,0.07676188,0
43.51593306059935,3,49.49635203928384,2,6.830550404894879,1,0,0.1786673,0
20.80807560063564,1,80.05701274032401,3,44.26204299989958,0,1,0.9966143,1
34.495259107470204,10,321.4785699491702,1,3.6771155007167007,1,0,0.041383293,0
29.0462889398885,20,56.25133038628293,4,7.658386758425696,1,0,0.095029145,0
47.83064514993112,13,267.78578146915623,1,22.54449099478127,1,0,0.01981666,0
145.17279130524273,17,385.0799552186296,1,5.5569966741833,1,0,0.02742044,0
50.07856930893579,1,456.9848707871932,4,31.597367391202503,0,1,0.99231684,1
6.671674757164869,6,519.364559050038,1,20.022068914998613,0,0,0.00873848,0
13.253404096441336,3,593.731624403521,2,20.730981463043083,1,0,0.11648213,0
7.183889832342362,2,232.06913662524144,1,1.628830182941185,1,0,0.07768367,0
15.811243826133955,18,345.2826126685262,2,5.680255955658963,1,0,0.019967308,0
60.96631583571824,1,584.0680885779392,3,2.1113613308443027,1,1,0.9794781,1
52.06579294893369,8,428.41533322531177,1,2.03979971073736,0,0,0.029750513,0
19.19178527061862,7,958.7346644317116,1,8.572836323534226,1,0,0.044354614,0
45.52393884490188,15,894.6553159554932,2,5.788124711215882,1,0,0.047281567,0
16.392301598295745,21,603.5391549980386,1,3.0078599862248554,1,0,0.014122034,0
8.45282287072776,3,395.59171986823264,1,7.370427812016324,1,0,0.0678506,0
8.574424616781108,4,384.76582162265134,0,32.60942312777277,0,0,0.01031353,0
14.80188995159958,14,373.176462573026,1,4.058498051748687,0,0,0.013564242,0
143.97157849132662,5,8.023490921161546,2,9.837184500363644,1,0,0.1220608,0
9.149301016742111,4,243.33070551518568,2,10.230451759613867,0,0,0.058231104,0
120.5884926512764,19,1096.2585820349389,1,23.79831056590828,1,0,0.0306407,0
131.17672108913175,13,389.55027094288334,1,2.17187183779808,1,0,0.03596546,0
29.0648047398769,4,519.3011886955668,2,19.375277343181,0,0,0.059697367,0
33.18340160249037,1,813.1912199212593,3,12.286711761377202,1,0,0.98159,1
18.89657411999256,5,1176.2845148510874,1,13.486976349873,0,0,0.035839546,0
33.984716986883875,7,518.2883614193219,2,30.23764526597364,1,0,0.04030914,0
67.17119912961611,17,190.09323474181247,0,18.70147491690092,0,0,0.09492299,0
35.13241504864806,16,1659.1115939510998,2,10.374396408282069,0,0,0.0652812,0
94.14762576592096,20,99.80104228002648,2,27.600188805181908,1,0,0.025664965,0
113.71932424711574,13,568.4781333420416,3,12.176452116628528,1,0,0.04486912,0
49.01693482548002,22,866.9325453149585,2,12.828700747823408,0,0,0.05633017,0
48.21682380094089,18,393.2335639257003,4,62.1765369560695,1,0,0.015766133,0
32.709850708726506,1,591.8479027815332,0,8.361727955358026,1,0,0.033276174,0
49.13176876310018,3,322.7692001805871,1,109.5572231146781,1,0,0.014245743,0
11.4351522815571,7,621.6287006817801,2,1.923574199184708,1,0,0.0863966,0
52.10772498585853,1,505.3297820593922,5,80.1257891707472,1,0,0.99900705,1
42.66522839385442,14,387.5373569848844,2,43.66291719441152,1,0,0.011821701,0
14.701156628174935,10,546.2470254799083,3,24.64985236469722,1,0,0.049609546,0
297.66848212023064,7,215.41768323156688,4,31.048734488902934,1,0,0.9283175,1
13.1748492968791,16,1187.4784883692987,3,24.7673063246651,1,0,0.042150296,0
14.59993559861672,17,763.1465322265501,2,18.61758640888052,1,0,0.02002366,0
45.87204927267658,5,399.86512454555424,1,9.108128805320977,1,0,0.04890012,0
5.025564433929746,5,285.6033593526821,2,3.203393557209627,1,0,0.12248,0
15.76670865945187,6,390.3135149878652,3,33.04539106527102,0,0,0.48492113,0
7.584306975296023,14,205.7276680057087,1,33.52424406183442,0,0,0.008667026,0
13.23613049413639,5,453.26997770294224,1,11.05497408571701,0,0,0.01426795,0
30.413918072567093,3,330.2519049794013,2,38.07786659443845,0,0,0.081551276,0
47.748641297823454,9,160.77202423604817,4,0.6115582187295263,1,0,0.108327724,0
104.44849336465188,3,213.27156949977115,0,2.9685711490519564,1,0,0.028487865,0
77.58958888565105,5,195.92350458722476,3,20.22161835765138,1,1,0.93326586,1
113.1914941285547,19,549.7684572830079,1,34.39616653371488,1,0,0.012707839,0
62.42328392031914,18,536.5970922848471,2,16.616833826944635,1,0,0.023894642,0
21.737349159933014,15,817.2393482889855,1,8.633249358790367,0,0,0.01908577,0
105.59509786510444,9,74.95109661567736,2,67.76916048049668,1,0,0.036646858,0
21.305355912259767,13,462.8089706278331,1,5.2946385478365725,1,0,0.0353233,0
18.784845304785563,16,482.2016171917608,1,6.861914346103302,0,0,0.013838403,0
159.59478476233528,9,336.47843588567144,1,31.936948575095084,0,1,0.9654547,1
76.14383752537691,2,197.92643789741783,1,11.771884779566983,0,0,0.10484715,0
43.153269281197765,16,342.4514024271033,1,7.570260479165598,1,0,0.025954772,0
73.45307053861778,22,698.3561997712368,4,21.031184699376748,1,0,0.024842646,0
83.3417278880828,22,911.9287874093486,0,90.86603776638076,0,0,0.5985632,0
8.888256359752033,8,1039.2660629672075,1,0.7165912280288242,1,0,0.04518638,0
31.549833161049712,8,391.1951337280557,3,14.72023316234987,1,0,0.090417765,0
10.672786345108914,8,1000.5811889912428,1,1.89360005479151,0,0,0.017441716,0
39.14011082251592,1,686.1736023287982,1,4.402966071708212,1,0,0.058188967,0
17.724308803760607,7,385.271553829013,3,19.78301190684572,1,0,0.21149336,0
134.54318891610296,6,239.77299853636825,3,10.762786785405403,0,1,0.9629131,1
58.1408362664655,13,412.8657962160565,1,39.56977639143875,0,0,0.16256623,0
15.394557237395716,18,1024.2509686569474,2,13.964544779584708,1,0,0.025713826,0
33.99899182530794,0,127.3363592279142,2,7.020142150268761,1,0,0.20072316,0
10.325681909290187,7,715.3503127132772,1,18.468386113636942,1,0,0.02762552,0
36.06007647857855,3,998.2898211631086,0,22.35007951029903,1,0,0.028357683,0
59.80724008033579,18,850.438849421497,0,21.433592033940368,0,0,0.098559394,0
45.03349684741477,6,288.46225548851794,1,5.67361405263855,1,0,0.048923973,0
5.035736036877198,4,402.8953427680231,1,1.4556152336114534,1,0,0.06527434,0
24.760816271290924,20,503.84747076847714,2,54.89442157268116,1,0,0.0043860916,0
57.534636222878696,14,443.3426003064533,0,2.498961682788806,1,0,0.027136268,0
46.97685279257304,5,490.83354714659856,3,3.055681727694949,1,1,0.89854425,1
110.1729305253542,8,236.22035981558048,1,21.569514933605163,1,0,0.04245934,0
9.577247382417514,14,661.9718075741729,1,40.15178997581528,0,0,0.011576806,0
58.37529003911548,12,592.1283848074341,2,13.940327254871372,1,0,0.049966697,0
18.049192333994164,0,1151.3233713796565,3,2.3881438328652376,0,1,0.96644896,1
42.02876758876076,8,401.1484925712229,1,5.5669355557955855,0,0,0.021263547,0
51.86491448620129,22,657.0822022804978,3,52.75191224969287,0,0,0.37544507,0
68.6931956644125,14,414.2473028534817,1,28.014872753146523,1,0,0.019009858,0
19.42504000603544,8,179.1099089756476,3,8.715578568715648,1,0,0.08878113,0
41.589717174277794,17,806.1062369523008,4,2.155783051845744,1,0,0.0508536,0
10.755201795591027,9,426.9628254418659,2,16.65025378383919,1,0,0.02876639,0
8.440303806586883,16,722.2792431892957,3,7.891390626855695,0,0,0.122093104,0
60.21074865049531,6,362.3692846452898,1,24.642893282752024,1,0,0.03324648,0
32.7334717992929,10,83.04481013747865,1,74.91378711292602,0,0,0.060093097,0
6.852397592052336,0,229.3757157132845,1,2.5462113269527284,0,0,0.0481482,0
14.77419059044753,0,902.7101816837188,2,6.5359338818889885,0,0,0.20604236,0
35.21390786705802,12,437.4832595607499,1,20.58910133435787,1,0,0.023954447,0
163.50058130964877,19,349.2389221525833,0,37.87415267712632,0,1,0.9633824,1
98.1670690514645,4,243.08566792332775,0,21.957303093683542,0,0,0.43953186,0
76.7093045345203,2,294.5434558079668,1,13.37778113519114,1,0,0.063235156,0
5.798137001925502,9,60.03387512094735,2,20.87072038326964,1,0,0.02226732,0
31.33706584784165,9,404.28870037399935,1,2.3049107097699832,1,0,0.043806005,0
55.63841378694345,13,153.17882949990516,5,15.740151286146649,0,1,0.9866514,1
51.19062410415136,18,723.4535749287185,3,53.101706332012384,1,0,0.014862456,0
52.33551724552802,23,585.7853419749841,2,6.140586792378986,1,0,0.014668424,0
27.349542635197405,23,139.90076703118874,2,13.835836925967106,1,0,0.015642503,0
200.12279542229277,9,250.80703306736797,2,4.527205864762806,1,0,0.04110895,0
151.03470777477182,17,421.6762374911936,4,25.52257329151601,0,1,0.9032942,1
31.436421725527552,18,1086.0897726052883,2,22.82778636010482,1,0,0.029423734,0
12.965392112580115,2,219.0738159416719,2,5.606869717595766,1,0,0.17361657,0
268.97303802493343,8,359.3463791586125,2,4.359812199316782,1,0,0.036281902,0
19.870355037810004,23,111.58064366785644,2,12.828764625069685,1,0,0.015973626,0
114.20020864805448,13,305.75859946148546,4,2.6581991669465688,1,0,0.061892014,0
232.8109727281524,1,373.23258990988415,3,47.703362011187934,1,0,0.9928982,1
13.443383654576,12,652.7687909902847,0,34.00669880303156,0,0,0.016550615,0
46.15520217176679,0,229.90871076494423,2,7.892507937021093,1,0,0.17648631,0
24.38706710793308,7,130.33075743791233,4,14.46103160374464,1,0,0.48352766,0
57.7581922602473,17,669.5304014103441,3,10.542891908257234,0,0,0.21166575,0
47.55240658964177,16,764.6857657258967,0,18.72837181170899,1,0,0.02222257,0
241.42459310129684,22,403.9446281861444,3,7.793669216157682,0,0,0.6019558,0
62.27244106691866,21,422.0737922518241,2,51.77643663834749,1,0,0.006289831,0
34.21900101524163,15,470.7309077870722,3,1.3914623771041388,0,0,0.40176958,0
106.3887194287298,9,177.63520486877096,2,20.261108168539295,1,0,0.064287074,0
26.30101662513745,21,271.4309378498801,1,7.764779404257475,1,0,0.013125235,0
23.95689408337519,21,454.21576982362006,3,6.738267172034775,1,0,0.017982556,0
323.5998286215863,15,361.8501768314962,1,23.802247786022928,1,0,0.03554325,0
15.189711401111202,18,301.5382451148639,3,44.77117577801626,1,0,0.008832105,0
21.170452156152468,2,520.0998587617246,3,6.049804745219426,1,1,0.98754114,1
36.0672828591507,2,177.0425512410283,1,27.641536310794308,1,0,0.046622545,0
11.997291762406483,14,653.2417853090858,3,16.571483578699365,0,0,0.122120395,0
4.189485216373196,1,517.5463603024032,0,0.0461924982012008,1,0,0.036838423,0
99.1710376362428,18,165.71207494638494,4,20.352855641261005,1,0,0.06893489,0
15.748274614967078,16,629.106522042655,1,1.936661010842212,1,0,0.030063078,0
20.08979941105865,11,481.6476685132001,5,19.505201186695366,1,0,0.04681515,0
23.78324446977075,9,319.2894521790403,1,6.955330018685896,1,0,0.03490111,0
12.933993377443246,17,1093.7629503936223,1,12.58289171687372,1,0,0.025992451,0
11.790600921911643,6,371.6562804418662,3,20.15267594352773,0,0,0.57156205,0
40.52903992318629,11,1161.4820349765969,1,17.495639032093493,1,0,0.04940546,0
379.48875563666826,17,213.60667519497477,2,14.64735016321249,1,0,0.022957345,0
72.0654894096889,2,106.59968277888184,1,46.47337458262192,1,0,0.033146553,0
72.82381611854213,20,653.4381564384703,0,20.892931960503617,1,0,0.014100786,0
7.658489473987074,20,278.87224440883256,1,6.857839213165014,1,0,0.012102084,0
33.684478022139416,5,142.57548597314826,3,3.802992651672775,1,1,0.9385858,1
10.56856618470845,4,693.5206728969615,2,3.9273943565501264,0,0,0.08006956,0
74.68600936345203,14,1030.1526333416823,0,29.02812888893277,1,0,0.026066532,0
27.470133736623875,4,398.6720500002598,2,4.842966744717168,0,0,0.082831986,0
35.84869127004276,18,632.2338661266422,3,1.6170289630303367,1,0,0.033385493,0
31.58235425207106,3,498.0708224244686,2,21.68420688979124,1,0,0.10959418,0
19.251163958076116,6,954.853383185436,3,6.316112084511282,1,0,0.6901873,0
7.536281781951424,8,1007.7912079953308,1,21.052723021077068,0,0,0.01679651,0
61.60173187872289,8,525.134519991388,1,10.219421966688207,1,0,0.0466178,0
8.654658067573349,9,516.7846376993546,1,2.013374369085152,0,0,0.012331418,0
10.595016141085834,2,635.0579485737613,1,2.9841092540710097,1,0,0.06978553,0
25.62114277296289,4,264.39451231986226,1,6.038443625009973,0,0,0.02674914,0
17.029597872644157,21,734.3698008173558,4,28.421523059565928,1,0,0.021900605,0
44.82354003710018,3,536.1956819411358,1,0.8341794579364648,1,0,0.05405355,0
94.77222525729968,8,593.5958705336794,0,5.305352405937606,1,0,0.028444948,0
44.251125428748345,10,536.4241754998284,1,17.166590291748253,1,0,0.03678755,0
42.01878452603824,21,321.9136067962058,1,11.069280596726076,1,0,0.01300201,0
35.31573529791552,0,70.5971445371266,4,15.183801389758443,1,1,0.9998323,1
81.37290188833981,14,700.9351022758652,4,4.790651856351952,0,0,0.31343004,0
5.447603249779817,11,453.5121395378351,4,65.45224697832535,0,0,0.63385767,0
49.8063739291813,16,623.6322167182138,2,2.608643788896837,1,0,0.036146678,0
13.574265753960248,2,417.7891331140245,1,39.6391139412249,1,0,0.028853245,0
10.055185132866647,17,116.66583132720488,1,1.1719048991601135,0,0,0.023189334,0
34.66850686224363,3,346.42842193240256,1,2.778327851439094,1,0,0.06063941,0
23.422617277517865,19,144.99880306559206,1,6.631566612701729,1,0,0.021457732,0
61.82268161139383,2,600.7574071346078,2,30.98618444520103,1,0,0.08862262,0
103.7257583431011,17,975.8001258921784,1,2.83287472858776,1,0,0.030474816,0
3.3714489637164458,20,1350.1679663899229,3,5.983226321790617,1,0,0.028588638,0
32.0937882749134,0,254.9388154046716,1,5.056768866220233,1,0,0.073989555,0
244.53245774459648,19,602.6850076780235,2,72.2174879488812,1,0,0.045688644,0
82.1528763866165,21,379.9308136836861,2,11.239252800746408,1,0,0.01869353,0
146.55336985826682,23,45.43814336906362,4,2.57064221930642,1,0,0.058408786,0
38.19844563928103,12,793.5600450281133,5,114.74411910225209,1,0,0.0204838,0
8.212981298140525,19,443.1145214744439,1,48.3947206493653,1,0,0.0032740452,0
11.20163234766797,0,100.62433392943692,2,5.029858589130532,0,0,0.2075843,0
70.29701194671641,12,670.8334365936688,2,43.24934562673032,1,0,0.021357263,0
90.00811596052891,7,911.739602224793,1,13.361157470625212,1,0,0.043423884,0
16.601859642653057,9,362.7286760645519,3,9.987986399376526,1,0,0.05992931,0
26.38372977878226,7,168.66989772953318,5,6.517970328690299,1,0,0.3433183,0
44.81716170697574,14,410.8997650383181,3,1.3155380057141406,1,0,0.04922679,0
5.994840942194583,20,748.8592993227152,5,5.191909004905547,1,0,0.023436816,0
24.314163739839703,15,288.6339201456671,7,5.950460077524536,0,0,0.5986532,0
174.03821095598084,14,708.9011686130652,1,17.701156122419206,0,0,0.6003801,0
306.953983126101,23,589.964499241688,4,11.345130105546811,1,0,0.012568854,0
30.965294345044068,11,563.9982921173419,5,9.482198574047969,0,0,0.2714297,0
215.43950461715565,8,271.0852092926619,1,29.423743672727863,1,0,0.06249495,0
20.411743211563675,7,172.01036532722424,1,23.00318089207032,1,0,0.01657575,0
15.346538026414006,21,203.7970446375897,5,19.65601304505858,1,0,0.042254828,0
3.6801043758715055,19,50.7601142911917,1,5.121164339007673,1,0,0.021853877,0
89.84994050265138,22,807.7058157862431,1,5.514159846832255,1,0,0.018899089,0
23.73984686949744,19,940.408970275567,2,2.235124209090689,0,0,0.043231525,0
358.18851058799345,22,230.6783974225086,0,97.33457886933954,0,1,0.99930274,1
48.082868170135335,12,333.76632806470394,0,12.603671630285069,0,0,0.021545973,0
41.67848425536215,15,1018.5148173977384,2,38.46837802032201,1,0,0.031669565,0
5.671053048609088,13,527.8540574933479,1,17.122962455794124,0,0,0.008260508,0
154.74795406697882,14,353.17878185652813,0,15.763626209794904,1,0,0.030678298,0
24.02109102556898,0,367.8534202804146,4,7.363710454882543,0,1,0.99743444,1
29.39453404803426,23,865.9544675610501,0,16.5892238831603,1,0,0.010757711,0
3.8019332967515274,9,674.3770563336607,7,1.8407514468106891,0,0,0.39868468,0
87.21547461169789,9,803.7532942589719,1,14.696745799056089,1,0,0.046513055,0
92.84473685215704,14,1163.671866870112,3,2.648547954958401,1,0,0.051850434,0
18.848382354173257,18,1017.042075776912,1,29.8529381528253,1,0,0.015627518,0
37.917041192539,8,184.1624391873162,1,35.19990231650238,1,0,0.01422175,0
51.1708350004239,1,221.24524652183555,3,30.63555304058915,1,1,0.9971103,1
90.5342247149587,4,347.3468849919418,0,9.981035038218314,1,0,0.026915008,0
38.3757430824878,5,484.0292084866479,5,9.241358475317556,1,1,0.86099917,0
193.5991319356562,4,628.2071192128712,3,13.334262798861507,1,1,0.59061575,0
27.132513511198425,12,970.535084099995,0,34.17723823495701,1,0,0.016160006,0
18.857898037586068,8,387.0762444994477,2,5.776636579902423,0,0,0.02981737,0
21.685355693048653,17,627.5730657247574,2,8.728933287190767,1,0,0.027394872,0
2.7341166439641285,11,835.8187561174456,1,57.02431868062509,1,0,0.007985879,0
15.436632180670092,4,725.797865697278,2,3.6263823152683647,1,0,0.121092536,0
94.70365185400524,22,28.16168513566412,1,26.752646311778875,1,0,0.023116603,0
45.09758123140715,19,210.0479245499614,2,10.664205592336428,1,0,0.026291879,0
15.263353857666392,10,214.95815253326376,3,28.63803694391629,1,0,0.032991037,0
49.11634893164205,13,1122.5802749750674,0,14.693295870794143,0,0,0.07049785,0
4.599811948802326,12,533.8645544033168,3,19.9189909239815,1,0,0.035940614,0
26.04941615672469,3,745.8810311448652,1,7.881827111635141,1,0,0.056041528,0
58.55265413848759,3,562.7236310603654,4,22.5063156297097,1,0,0.97960496,1
69.62381462377833,0,524.3876712225671,1,1.9239031612017463,0,0,0.11170977,0
15.968266663919936,5,99.7052393428572,3,39.13490290306724,1,1,0.9032107,1
86.3335354730842,9,185.82176444928456,2,12.799508207902772,1,0,0.06323818,0
224.78533046249743,5,525.4319534117435,4,39.6989020506561,0,1,0.98210174,1
22.618798933124573,19,2242.0880238084137,2,14.15952890405621,0,0,0.08925449,0
72.72678505723448,3,296.45495707532336,0,15.888940245098537,1,0,0.027765967,0
7.303001251561647,23,496.1331288637009,2,28.964146932690536,0,0,0.017366515,0
4.87376720250354,21,167.14930680375994,3,0.0374687556188562,1,0,0.033458933,0
63.99447857364908,18,266.3057715868264,1,21.65701270293802,1,0,0.017717093,0
36.21476558696851,8,217.35443612792952,2,89.68744769968544,1,0,0.00869612,0
42.37056113874671,5,1324.0133178326205,2,25.274873052063136,0,0,0.15119377,0
19.369767393787505,14,155.71104227719024,0,49.171018131836334,1,0,0.0030193774,0
25.87308669906653,21,484.7427603273191,2,93.00830318708648,1,0,0.0013963684,0
78.10915045047206,17,312.6305183246874,1,20.35197414755313,1,0,0.021175835,0
193.58192069137968,3,2152.991252604525,1,6.593610974671177,0,0,0.26918,0
27.963812139233955,3,440.78414989359896,3,17.387253635375693,1,1,0.9732108,1
6.664324666618158,9,774.4447698862608,4,6.739393084125872,1,0,0.11102362,0
124.2736115647556,18,1281.7180331470497,2,26.38473250486786,1,0,0.037350744,0
63.48165819361246,16,707.8869381065458,1,6.461481263461045,1,0,0.033746712,0
68.73448636930425,18,308.7013936747403,1,14.31842943354331,1,0,0.021499919,0
41.6970608749335,8,431.4197329532947,2,1.87757623646764,0,0,0.050339308,0
355.0370800619898,7,260.1200016889562,1,19.333291492467723,1,0,0.06517105,0
37.490573668858936,7,396.8497235454749,0,6.030485788414579,1,0,0.025149364,0
58.145993650566176,18,755.7937288379703,2,4.028859489845508,1,0,0.030560799,0
5.445195503317578,10,255.9693389921141,1,14.490871506171096,0,0,0.008354436,0
19.479740451947627,20,533.8707349661829,4,16.696384675783385,1,0,0.028158892,0
17.489099568031406,21,1305.1002294564523,1,0.0861725697546032,1,0,0.02593667,0
33.745168604951736,9,581.2372695677817,3,47.01500304586703,1,0,0.044439316,0
49.25635992830774,11,901.074989260168,2,9.077792660892582,1,0,0.06464226,0
16.42747320050549,2,803.7798082806745,2,0.1869330683721722,0,1,0.17631066,0
196.4724930463377,2,176.05846943338483,3,31.237445578273952,1,1,0.99408334,1
11.976281310470211,1,45.387869400067565,3,17.130700712097585,0,1,0.99907035,1
22.15506654619888,8,350.35658015299094,2,74.0736604925209,1,0,0.0075374576,0
44.13264812511818,2,753.0722625321577,0,17.492415538033164,0,0,0.07488655,0
9.946382372621017,14,199.05331679620272,1,13.795785179996024,1,0,0.01472375,0
61.54083243435068,1,546.1131994851892,0,37.14761107385416,1,0,0.020906195,0
65.49376290942025,12,533.5593451550999,0,20.1599994504903,0,0,0.09879541,0
25.9500479377896,8,440.5485814551175,2,2.1121085902404597,1,0,0.06785633,0
234.835301540725,22,397.2357381979566,1,5.351703792289592,0,0,0.2096572,0
37.73532966321535,23,147.15345840920557,0,16.686942883087386,1,0,0.010151482,0
46.06496280356394,12,661.1221005587047,1,5.027841954349744,1,0,0.045265827,0
13.303289392256849,19,386.2303308811185,3,5.269478981580561,0,0,0.6764784,0
6.5103609807252205,18,134.95058951561313,2,3.610423354634912,1,0,0.027544323,0
18.492229856289622,0,82.50101575077942,2,21.341369012753404,0,0,0.23007154,0
25.20573831572768,18,663.6132482637222,4,0.5589036629278241,1,0,0.04276449,0
22.04539767000739,0,507.9771530093675,2,0.0998018513515551,1,0,0.1316853,0
75.03936975964005,11,1140.7787003952585,0,20.50742193541721,1,0,0.03631991,0
3.192870800002644,23,115.98040144729178,2,34.570928154464504,1,0,0.006555319,0
11.180331988607229,10,460.6893524416827,2,16.06418250350414,0,0,0.020805,0
5.5923192314901895,6,237.6106404408205,1,9.554476514599797,0,0,0.011202545,0
133.13480456163103,11,670.4150614418141,2,8.426970432638054,0,0,0.173885,0
19.75584629854201,3,516.9305927938652,1,4.944717974618869,1,0,0.06388072,0
20.774209100170687,2,584.271936495462,4,0.5360362324048465,1,1,0.99438006,1
11.5473818712636,8,1193.2494634218222,4,7.270408473909415,1,0,0.28302172,0
85.54201195281992,2,601.197211886431,1,13.274233515107486,0,0,0.21240252,0
23.03452197969048,14,234.75416633802624,4,24.97053522721849,1,0,0.039794896,0
43.43325282390532,2,315.99681102901496,4,73.1638431314027,1,1,0.998638,1
4.541504852516432,22,719.5713515497833,1,42.7844262089078,1,0,0.004329183,0
112.31957343967292,3,507.1533659575802,2,44.51433824462027,0,1,0.9135337,1
51.6503218017366,5,633.098321980128,4,22.09787295475015,1,1,0.8659599,0
60.450272034208936,1,209.95613907398464,2,63.22594683979157,0,1,0.70735323,0
119.94835160083532,12,199.1650949118456,6,0.8698682299994671,1,0,0.079923645,0
28.68561651774686,9,450.1547658844988,1,5.524628625476019,0,0,0.015974293,0
29.44676909958313,3,1210.804501335376,2,47.82433728168791,1,0,0.08996375,0
71.42409737621941,3,555.9508703043117,2,2.412612228636223,1,0,0.096732266,0
53.3698676576763,6,329.77094654604593,1,17.68646935420519,1,0,0.04004616,0
27.25045013817504,23,941.8037970329152,4,32.598875473069995,1,0,0.018433612,0
36.394647624224206,23,243.61614428328653,2,17.117337752672693,1,0,0.012423481,0
21.021124043160796,9,827.2313782240994,2,0.6220214170889596,1,0,0.06365696,0
71.25844506936892,9,727.8519907601828,2,28.726299039774656,1,0,0.045699902,0
88.73242958842758,0,627.3951546606081,0,10.235886622960342,1,0,0.03237193,0
35.02212157505483,0,332.7209817696988,0,6.009933284662399,0,0,0.032367315,0
228.6813399001221,15,527.0850606300886,1,0.5942030903865901,1,0,0.019266123,0
7.467402759360231,1,91.00335351834028,2,3.982227788382871,1,0,0.18389608,0
27.58940693617217,17,516.2577285368403,1,10.62702250898682,1,0,0.022137767,0
193.4762900467438,11,671.4559476744967,4,12.652003601864385,0,0,0.66296667,0
22.852910836591143,22,806.4024401401496,0,0.3585083016909609,0,0,0.015416849,0
7.017815202445317,15,369.951438057373,3,17.8115720295641,1,0,0.023920033,0
141.1021252615133,5,768.357527372436,0,73.20839148138333,1,0,0.038904663,0
60.232270103271134,23,205.06492138176964,2,2.1043707760321384,0,0,0.122338384,0
10.539693061911812,7,277.46219587721737,1,3.824905384927254,0,0,0.0118850805,0
75.81056627128864,18,291.1351867404936,3,2.322760659090115,1,0,0.034548845,0
12.515652304051956,17,1033.4866307255238,3,10.877119452134831,0,0,0.07092024,0
9.104750984560258,13,129.375555085125,4,1.0011879408483066,0,1,0.9874703,1
29.95010817642832,15,1131.0655834569936,3,11.922007951876155,1,0,0.060760405,0
21.546198264457875,1,336.42656659753754,2,25.356170757176525,0,0,0.11735226,0
11.6106465306605,14,190.2672121531441,2,18.43780362252459,1,0,0.017158959,0
24.1855668170925,1,1006.5566108460796,3,44.54632902546216,1,1,0.9509647,1
12.749011097768124,22,687.096714470604,0,11.108887430311164,0,0,0.009437315,0
37.05431348301399,2,326.57275026825465,3,12.078332526311678,1,1,0.9918092,1
34.097215447222325,23,1321.318239665838,4,2.0176545515716677,1,0,0.025140535,0
73.64076248994849,2,402.79496619811647,1,2.7916238688537844,1,0,0.056510624,0
22.123060328813597,0,500.7966485625015,3,13.97309193725944,1,1,0.99553597,1
9.184993418354605,4,606.1951548707948,3,13.104512230180063,1,1,0.933418,1
9.299120305984058,9,233.71313938141824,4,19.09438230116208,0,1,0.9181422,1
27.27798429481281,3,572.250520198488,2,56.45846819836293,1,0,0.03967051,0
162.78757256275563,22,22.11018558276095,2,29.029330301963306,1,0,0.03189318,0
81.71895078342777,20,114.83632859862404,2,32.93867752959763,1,0,0.019362444,0
18.35358859256182,0,702.1940869697288,0,9.953936533832838,1,0,0.037072737,0
89.75648363193788,8,361.622410797908,3,5.42742507215765,1,0,0.10612242,0
10.912976790844452,8,203.8756008469428,3,8.97708090145458,1,0,0.08228973,0
96.41347976449532,6,65.19445195251413,2,9.734841608387,1,0,0.11534897,0
23.78087992943676,18,258.4041270788936,2,22.11841130958156,1,0,0.013036371,0
75.45041881553493,6,740.1466684136318,3,45.96706429639394,1,0,0.42080364,0
65.17339700395763,1,101.41148859269882,0,4.006371790796294,0,0,0.04660723,0
26.44125160540889,3,799.8958017539361,6,8.826381930622938,1,1,0.9706397,1
48.49813661334042,14,330.13460784512785,3,3.0758165359696026,0,0,0.8252385,0
11.978460079420596,2,216.8325301859288,2,2.5146677195209497,1,0,0.17276901,0
32.427736954070994,22,539.6705071588211,0,9.971785754648668,1,0,0.010060724,0
103.45897911883868,0,175.70811465096267,2,6.728406032927321,1,0,0.16557981,0
2125.168368918206,12,195.73844371770952,1,7.400458446916204,0,0,0.0072771558,0
70.68104911037877,0,833.0285997933582,2,31.510733902261663,1,0,0.10204202,0
38.148464907003685,0,271.88300803512914,2,1.9287147921939285,0,0,0.2294458,0
12.653372759591576,20,561.8023437670053,1,70.74407896920785,1,0,0.001887448,0
101.040113281204,2,228.9296717467213,2,19.374827116262832,0,0,0.46159878,0
6.635319589702672,2,457.3246692002259,3,49.212093841335125,1,1,0.96426255,1
15.6199146493815,9,159.87556910583265,0,3.510947899158102,0,0,0.008182715,0
50.03360708454101,13,330.50482693036,1,35.6259513083737,0,0,0.0811331,0
10.43059599600315,0,625.824172534058,0,39.74459326077052,1,0,0.022463445,0
163.74562899260667,5,340.7638931641476,0,10.507357946022266,0,0,0.53614616,0
104.564860777118,15,241.6751181050192,6,21.172367076328847,0,1,0.9561306,1
19.762529926140203,0,204.0906840576588,3,58.02854911513642,1,1,0.9975255,1
20.0210326984046,6,182.7130097050141,2,69.10202387214368,1,0,0.009587141,0
9.309308346916811,22,130.96246706729303,2,4.81810425161158,1,0,0.018432477,0
8.576140977786554,8,524.0735399162076,4,6.656023903221141,0,0,0.3915952,0
54.47432149795984,2,250.1169687825826,2,3.049186758010442,1,0,0.14562169,0
65.31931177620568,18,1400.2169223737028,0,26.95620994044724,1,0,0.032778423,0
49.713914112180326,14,214.0803713125717,4,1.8926949897470744,1,0,0.08389477,0
45.62372397080209,17,347.5169610105365,3,1.7993380746093144,1,0,0.035012923,0
19.921875975370515,1,643.9356232393027,2,11.060328236500483,0,0,0.17362195,0
50.16313893361634,19,677.6425691176895,2,2.4114363275939,1,0,0.025958447,0
7.982213316255666,22,131.41104568664375,2,11.118004523071226,1,0,0.015297697,0
35.23793692539508,4,1047.950294111552,2,2.527157945541876,1,0,0.09688572,0
153.3316522824482,17,570.1833719011563,3,3.6121105934753217,1,0,0.020869087,0
131.78610687166423,8,634.1844595636093,1,25.61045436088925,1,0,0.04096745,0
21.95576953611389,1,880.401339252374,6,41.09554151351455,1,1,0.99273807,1
24.994329195766987,15,410.332388739008,3,21.4381957125211,1,0,0.029618572,0
139.28135974121076,14,513.8927406933401,2,2.338354308393278,1,0,0.029806327,0
210.1219814870373,12,472.9197554752643,3,13.002350648474156,1,0,0.039784256,0
7.786350859578836,16,607.8935436660656,3,10.175919796767936,1,0,0.031689312,0
22.783542762038188,19,188.6465850138148,2,4.930422155990377,1,0,0.025523914,0
44.21584570403543,3,555.8774573128482,3,14.07695876560321,1,1,0.96074516,1
118.74478679755556,9,177.60736449656588,1,14.090597924151368,1,0,0.04788195,0
15.076224012686676,14,514.6962363280494,0,66.48371803097724,1,0,0.0024508296,0
66.61027709633599,21,1175.4273777725211,1,17.490748280154897,0,0,0.11296382,0
25.861789215076964,2,193.37159584093567,2,14.53607217241836,0,0,0.14885916,0
379.4619295449357,5,372.8045735081489,3,38.50193565344068,0,1,0.9957747,1
53.8386301800051,18,105.05335279652792,3,29.276707516978423,1,0,0.037150975,0
30.54524407935592,15,227.0992011243517,4,26.032887016614666,0,1,0.9604011,1
24.982168491054463,21,425.9559842227941,0,27.151347092150612,1,0,0.005854122,0
100.91908078007732,19,481.119734745793,4,7.185574342002672,1,0,0.02967533,0
69.1585849496783,15,386.9622950084092,0,23.478006014207004,1,0,0.017452328,0
11.793716200861304,23,210.1545196246708,2,9.76815067283081,1,0,0.012377429,0
43.49294611635919,23,264.7105266828761,4,8.96688480067726,1,0,0.04005855,0
9.120953040071509,9,1161.5059653188134,2,19.55428632696641,1,0,0.07790824,0
16.376581837942457,20,671.7000200812413,1,4.67319959046465,1,0,0.016920766,0
9.535537400449934,21,561.6330745987877,1,87.7618987930291,0,0,0.014917136,0
9.241542747648976,11,506.2150708168774,5,14.599264089304532,1,0,0.04471973,0
17.554879796158993,14,840.9725408179828,4,6.376159749178616,0,0,0.14827941,0
13.077319150659893,23,225.42908457732983,1,40.72078159483151,1,0,0.003442346,0
59.44019115717327,15,1242.1167099760196,2,20.47555411656717,0,0,0.119562484,0
77.86623799990323,13,427.7772021795102,2,2.548651137871381,1,0,0.04394711,0
27.52563120446308,6,642.811192074376,2,12.525245233724142,1,0,0.08716652,0
11.373605017309451,16,327.8311077462847,0,17.25719931457361,1,0,0.009037943,0
78.45995970549322,21,487.0202144222277,2,2.532617029850546,1,0,0.017054874,0
4.584513489645048,4,869.9532380632695,3,6.887354846483185,1,1,0.9242969,1
5.031971180003366,1,145.02009857852804,1,1.883987192920408,1,0,0.080484755,0
72.64176922046822,19,195.7726362122547,2,63.6124520826945,1,0,0.0074683027,0
67.62512747929314,23,170.52052289158908,1,4.137507944081105,1,0,0.02130771,0
93.1014091075368,17,212.2330958517981,3,7.370629908039453,0,1,0.9681786,1
28.17703531223928,13,27.13961363459119,3,21.27972749943348,1,0,0.068183,0
9.860744392609057,2,410.3255076039881,2,13.401252030012536,1,0,0.15526702,0
20.983174852410556,13,1041.689617090105,1,9.652031211597729,0,0,0.022448571,0
61.837565948937055,4,181.9508067477731,8,3.3871803036831416,1,1,0.85410357,0
16.206938255252062,4,411.92775914651696,2,8.809598048416037,1,0,0.13858694,0
17.289247521443293,10,71.21228077876529,4,18.16208763623171,1,0,0.09843417,0
8.625126411934463,16,689.8197030472999,3,2.262615858549234,0,0,0.14189425,0
10.875765996903317,21,23.426628102854483,2,3.00017095965187,1,0,0.029209185,0
81.60773866870774,3,272.01977165491803,1,11.154721073281353,1,0,0.057401687,0
55.23655360752958,7,131.6766943093662,2,0.1824009608128754,1,0,0.09275351,0
10.900464576346996,20,141.9884871894102,1,12.118679308329227,1,0,0.013931426,0
11.827427907928763,5,460.42019000057365,2,6.227392529397118,0,0,0.047352284,0
19.899708547576697,17,1641.039600471399,1,1.8399268827670816,0,0,0.03305456,0
60.681789962065054,9,314.6300047889054,2,2.4154602945338657,1,0,0.060379334,0
10.824421261399651,4,836.2328964214032,3,9.54410323449276,1,1,0.9191009,1
29.545283192773805,2,294.1561055832828,1,53.91913849589096,1,0,0.019135172,0
4.0600596851242825,18,872.2070043728605,1,20.41881448473379,0,0,0.012132222,0
9.901956051612478,8,250.80893287873383,1,1.5313268328471323,1,0,0.035840444,0
53.401070168842296,15,593.172439146744,1,22.642176483678654,1,0,0.02498179,0
86.2313493177501,9,143.36942281740863,3,13.955911308316852,1,0,0.11121839,0
10.95759007722,7,541.8860097264793,4,8.364712821721582,1,0,0.36736736,0
16.095222595724344,11,260.4600098770088,2,43.569507675422514,0,0,0.022664145,0
77.99662271144408,15,72.10033475790404,5,17.963712014730913,1,0,0.10356919,0
23.65431557343265,0,1156.8453303620638,3,15.80834438238736,1,0,0.98685163,1
20.322804064083925,16,361.966125513952,2,18.656587934740333,0,0,0.0269008,0
58.94887149306503,22,250.7583529043248,2,12.351450929898816,0,0,0.11614679,0
42.62227743555255,11,563.9805262533644,0,8.283070746134237,1,0,0.025970122,0
106.93458962750763,4,423.0749689743394,2,2.2202931620209827,0,0,0.17054331,0
77.72833216807776,16,439.5400681806429,1,1.1905499343473591,1,0,0.03223248,0
19.63906085585971,8,622.8412378409766,1,29.174234332915454,1,0,0.019053396,0
31.079070136095854,18,164.61999995935207,0,1.372900636986656,1,0,0.019633455,0
32.97608912675668,7,55.14662071800442,3,18.30183599887451,1,0,0.43113184,0
8.974213985122468,21,288.1163200995927,1,4.4439259466572825,0,0,0.018967265,0
13.180313339286368,13,86.7775285243101,2,0.8901780701048241,1,0,0.04753116,0
92.95826625111609,19,354.705937906902,3,20.9757135959277,1,0,0.028456256,0
7.118801938777857,9,363.90539109578594,4,12.781513473922145,1,0,0.0653025,0
95.13574678906748,2,191.88989810757857,1,26.161286534503965,0,0,0.52960324,0
46.675074694765065,4,8.808584261621318,3,47.980718021104416,1,1,0.98729914,1
30.48744951095931,20,776.7088636593347,2,9.908830374797736,1,0,0.022284865,0
60.17612917826562,8,167.73856478965283,3,8.210085794798944,1,0,0.111070186,0
56.55245790167489,22,223.96795204823212,2,1.225064208043873,1,0,0.023561576,0
118.00783737465066,14,321.04934427871666,1,16.100329056653408,0,0,0.45604578,0
23.460310723076446,11,336.3849940120781,0,0.5999270969768669,0,0,0.008968324,0
27.88269005452291,16,349.5292872988575,2,11.47672329822671,1,0,0.022723611,0
27.400845109981216,21,324.5862572934761,2,27.124968348969407,1,0,0.009099279,0
232.0349067423378,23,393.0416039227551,1,13.9289472386689,0,0,0.41834086,0
90.62804194033367,5,400.074265911116,1,22.53740690336624,0,0,0.4125673,0
13.877759505926605,3,606.5521339414513,3,20.772953651815104,1,0,0.95034564,1
25.11126909980332,0,662.9661839645478,2,10.677475601904726,0,0,0.20922883,0
17.2864582585473,18,862.5283123038847,1,2.983553450335521,1,0,0.027806172,0
35.58809898632602,10,716.7722346031957,2,22.654962209671112,1,0,0.046092246,0
43.5222905625042,0,103.26936515644928,1,0.6023362827225585,0,0,0.07803635,0
350.6634458940909,2,412.4358328916748,3,18.41393657368015,1,1,0.9620143,1
5.625071820741379,20,389.5476922876459,1,14.077540066395208,1,0,0.008488012,0
98.60095215052182,3,119.37236782744682,1,5.118206767478894,1,0,0.06291754,0
54.45287337912225,5,347.06456004105075,2,23.0217122316568,1,0,0.074083984,0
17.375217949440415,10,409.73117148396136,4,16.015625624761707,1,0,0.059047386,0
30.25323143913055,1,1935.802404789792,1,43.360175809464,0,0,0.76520514,0
21.38355461148552,23,153.6813265630098,2,26.161027677858687,1,0,0.010639643,0
36.98447934839101,18,97.41158462804076,0,3.3103363445644614,1,0,0.021569477,0
96.59556570267036,12,935.041166872836,0,3.760262753134103,0,0,0.10917615,0
7.671149605587659,8,391.8761442155828,2,26.09437727511713,1,0,0.023016147,0
131.408846806103,23,72.21111848059104,1,9.411799504758916,1,0,0.030329205,0
24.200076312061768,1,385.60617336772094,3,12.995264435534017,1,0,0.9946097,1
158.96229089027418,12,166.86164912255708,1,19.91707560822588,1,0,0.04620488,0
53.24788868462475,20,369.9378649865282,0,47.90503478569256,1,0,0.0045965156,0
121.39632742418024,11,217.21212469692023,3,51.7195837193768,1,0,0.16418368,0
62.174961936994805,15,39.24977429940152,0,13.055970836096702,1,0,0.02693601,0
104.71539142428723,0,685.4654286327283,0,2.076315493601561,1,0,0.028791167,0
37.31708912300435,8,317.6201577442618,1,19.85987576480964,1,0,0.026145587,0
15.321960966683973,2,494.6888538509276,1,8.550935769468257,0,0,0.035451226,0
69.25148868718819,22,460.7208151960778,0,30.8194968241808,1,0,0.0069556986,0
72.0006458449395,20,343.49927697668903,0,12.054258862441843,1,0,0.014418678,0
289.68167260154763,21,686.2783803174061,3,18.139102376651326,1,0,0.015170302,0
4.73472125001572,16,255.88479861049248,3,10.886184714192236,1,1,0.027040439,0
28.980883792316543,4,205.43254976321,3,29.7384843348474,1,1,0.9726519,1
102.44543371420092,13,270.0426316776132,0,1.6366600892308418,1,0,0.029791508,0
10.059309252538876,12,679.7584625555672,0,47.69710456299978,0,0,0.019177716,0
28.139029860395144,21,422.0326252306399,1,6.269768415723889,1,0,0.012209569,0
295.45536448146544,23,690.5268965309701,0,45.23445792730649,1,0,0.025944533,0
146.36060428417414,15,915.0590096612636,3,58.980315926426414,1,0,0.030406756,0
14.649348522787902,21,163.91429707065862,1,9.36897999558405,1,0,0.013758849,0
147.85933784710772,6,239.06303402146457,1,9.62318785413276,1,0,0.04522781,0
116.0188454989544,9,164.42553431143335,4,6.563619817688954,1,0,0.13678153,0
77.18915333614547,20,428.55330437205,3,8.422769033056499,0,0,0.6961498,0
51.90433960608591,6,1708.675393171562,1,16.83976029069735,1,0,0.09990743,0
44.99502681532697,17,426.983089459516,1,60.061779221427706,1,0,0.004865584,0
14.825717141067871,9,328.72791785988466,2,14.868186959031608,0,0,0.022345565,0
21.13030767719757,1,417.2749482701265,3,7.382132692485916,1,1,0.9948927,1
73.9201316073559,20,663.5324440577416,3,8.370027886460845,1,0,0.025002837,0
40.85371107271168,19,190.02294674157537,1,29.362144460750287,0,0,0.034781177,0
226.39888951762467,14,500.1822497717118,2,9.212951545565437,0,0,0.3089526,0
25.40828438058657,8,335.47303938286467,2,37.4651909463383,1,0,0.020467527,0
3.2046110535688275,4,612.8684844651757,1,3.883688771968606,1,0,0.062183227,0
25.40889754754574,20,259.9484127523531,1,15.106010017493606,0,0,0.022062615,0
46.906308140814666,13,895.0919257759608,4,14.59199082802049,1,0,0.08427485,0
52.12158603933548,19,630.3675003046498,5,4.680831641701283,1,0,0.033322476,0
38.03412590781516,1,417.0329971843611,3,3.079165654973619,1,1,0.9944459,1
15.59529323462566,21,96.9808528114267,3,34.9212584043674,1,0,0.017169062,0
158.91530972791688,19,1346.9594850575202,0,1.2913491739847789,1,0,0.022898005,0
18.286716624131977,2,321.25767699451217,0,4.643863855732018,1,0,0.032186918,0
72.50949367898652,15,414.646933307213,1,18.701647750536697,1,0,0.02543255,0
26.688386307070623,17,433.83358876684673,1,95.97104772683268,1,0,0.0016719605,0
10.729768973797558,8,102.59139529023923,4,4.312772650416695,1,0,0.31785992,0
146.63924110353418,7,704.1060653943662,1,7.799648043009661,1,0,0.032571048,0
2.8860536553585687,13,376.702118472093,1,43.78284415539454,0,0,0.0062168366,0
15.18727235350293,20,808.5626668608319,2,28.76843390718056,0,0,0.023288507,0
54.95827345670797,4,426.44067465012415,1,20.096533026722724,1,0,0.043981094,0
24.946826220887825,2,281.27738310343136,4,2.435260259365343,0,1,0.9967116,1
75.59960839047196,18,309.30315219826707,1,24.50605209341165,1,0,0.017065862,0
32.28552519775311,21,459.3536864419017,2,0.4215499460647327,1,0,0.016165601,0
22.679211411122967,2,150.1534393014039,4,39.80738892115394,1,1,0.99934846,1
310.573473521904,23,93.04580096430156,1,4.770536123240518,1,0,0.015709842,0
28.661459086044328,14,313.0752911060535,2,82.49853138617335,1,0,0.003387313,0
30.50623620068655,12,513.3458786195251,1,6.298270420587824,0,0,0.017782064,0
12.093246827569876,11,413.4240934980628,0,30.586288339784,1,0,0.007124855,0
16.916878032468695,13,871.105497396582,2,6.534590936424819,1,0,0.04846049,0
68.50331333972139,5,748.0949776727289,1,45.52872203883103,0,0,0.610875,0
62.90286978081952,14,895.7598887280053,2,75.84198061186115,0,0,0.6381808,0
35.859370943082986,13,437.0977963505978,4,2.077592864608409,1,0,0.061303236,0
17.769175977927116,21,487.8518811746416,2,17.87879137420856,0,0,0.02631853,0
71.18081211011707,3,624.1091891714464,4,6.5960047574572895,0,0,0.92434853,1
6.517531692837785,2,556.6814118313139,1,16.89218806924094,1,0,0.06412929,0
25.47259195287008,17,424.0128353160514,3,1.5478607428020514,1,0,0.032708358,0
27.86392150365479,20,773.7621966997746,1,9.543440570052942,0,0,0.02191616,0
15.39209464721916,9,707.3249910059666,0,14.270543180818343,0,0,0.008722732,0
41.833520340659774,8,224.63146669359463,0,27.46184701161079,1,0,0.010982943,0
18.417482886720997,15,787.5206203015721,1,12.52552990351728,1,0,0.029458059,0
16.089861376033387,9,253.35830658497315,0,19.97567565612546,0,0,0.007454982,0
218.2073206954576,17,326.48754007222266,2,37.870719189724895,0,1,0.9761713,1
75.53711578750323,20,809.8861321573121,2,24.25757474259405,1,0,0.01916383,0
119.55608576430492,19,396.9608128251876,5,31.874987031499657,1,0,0.036362182,0
37.9342318949054,2,408.0486804764097,1,7.523511603871657,1,0,0.06399712,0
94.63326272624852,14,788.5362752454379,2,3.760860101141159,1,0,0.04267325,0
78.80372882567049,3,222.58830596339251,1,4.2056436874989584,1,0,0.05833447,0
121.50400119932353,6,244.2404221643517,0,64.69296387233587,1,0,0.020207776,0
386.0240315224628,16,207.38432202130457,3,6.341931666581352,0,1,0.73326457,0
28.816052630464764,14,471.6657108372272,0,37.44191473400472,1,0,0.0075391633,0
46.870443717832025,17,279.395653850382,2,5.1860389177146455,0,0,0.07680041,0
34.37484201689198,15,190.65839405904208,0,52.03446318618213,0,0,0.04976268,0
1.0760195716691354,5,500.5354485117695,5,49.34299229087999,1,1,0.83599,0
8.962168795787873,13,528.2982071428745,1,36.04440567473616,1,0,0.008876363,0
36.93811408395232,16,469.6601234706313,1,38.057375959916286,1,0,0.009675195,0
68.34732979468055,13,981.0156987285416,2,83.05083332121202,0,0,0.74629927,0
20.401631892388323,8,851.608794987125,0,0.2978720540242782,1,0,0.0242946,0
113.03305646491374,19,1072.6860331861724,0,5.557120122231411,1,0,0.024893865,0
131.1885717644588,0,449.6457961361324,0,9.659367148133734,1,0,0.033755023,0
24.0438850754208,17,500.7479404534571,1,10.024068702163088,1,0,0.021354983,0
151.08399081759893,6,68.66503884352466,0,3.693063157653077,1,0,0.033902142,0
209.76299531264672,21,415.6734350659559,0,0.0969183965213827,0,0,0.20481122,0
57.9159564556325,3,1211.0137348101034,1,23.590016682246414,1,0,0.054543443,0
13.647854368092233,20,184.5156570295517,3,8.660593669582894,1,0,0.030701382,0
158.2375276935538,10,861.6473731916591,2,57.8258548012984,1,0,0.074341305,0
30.948400761650337,3,419.572046847484,3,20.278525219179286,1,0,0.97238266,1
25.002220234736424,10,1533.2615588106544,0,2.0982118012414244,1,0,0.029922334,0
40.99556482679628,9,593.2481523600721,0,1.2175228680305112,0,0,0.016544012,0
21.323249710095176,9,190.2826878063364,0,3.659958163283369,0,0,0.009103218,0
106.74368763287858,10,1009.1509142521126,4,10.106991039583558,1,0,0.08493064,0
79.4973767550095,21,446.33308176043073,1,11.654048994292536,1,0,0.015717218,0
123.70699360261378,3,769.211707883687,1,26.43341093881551,0,1,0.80935,0
65.38929967909687,9,191.6252295147343,2,4.50780688231185,1,0,0.06378182,0
16.532601208169204,19,259.2444018817214,1,5.130617950224491,1,0,0.01620922,0
31.198412793200543,4,123.27751796411536,1,4.783206142216794,1,0,0.06567767,0
87.82793940580619,14,234.60197821397296,1,16.704886517840794,1,0,0.03495877,0
24.362825051804272,22,725.1103823930787,2,19.611844679259,0,0,0.02690151,0
678.5600508695708,10,698.3585412048834,3,20.86903687124288,1,0,0.30980688,0
28.722987835918,15,290.28486569830744,2,0.2270550533434782,1,0,0.035713717,0
20.360782827442456,15,478.94661306728005,1,4.178645670264081,1,0,0.030236384,0
115.45752825994602,22,194.43761141986712,4,11.493248631544612,1,0,0.044623602,0
77.30338474083597,14,710.1132380931504,0,0.6265893547952579,0,0,0.056175828,0
35.590341020402896,10,147.54349285079087,2,13.883519928657416,1,0,0.04109243,0
29.071426951411176,15,220.2906786231703,4,64.54119978066277,1,0,0.020562846,0
56.064516459518,14,177.2584315880645,1,33.24506099496219,1,0,0.015260892,0
84.39708414877407,20,1026.102307413434,2,18.370618050119816,0,0,0.16266815,0
78.46981163751104,7,145.17574194830365,4,17.25817569924216,1,0,0.49142107,0
27.06760500330133,20,616.9205119117246,1,3.0323728948822803,1,0,0.018091727,0
56.36865369500629,23,384.0658238187983,2,3.576925114608092,1,0,0.015120968,0
85.11062024334194,2,494.8950249152194,2,9.432317555981577,1,0,0.09900525,0
78.64705649071276,6,90.1771184597519,3,5.211396138659814,1,0,0.8269139,0
1.6714033100768722,2,318.9356793805904,6,6.447778811290922,1,0,0.99512225,1
15.025315846338886,22,470.4391206504587,1,19.525088470097653,1,0,0.0071124793,0
16.84635885244623,0,781.0154963113613,2,22.821308199732872,0,0,0.18983965,0
29.06906837114424,8,250.7689699372432,3,10.08463867816064,0,1,0.8780477,1
43.77603180296725,6,310.0607752294176,0,13.46684452291982,1,0,0.021354983,0
91.9674212048412,18,1471.5575997016322,3,21.53992179809013,1,0,0.043765984,0
67.87618738566039,23,236.48441339101817,2,1.1238595634373518,1,0,0.021672089,0
32.2348235907054,15,385.21750480469353,1,1.145570324398905,0,0,0.02380686,0
37.45507832916213,2,359.2277583203909,5,18.82959151351173,1,1,0.99659,1
212.5378203167262,18,449.1499283061773,1,1.949911767672082,1,0,0.01766206,0
19.83079705244402,0,523.4372756274,2,9.836168986557306,1,0,0.13633893,0
49.62472491481851,4,515.6640929739718,3,8.486698010425654,1,0,0.93891263,1
175.1248479771423,2,342.6125353012826,0,2.0161342591019342,0,0,0.2461584,0
51.72411950120578,23,382.0704866398459,1,1.804520389790188,1,0,0.013170884,0
4.742119576538731,1,325.59833373682534,3,51.53722583862186,1,1,0.99025935,1
53.24626366147526,11,189.60194936547063,1,89.27871150773325,0,0,0.25391257,0
24.844707844640944,5,248.69451007408543,0,28.222428375198533,1,0,0.010709417,0
32.684429624778744,1,687.6268005490418,3,18.04824555114342,0,0,0.9077954,1
104.69104593370174,7,442.7242730526396,3,14.658317871530352,1,0,0.2876967,0
58.52969478126533,16,114.62419588003692,2,19.53741723212753,1,0,0.03579277,0
28.10530911086367,5,355.9987430528555,1,13.043714362157084,1,0,0.046404246,0
89.30071718663602,1,962.5278567668352,1,15.020788029694742,1,0,0.053814135,0
56.55865434565244,13,440.18354043056047,0,46.42850284189159,1,0,0.008086326,0
40.65577894169737,15,1265.1827017167273,1,8.245725626313757,0,0,0.046709374,0
49.45227023561203,21,779.8645682208007,1,14.15037657916218,1,0,0.017542826,0
47.139663434345366,17,370.44031960121777,1,7.966063990987114,1,0,0.02346086,0
26.06193521966554,2,227.9347123750615,3,0.1345997269425097,0,1,0.995956,1
23.124668862174808,4,201.95382789157017,6,28.229558866101428,1,1,0.9473981,1
37.53077943001414,17,534.6311399693748,0,72.4764488289397,1,0,0.0029274346,0
14.094092776876176,2,59.70905498649217,1,10.108520994113864,0,0,0.034928467,0
10.392832431135067,19,627.095804426913,2,11.33142121404236,1,0,0.016291928,0
134.41216991647545,3,716.5508385335694,3,5.550530460070753,0,1,0.74868953,0
28.79804171081823,12,562.320568136282,1,41.98835722907182,1,0,0.011321544,0
35.73025424860999,15,339.6269476479064,1,5.467648097345103,1,0,0.029008588,0
31.975052176418423,8,172.98515194724186,3,24.50098940667971,1,0,0.09480215,0
37.46494548499417,17,161.73527834897587,2,0.6265759020323097,1,0,0.041779067,0
37.43892544463639,23,114.00632242920628,4,25.500666190105772,1,0,0.043045573,0
39.0610151017698,22,255.20859907902516,2,8.182858468635137,1,0,0.017002603,0
16.3635161264103,11,683.1343267399106,2,20.938606814448576,1,0,0.030923838,0
92.94641751894171,7,507.0892652081636,4,4.495315910114367,0,0,0.5772658,0
18.31838588025294,3,516.0772282720845,1,44.653648652269126,0,0,0.02760017,0
103.01814958687348,2,40.71395847841147,5,1.5440516465591527,1,1,0.99907756,1
5.371920977292409,2,775.2912699068999,0,5.125467908620154,0,0,0.020696595,0
12.660348641753302,15,724.70060805546,1,25.85258870540496,0,0,0.013264386,0
98.7038346244645,18,434.7718561364623,2,8.582730336890009,0,0,0.13172728,0
31.55872160689201,20,771.1686458652263,1,3.6538140432999207,0,0,0.02625839,0
18.708519663102752,21,1333.6600676991527,1,8.735809732022163,0,0,0.026401158,0
53.25936340499415,17,247.1832628683329,2,14.64848643489284,1,0,0.026423825,0
12.864535961480977,14,701.1405730170679,1,7.958832058814777,1,0,0.032169543,0
39.52257394168754,11,304.9103686238144,2,1.0356944526307377,1,0,0.0496322,0
3.994214737296242,3,226.06547319194627,2,1.9273780376521528,1,0,0.17353521,0
23.28103411969408,6,502.2029634595611,2,51.35770501986436,0,0,0.052375436,0
19.108913646767697,3,726.5552029904886,4,17.596368954920475,1,1,0.979002,1
62.77871622922256,17,869.0090225388245,4,31.465256940440614,0,0,0.18617389,0
87.86234197888106,9,362.68774935140016,0,7.128765010377876,0,0,0.120784424,0
15.57165605655413,20,845.0826789836657,4,10.787445927221729,0,0,0.0684303,0
182.89482048602136,17,132.26502427589023,1,4.303287805015238,1,0,0.032739177,0
20.246191654012225,5,87.43954214025237,1,0.1504951412209189,1,1,0.067105286,0
4.683643144465286,10,493.4211221105228,1,15.609836651346848,1,0,0.01903291,0
3.3881750986211183,17,391.2863121384273,5,18.97206416770468,1,0,0.022365293,0
170.53846396106147,0,806.5119922219717,1,27.840968562925724,1,0,0.08999446,0
33.530766375914176,18,358.9175775181465,6,4.960044719537535,0,0,0.5239052,0
19.157064764661143,12,1009.425514936954,3,5.285982017506346,0,0,0.11785758,0
17.324155192566156,23,927.7210707869556,3,5.579883528133896,1,0,0.019238032,0
12.277686639602363,20,386.2395182166361,4,10.869387740508854,0,0,0.69421923,0
141.49066899008477,9,393.0687967990012,2,4.102718038222624,1,0,0.043074697,0
33.65349624532004,0,281.360042469824,1,6.331768757436772,1,0,0.07254851,0
219.2490175343034,9,102.17594617137736,3,2.625383269509536,1,0,0.16330703,0
29.993998632420027,14,156.98625970088906,0,2.0736083666223517,0,0,0.015824748,0
3.489322180840568,1,212.63159791675912,1,22.660736985374797,1,0,0.050307445,0
85.15166336921763,1,420.7594491804255,0,20.477336516801014,0,0,0.29261467,0
25.325315476123155,3,136.96322721834505,1,4.436844933772434,0,0,0.03874842,0
28.873445168965937,11,405.0653316784574,1,45.51350949761116,0,0,0.033561546,0
175.43583584895327,17,1083.236745984848,2,24.91495142213905,0,0,0.7569894,0
28.123683429652207,0,548.6998474622651,1,19.697361913290774,1,0,0.06744685,0
116.97886047921224,6,402.1205813579548,1,9.258362862196076,1,0,0.041839026,0
36.41600297463836,23,680.1158294521938,3,14.777093646416509,1,0,0.016505575,0
17.253564209492886,21,391.71009878363054,1,32.49093271184399,1,0,0.004908428,0
60.78328146866976,21,486.9078305448325,3,8.327125344377201,0,0,0.5190159,0
20.07183442997616,7,835.1375041185703,2,26.06918903139986,1,0,0.058214597,0
124.99765199491556,16,181.2357386970775,4,14.328299754164242,0,1,0.98710024,1
95.57263301375232,19,342.7346459643893,2,2.5903002624629665,1,0,0.025119519,0
38.967731490715465,13,681.2647850074509,2,14.29552258688997,1,0,0.046263278,0
67.3496053129973,8,211.08737074733116,1,55.92480497256346,0,0,0.45459288,0
64.36707328131165,4,382.4208059560706,2,11.04872182965216,1,0,0.106754914,0
27.78184594647706,18,246.7005522333746,2,2.952701609754639,1,0,0.02791885,0
89.58128609810713,20,570.777443934448,0,4.8809414299279945,0,0,0.08427248,0
29.15739048267612,10,352.009486409109,3,5.702725380849755,0,0,0.68752486,0
67.7758320698516,16,151.53436294725455,5,17.38493642588622,1,0,0.07595422,0
14.14914939089475,5,239.49188653054003,1,66.14377336562107,1,0,0.0047913664,0
40.52942814031136,11,565.0069244115197,2,8.187837222546348,0,0,0.04710044,0
55.48387400887656,4,510.11705174505073,5,30.938450350339743,1,0,0.9531662,1
16.63562418329107,4,93.04208743303238,5,11.164037436540651,1,1,0.988236,1
24.183560879836318,6,789.914595016365,3,4.206579010973078,0,0,0.3493034,0
21.519414097024814,14,927.0314412085368,1,20.707996366836056,1,0,0.029501947,0
75.99366423677247,2,435.1843621289953,2,2.163508952279721,1,0,0.1059775,0
17.87077713505969,5,143.73315812216694,2,32.87323478627663,1,0,0.04044142,0
56.924981199132056,20,259.897913011741,2,35.40652866477212,1,0,0.011674729,0
168.81020514156504,0,870.4745672958641,1,10.679971637359708,0,0,0.30871072,0
52.51691589740555,22,238.90499649469317,0,3.612859819050356,0,0,0.039318085,0
7.338301244743385,0,443.27750808767263,3,4.663665495973795,1,1,0.9972013,1
41.72133957628784,19,804.2501697376409,5,18.406705542580102,0,0,0.08259655,0
104.22997967490896,22,570.795709787808,2,2.522199241047155,1,0,0.014499654,0
27.658614145945595,0,462.73878328856233,4,9.631239354267043,0,0,0.99526167,1
111.69053978595552,5,376.762367369753,6,5.32823195586313,0,0,0.9592371,1
68.36651393663425,21,502.16403130171904,1,9.27400567308657,1,0,0.015801044,0
56.16058565657483,3,369.4277428745321,3,3.429821037654974,1,1,0.9784374,1
28.39214230055858,19,19.150766500201147,2,58.559734764330535,1,0,0.0061267437,0
22.095901687005345,13,1389.2409547506822,2,46.36010123576387,0,0,0.13914193,0
28.55916934966994,20,239.83089226457523,2,0.4126590436127978,1,0,0.024313098,0
39.30911751563709,9,122.62205241494578,2,5.28396274570271,1,0,0.062922835,0
62.296767851768514,15,467.5309885809797,1,6.677818952093174,0,0,0.04380925,0
56.24624574851004,18,372.46887755746593,2,12.122708388430018,1,0,0.02225938,0
27.348599000193445,4,248.21891740426256,4,4.940984158491384,1,1,0.9858623,1
39.46290050152886,0,190.66622472305937,2,8.892691863042511,0,0,0.28619704,0
54.49568730908912,7,223.86895233739423,2,4.0226880155927525,1,0,0.08081923,0
7.285958150613758,16,294.4784794649611,0,21.554545157337703,1,0,0.0067415657,0
17.16663486741781,9,497.2526347188711,1,33.93485122283904,1,0,0.013143382,0
16.652623708916877,22,59.532377477813455,1,36.63997878887094,1,0,0.006154896,0
30.20367380254003,4,1216.512807552762,2,2.804479778630724,0,0,0.11013033,0
28.125533760880987,17,499.5644015049269,0,11.099811759395203,1,0,0.017759334,0
28.63692509645269,0,429.88068131504406,5,13.20547345323595,0,1,0.9974038,1
15.489908551153157,15,584.1575976252666,1,12.852675646011912,0,0,0.012009206,0
72.67576009404175,22,1262.1204024163414,0,5.604306248880854,0,0,0.08383254,0
48.98065345483117,0,1018.2766361883572,2,8.522881031716006,1,0,0.108073235,0
7.178915620914767,9,670.2275621735172,3,7.742249634294223,0,0,0.14709133,0
37.61912297547764,19,1419.2483938671685,1,1.235949199392209,1,0,0.03354732,0
12.038902805386252,14,83.14816702130557,2,36.159754067817325,1,0,0.011549992,0
203.77544337793304,16,222.1047922033273,3,14.800583426411295,0,1,0.9721291,1
23.55493813814301,2,247.28119731906375,3,15.572605155608915,0,1,0.9915802,1
25.0630860098563,16,661.1327995600758,1,11.279241654496602,1,0,0.027531605,0
40.41906855015033,20,629.522383370624,2,9.247051946997422,0,0,0.04796534,0
30.43588356716607,4,293.0534737983312,3,2.0209931659497165,0,1,0.97632205,1
35.07499233003664,18,865.0373097711539,1,8.195893738469543,1,0,0.028849825,0
174.75798323885766,10,447.3524418565302,0,8.808581776744136,0,0,0.50546724,0
46.63264089837234,0,182.04509130485476,3,14.808486544657844,1,1,0.9988257,1
85.74847556585576,1,399.1968590890418,2,0.2280374894137002,1,0,0.10640535,0
114.87627964103925,4,119.32984765876732,3,10.891780018456096,1,1,0.9678976,1
14.043228938532964,0,859.998958727293,2,6.218820300921206,0,0,0.20789899,0
201.57330976378404,17,616.9844340705114,2,33.13790357284304,1,0,0.025457097,0
74.09368422190626,23,247.691236615358,0,63.01546165276082,0,0,0.394008,0
96.9706112646274,1,507.190310555223,1,22.55674987514461,0,0,0.53842777,0
15.705898460063462,18,550.9844360757384,3,6.602080613508698,1,0,0.028483754,0
84.34364964421628,0,463.2198016411481,3,2.5151598741866192,0,1,0.9795528,1
56.32349978882739,16,850.5249797561901,1,0.8195139792432218,1,0,0.03440196,0
21.77348189562479,2,931.6178406422785,1,3.954747818226874,1,0,0.056651752,0
365.3334407795693,4,123.1119487090353,3,4.347692801670411,1,1,0.8107906,0
65.6854754592557,3,334.9549760466677,1,20.61883635677269,1,0,0.051699005,0
29.33628989572297,9,641.6925743712155,2,14.330657440897571,0,0,0.036605235,0
45.25617856385663,18,134.96061864321868,3,2.7784573357152964,1,0,0.054278165,0
92.63974627469442,4,651.6908123043343,2,9.6430351381034,0,0,0.17829233,0
115.45355212244762,18,20.926459443848557,5,12.265072353953151,1,0,0.11099846,0
66.71362616029703,21,359.49384000495564,3,41.322387451764975,1,0,0.014728821,0
125.98002431033282,13,463.58092660569343,1,43.78726777207855,1,0,0.020825574,0
162.254340134575,4,1066.601645719877,4,16.4039334082373,1,0,0.6732442,0
10.852350414977783,7,518.4208975154282,2,18.066759442769577,0,0,0.022655,0
22.95625627769037,8,888.1145710792989,1,16.15406664590275,1,0,0.037442416,0
14.582727539209817,18,528.0779832153792,2,6.715784040941875,0,0,0.028175069,0
41.13029400933524,21,176.10204813757966,4,0.7174876657554121,1,0,0.06563664,0
158.03863628069308,15,817.6937329426961,1,39.45938578194045,1,0,0.03277957,0
71.72574280064956,22,671.5450367993125,4,23.533830044498654,0,0,0.2173838,0
13.119540663133773,1,348.09029840677545,0,6.402481322895557,1,0,0.035841152,0
27.83319071517218,19,239.274349166204,2,17.724526414296854,1,0,0.015608399,0
104.42554491841008,4,248.7033983808025,4,0.1713591810080487,1,1,0.97837985,1
21.94422287327541,8,876.3302034530846,1,4.011127661961322,1,0,0.042455014,0
33.895916359627506,16,1159.841122894471,2,32.152990932240066,0,0,0.067106776,0
50.62517558902777,1,1107.0245072837065,3,16.05197542698177,1,1,0.9707173,1
6.040581240908422,13,679.619518215767,1,1.4942101959846958,1,0,0.034827434,0
81.41752371176301,23,404.3642165665867,3,12.098214378009963,0,0,0.74760574,0
52.57890478771042,9,1274.3075852636014,1,11.127980598598516,0,0,0.07533954,0
65.92552872290356,23,495.6967951523901,4,0.0554836444578282,0,0,0.44876337,0
14.032001369945146,12,341.7322702936926,2,2.0523777349472465,0,0,0.03061942,0
17.32250922475946,10,133.08830257592712,6,0.3537615455734184,1,0,0.07989563,0
20.556285874842267,5,153.08313432762282,1,10.967473885841914,1,0,0.04247096,0
47.96947880996848,20,728.0652545681993,3,40.12339482451169,1,0,0.018195832,0
40.05876314944394,14,324.2297887365024,0,22.133205005984493,1,0,0.013298793,0
42.42833862936204,15,87.88880283723614,1,4.202076635401343,1,0,0.041265037,0
224.01587758694637,3,1042.102379542211,2,3.774973070274936,0,0,0.21078758,0
137.7556884882027,18,382.28818321968686,1,0.7797773692968815,1,0,0.025493054,0
18.191937021313016,23,151.54288565012612,1,32.774853801726074,0,0,0.01867614,0
19.42377141186396,6,651.0625396348858,2,1.782020418768387,1,0,0.09534731,0
207.62372238433517,19,134.66689572847332,1,15.219399860791968,1,0,0.029696727,0
27.194874564889957,10,193.2137023257186,1,2.577799838818602,1,0,0.039957184,0
148.24091994765888,11,167.27289898576305,0,0.1939711151831624,1,0,0.034122776,0
184.67950839768864,16,211.0205426368178,4,10.44201070181895,1,0,0.058058377,0
21.70735152492129,23,151.82027344219145,1,19.41679781948285,1,0,0.009846336,0
28.517372270149604,17,153.92538455519744,4,1.7213993980489355,1,0,0.084705606,0
40.56197994309173,16,635.93010807193,2,6.423746382957616,1,0,0.036615595,0
15.740525450018051,16,404.2219784624679,4,7.321646599612284,1,0,0.04075587,0
14.043176256186486,13,304.5058632836516,2,37.79489739361255,0,0,0.018964522,0
24.99828532144817,14,136.78981710431472,3,2.333709425871511,1,0,0.06223071,0
87.59269358440538,15,651.2350967607782,0,21.19496960772709,0,0,0.26436722,0
23.85769926428164,0,1102.3401658223509,2,5.301948220348988,0,0,0.19957359,0
30.376752099495786,16,461.1471028228033,3,16.69174652383947,1,0,0.03245872,0
23.447395174366683,2,388.8911838473101,1,9.006183662780094,1,0,0.06953346,0
9.536843725849325,23,251.6445443248164,1,8.3834717109117,1,0,0.009214149,0
164.74120853857198,18,646.8893584834796,1,9.58523269893428,1,0,0.01909293,0
3.588609706703332,18,632.2789899705197,1,11.660294033694996,1,0,0.014383302,0
19.412685991029846,23,560.3469054083085,2,10.962917231630172,0,0,0.030896973,0
65.2826001984973,5,750.3925864822522,2,6.848862204424745,1,0,0.0769236,0
9.245687698873464,4,273.8924024295073,1,2.1395024118706902,1,0,0.0637234,0
68.35708782300068,1,226.9613041238493,1,4.097482831640734,1,0,0.06582064,0
130.62458029314882,13,929.4851884811034,1,10.110066392636062,0,0,0.21662721,0
15.80379104402409,22,644.6272510042844,3,0.0385239016107872,0,0,0.11988115,0
45.993999859466,10,676.0438579959655,2,4.780503084599567,0,0,0.05661424,0
12.296886682978116,17,167.94545594803284,3,1.251648489624027,0,1,0.9649468,1
61.97414658085391,2,782.1970178781786,1,9.714860414160825,1,0,0.05458046,0
40.77251935793189,13,904.3974704016548,2,3.093760998069077,0,0,0.05506613,0
46.298524873350914,6,413.4087827582183,2,16.325312949961752,1,0,0.07512432,0
146.3050999835716,11,240.5639021365108,1,66.10610902113388,1,0,0.033468526,0
59.77936619449704,14,528.3998575685927,0,8.026539003014657,0,0,0.029084783,0
143.3686227381007,22,216.4625854551037,3,5.006637776660711,1,0,0.025952693,0
70.35697296685252,16,238.17936403301647,2,13.105709225233069,0,0,0.14002714,0
11.24337375190743,1,772.3572447142099,3,16.71857039301145,0,0,0.90965784,1
48.46331700315019,11,317.8420688211155,2,13.55457208335287,1,0,0.041903283,0
60.87873280806305,3,69.48341002477815,2,34.59457849499886,0,0,0.34542432,0
8.79135611790234,19,445.71713366528473,3,22.85164997620128,1,0,0.0155620035,0
141.58305310788202,7,469.6315802525551,1,18.06939677937022,0,0,0.6959142,0
39.94056256434021,15,258.2620671156888,1,69.38777299329779,1,0,0.004256337,0
53.91638748585431,23,182.3264940932937,2,7.412880256731543,0,0,0.116396524,0
15.223445035452706,15,331.1575434874617,2,0.6782162546022296,1,0,0.030901678,0
40.12151712535185,16,210.8271784916996,1,40.34909297197441,1,0,0.008631781,0
50.35900269463383,12,616.4992546807212,3,21.84440994466209,1,0,0.060380008,0
26.925107476551588,14,1102.3338852398044,2,3.651875870316253,1,0,0.055821307,0
40.44498270780532,22,380.7178477988708,0,13.917164200349111,1,0,0.00839208,0
4.480281348132664,8,770.4806550839901,0,30.58213755577658,1,0,0.009943157,0
145.65011476717893,0,319.33662009883426,1,3.304959286463498,1,0,0.05140029,0
12.24316481813319,3,935.6746057136156,1,7.208322395317144,0,0,0.0415991,0
4.207459922153888,8,364.4811047704783,1,12.144587733770733,1,0,0.021774102,0
14.276990654673565,0,225.0708690561538,5,0.026336412684676,0,1,0.9996871,1
16.185024792873776,16,104.42506538012049,4,9.82633238286714,1,0,0.08000076,0
64.2379150433766,3,471.22723150668617,0,7.564560871846282,0,0,0.062247243,0
14.954534815758032,19,690.8434930873152,0,11.353687227687546,1,0,0.01322892,0
49.55041221658218,4,976.7043222518562,0,2.8918420342086333,0,0,0.049728587,0
14.283820439615829,9,789.4884407274966,5,0.9369026508329316,1,0,0.11562568,0
338.86057851926114,12,485.821673919211,2,15.588954003659309,1,0,0.036294326,0
64.31418868385607,20,1145.0236720257772,3,32.619980622432024,0,0,0.2299842,0
263.6407709084343,8,240.91819051017168,2,5.543112235433995,1,0,0.04547331,0
13.513859674275084,19,696.7796175337534,2,35.61065962184165,0,0,0.019898267,0
72.37375491965486,23,329.66792989275245,1,2.349424680205292,0,0,0.09401178,0
14.32197893363184,2,326.1337923966809,2,0.3381052652005017,1,0,0.15983862,0
66.44141758783856,22,882.1106483078701,1,17.95636342622229,1,0,0.017305609,0
73.38310175780364,4,1013.2134031566362,3,17.77717661244621,0,0,0.6094761,0
7.5609203946809425,13,224.66603573469592,2,2.8434661242171493,1,0,0.032732807,0
11.94943571261816,18,1059.3955330699523,2,50.42297022388413,0,0,0.034292232,0
11.595886043534978,3,992.2214679855306,0,1.521361672198556,1,0,0.029220615,0
8.273553524836489,11,272.85947200418457,3,0.9730564713181176,1,0,0.05358467,0
17.911106836418078,7,485.880240995439,3,13.2248988495093,1,0,0.27354288,0
14.238253216661931,2,121.12114432423976,0,1.6188706968476767,0,0,0.017318701,0
8.764155096161304,0,32.049657635916915,4,2.9404073211408357,0,1,0.99991584,1
40.98998265881549,6,544.3514799858561,0,13.442574598267658,0,0,0.024081804,0
64.12446902474343,15,386.7370220925164,4,2.030523625250268,1,0,0.053369198,0
9.976568073811189,0,307.22900150498293,2,82.64584735104862,1,0,0.036321364,0
21.27672360221745,9,560.059368590748,3,2.0102257775984684,1,0,0.08035352,0
37.4213730969291,13,215.55369537237596,0,6.309593029690782,1,0,0.020367498,0
29.4353141111141,22,509.5596929627801,5,4.88904707649153,1,0,0.022361238,0
18.412536991763005,9,957.1878794219164,0,16.01352532708176,1,0,0.02045536,0
83.40409058271818,7,1331.8408299944065,1,26.179429661586585,1,0,0.0660584,0
86.49622938533436,3,372.5644383732582,2,0.3380578562787248,1,0,0.105705984,0
73.15510412044631,20,200.72210849068864,1,9.387545632477174,0,0,0.092177644,0
30.09246180413973,23,326.33448021993456,1,10.363535106143363,1,0,0.00960869,0
270.1022974599803,9,462.73321895733375,0,20.589920649258165,1,0,0.037768267,0
211.17822522690668,18,549.2002770292017,1,38.89002902489196,1,0,0.030664291,0
24.77976498582156,15,131.1673048435645,5,9.52240433629186,1,0,0.06654352,0
32.837619502301656,19,1013.3563547440438,3,0.8358171394656394,1,0,0.03602484,0
121.5025212956612,8,1119.958211104391,0,4.343863048469054,0,0,0.17388798,0
16.641560050039956,11,499.6764819667036,1,1.0751454713502853,1,0,0.039370798,0
55.13147431532903,19,307.3580035961932,1,11.76740187251461,1,0,0.017764084,0
38.75039814594048,0,434.2118120582417,2,29.20785446889274,0,0,0.2045768,0
18.31135042271827,5,1067.168909853996,2,14.019136268502876,0,0,0.055630047,0
29.34215206031139,3,752.5245261512931,4,8.152421655292596,1,1,0.9792987,1
7.681109576255394,3,633.5762907268823,1,9.915261237931132,0,0,0.024803286,0
21.48124567804812,3,93.27561556013166,1,20.50908888319109,0,0,0.023093412,0
5.026270094831108,1,245.4437970488744,4,7.062882644335549,0,1,0.99866796,1
361.3774249554166,1,312.46320936104627,3,4.48754125657967,1,1,0.9192834,1
166.55942309525105,9,116.80958492343204,0,1.2116560580167834,0,0,0.34702277,0
126.22105895376144,15,339.8027951195247,3,4.730655344056619,1,0,0.03926423,0
49.955748865916405,17,655.4026215117899,2,14.5529686738155,1,0,0.030540647,0
100.22436538092808,18,559.92606604792,1,13.8243702128018,1,0,0.02490128,0
131.7304649727866,11,268.00064812880174,2,6.52450702115366,0,0,0.22804728,0
101.92174307850988,12,387.3601083526567,2,5.150550375640997,1,0,0.044139232,0
92.41619139197242,20,176.02808393187036,0,24.68316672462762,1,0,0.017009737,0
14.81220225344922,7,641.0082726597171,1,30.05817859892884,1,0,0.019233454,0
56.595683633304354,14,65.35935799745616,2,30.2584633958176,1,0,0.03185559,0
21.59421995192785,10,106.47228839380564,3,17.574914516626137,1,0,0.05736057,0
11.31472608234221,12,53.249430044498034,2,10.22325869900519,1,0,0.034821548,0
11.762939831522967,1,176.80853823485077,0,13.972032171576542,1,0,0.026579563,0
56.475781350926255,11,850.9077292749603,4,38.21906904298557,0,0,0.22608185,0
105.5063467037737,17,428.0070900925261,3,3.172357814276089,0,0,0.64846,0
9.371262241903445,0,389.37418900783024,1,18.198429848668237,0,0,0.03619245,0
210.75137033414077,2,539.4430539313887,2,20.196414268562805,1,0,0.1045821,0
159.83193201188672,14,263.6246727430089,3,3.4388152000952266,1,0,0.04366494,0
25.12952481437187,22,186.5401235738357,2,10.622744803800282,1,0,0.016170137,0
23.13273005178104,4,810.1136697611655,3,53.47779981799265,1,0,0.6792908,0
34.1579671824616,0,120.282625839484,2,13.990557763861965,1,0,0.21950917,0
98.0086177482344,1,215.09372204461567,2,59.57167993896005,1,0,0.15845433,0
25.03880580915377,5,1014.9718798524189,2,1.2964372875972114,1,0,0.09585567,0
12.14391095982582,2,741.9045929173526,2,12.58299460337584,1,0,0.13064365,0
51.74634606083929,12,471.7261364157599,2,14.26082508636282,1,0,0.044186283,0
4.651749736151226,3,72.66137373229023,0,25.19382871393735,0,0,0.00667886,0
42.22026745067348,10,838.015889456342,1,6.674774493806662,0,0,0.03384026,0
116.83950159352612,14,391.3038386990705,4,29.791160375147584,0,1,0.9109604,1
49.75115628286719,2,507.52468367234434,3,24.99211913328606,1,0,0.9754508,1
79.95919806455586,6,281.8452674864386,1,10.611694493650244,0,0,0.09682438,0
60.01970904568554,0,572.6429252562688,1,0.387712899207013,1,0,0.054147474,0
75.84073409404333,7,202.9097748142377,3,8.56191080173941,1,0,0.31033996,0
42.33867573643003,20,670.7515584178633,3,21.336453887589222,1,0,0.024193117,0
15.972552645770556,9,1759.95070471451,1,32.80713873237124,0,0,0.1732316,0
29.243477815978014,8,340.75376707509395,1,51.43861583785221,1,0,0.008588976,0
34.0128426874183,22,81.27796141199444,1,10.90189815818519,1,0,0.018609166,0
128.87736900827494,9,305.9600505798054,1,25.9150175905924,0,1,0.8794333,1
186.0737062540472,6,226.51166406702964,3,25.788394129609536,0,1,0.986558,1
55.73520036141766,15,642.7080618254707,3,3.146026716643456,1,0,0.048193682,0
17.240247358604087,7,375.5127516949507,1,7.360845951145695,1,0,0.039717246,0
17.64262584380046,19,569.82097841384,0,19.104345203573978,1,0,0.009502341,0
30.34088028562393,6,345.9466910745809,2,24.887976260539865,0,0,0.036614962,0
146.7598381739535,8,267.7554355546376,2,33.379939747427834,1,0,0.054407254,0
51.14034577782767,7,426.8401107078648,2,28.02549490754696,1,0,0.045346666,0
34.62814902249987,12,697.5192736662844,7,14.334156658094775,0,0,0.09602926,0
17.030187461064642,7,61.47962968033228,2,14.190864518353065,1,0,0.053593487,0
88.44483373683191,3,1024.9018287338704,0,1.320588822202284,1,0,0.02219787,0
48.88015606372725,19,218.4440561582832,4,6.789163750547292,1,0,0.070187144,0
34.78625049837851,20,61.72438014939079,1,22.341558142131205,0,0,0.03770406,0
40.58602179346939,23,1070.2342953901573,1,9.172265051246336,1,0,0.018404273,0
197.65359731589436,20,1521.2482253224389,1,15.381422413744415,1,0,0.029661415,0
31.175182234278815,9,884.6854670252659,1,1.7375386852200705,1,0,0.042734914,0
198.03797481166544,2,509.98433041523936,1,3.537633986058544,1,0,0.035563987,0
126.7586642015066,20,697.0683800565967,1,2.3315182803676087,1,0,0.019480811,0
38.56485065301745,6,421.9944158704824,3,3.9646455457462912,1,0,0.75138813,0
88.57714175049887,2,371.09059978902576,1,8.194260896580118,1,0,0.0597081,0
32.33728866250609,9,197.0954191586424,5,35.01563892093347,1,0,0.06052075,0
15.984564612947116,11,669.9415298281108,5,21.99031925228537,1,0,0.060592234,0
27.99702069507943,15,399.4184545827725,2,73.35299305919946,1,0,0.003721889,0
14.772451538527111,19,172.08297258275368,2,31.781632100231903,1,0,0.009358131,0
61.0350765066055,1,201.5176288138023,4,0.4465513551515845,1,1,0.9988158,1
37.14124276702677,2,556.240158656311,2,1.3297124104221916,1,0,0.11977875,0
64.57518057791675,21,168.37118465348675,2,9.961323583001796,0,0,0.14531904,0
83.65365569459571,23,1202.464656769288,2,18.54176893319989,1,0,0.022770567,0
1.615678829165733,11,1521.0853825877632,1,14.15874630653035,1,0,0.04847337,0
49.97378424595208,9,565.0290096404976,4,36.88502471936009,1,0,0.08707636,0
6.039509121096749,16,1611.7439337213448,2,1.4785655939702098,0,0,0.032071326,0
43.23417087765413,11,562.782936308549,1,14.314328894669172,1,0,0.039420925,0
15.220006105859769,11,229.4292990729273,6,13.21975649426448,1,0,0.035375215,0
40.61907382510794,22,28.082680226485824,0,2.96697707334463,0,0,0.031674348,0
143.37344474509803,7,168.00471521236844,2,26.0655732080072,0,1,0.9014068,1
6.633955991126409,22,1017.6404630579892,2,27.05562615792972,1,0,0.0094316285,0
44.28548307217318,1,165.61101414574,1,27.84382160384694,1,0,0.055073034,0
33.837657388359254,5,340.6282423180522,3,12.023276493094006,1,1,0.912405,1
5.516711782814926,23,709.0918857744989,2,2.603992746717098,1,0,0.012286179,0
69.96402481566592,10,340.2205497965522,3,8.068785439594553,1,0,0.06846331,0
37.872362414512814,2,505.2930014871922,3,15.948065445438928,0,1,0.93931866,1
22.00482223080479,17,741.1198176076285,4,2.953649061865148,1,0,0.046216298,0
17.78258454697208,3,411.4601072521797,3,8.982665532038181,1,1,0.9817587,1
909.1885038031852,11,500.67671239516176,4,46.19743872130215,1,0,0.9131299,1
24.683417039799878,0,312.97052528966,3,26.77381870009144,1,1,0.9973471,1
6.047693661607555,22,128.46264570653628,3,27.3160787232993,1,0,0.016948821,0
14.42700246942706,4,572.5564142378719,5,23.425068975240137,0,0,0.90445185,1
25.365409390936662,4,522.1228497049559,0,7.817322790056562,1,0,0.028166408,0
24.918305226666657,10,266.21969279679826,1,62.34424902535776,1,0,0.0050626034,0
33.82319875025649,23,420.1360923012225,1,51.10550075426736,1,0,0.0034096907,0
12.845805217508929,16,321.55582424738475,1,9.006831969383935,1,0,0.016995942,0
62.89965196751674,14,678.4496759832924,1,0.2675693028127113,1,0,0.03864078,0
22.56104190028937,12,1447.2961658947047,3,21.02087354015302,1,0,0.12169275,0
9.386521705050807,14,762.5301364002555,1,18.37068162582326,0,0,0.012252835,0
16.190324137498827,17,409.398907948406,5,10.190393361815566,0,0,0.5629135,0
24.91159509604212,16,1966.1221534235024,1,14.23176291562168,0,0,0.06693233,0
85.509187655666,15,158.58483281578768,0,18.81905916911658,1,0,0.024089124,0
59.41366835783886,6,451.8889669984509,2,14.835694891420289,0,0,0.07189391,0
26.101260236800872,9,137.28122595877107,2,2.546524761492514,0,0,0.05987149,0
37.32625453915762,10,330.78249120050674,1,21.28537654516064,1,0,0.023161847,0
45.383528899673934,10,903.8161054727914,5,0.5713045032474265,0,0,0.24698141,0
281.1041740652052,5,881.4755411508014,3,15.345985647337953,1,1,0.4778971,0
19.734653014673064,10,459.29440100967264,4,1.7870574832565085,1,0,0.06628621,0
58.38558218672961,19,193.204802917814,2,1.0254444035162484,1,0,0.033817828,0
75.66895162026037,4,587.2171009873667,1,19.35008780993406,1,0,0.04462485,0
14.11087273364148,7,158.4949854287851,2,48.19845396441069,0,0,0.026441239,0
44.22200847924242,3,379.3270828048474,1,17.228746382320512,1,0,0.052282456,0
43.0961211377474,3,263.15170805851403,2,19.44949314640411,0,0,0.14604707,0
22.878486112082346,19,945.6864894597236,2,15.142015188426198,1,0,0.022744974,0
64.55919135554508,21,835.6875642469449,1,25.077198043002703,0,0,0.09732143,0
102.35964692661064,10,346.280613442987,5,9.043336521765436,1,0,0.0685765,0
113.32141332609504,8,174.28262978639742,1,33.6995837978859,0,1,0.8976706,1
30.210385136675576,9,115.01297454355092,5,1.332048407016601,0,0,0.99229056,1
44.25096272032064,22,37.3412323754886,0,3.248229674068008,1,0,0.018517349,0
384.00690279391216,23,425.4385517597952,4,6.56886025180905,0,0,0.5482134,0
12.138252056840622,10,1447.138698037517,0,1.9174770820079512,0,0,0.017224817,0
45.68954787651436,13,415.0785193282773,2,2.0144024453388782,0,0,0.057533044,0
89.11912596352197,15,281.8138841230776,2,19.032098011292064,1,0,0.031820573,0
42.52622333879463,9,422.4480792127382,5,125.83855181059904,1,0,0.53288877,0
70.52524244082643,18,589.6686937953484,1,37.62841462322656,0,0,0.23500313,0
43.49667028149436,2,229.63687332859,2,8.640976176991394,1,0,0.15714008,0
77.76227263682325,12,160.66535240206474,2,1.6701450391969157,1,0,0.06104703,0
131.96847809129173,12,10.53821668123971,2,4.521365631568529,1,0,0.0777699,0
29.32940744936321,22,424.5748413094199,0,4.18171802782314,0,0,0.016969346,0
44.58986860848232,11,292.98922846498465,1,3.490197652012536,1,0,0.041036908,0
34.63195813548361,19,234.69574640260024,3,12.849708253309286,0,0,0.93784,1
24.44368644462441,19,479.963808803041,1,52.06124295895961,1,0,0.0040928307,0
35.88670008139057,21,282.4891985332349,0,2.8395157902070265,0,0,0.023809463,0
11.803001646702995,13,528.0365327150257,4,12.040113922451544,1,0,0.049722448,0
77.05491970950506,12,814.3920429723765,3,0.1202531573759616,0,0,0.2424611,0
200.8281778571352,14,537.0356474006443,3,10.38697726877812,1,0,0.028295472,0
201.2426498166552,3,478.4186875652755,2,31.34705929643589,0,1,0.9468267,1
131.0860676172918,12,948.1693352433218,0,32.037603927032634,1,0,0.04466655,0
13.955517509887375,4,516.0670438514826,5,4.670075146897619,1,1,0.96818227,1
167.29701312368863,23,282.47651253099383,5,4.50225235381689,1,0,0.032655183,0
17.896217796084745,3,597.0647317009541,2,18.701440576827128,1,0,0.122193195,0
34.70696779687583,7,193.53822919065732,1,13.322214194146792,1,0,0.031094775,0
231.8686075510969,12,160.86316344884705,0,2.9674179103403424,1,0,0.03143006,0
12.529559982016972,15,87.23378964071253,2,3.119093219325398,1,0,0.039906785,0
84.88533491757809,22,440.3917415849527,2,15.846758587573134,1,0,0.014787881,0
48.485742020971486,3,158.26358528843872,1,5.653620598947823,1,0,0.06485458,0
31.434536475025357,13,307.6497684973697,2,9.600122975156845,1,0,0.033815708,0
15.240541002293051,19,332.58863092402555,3,7.538798094013231,0,1,0.80932575,0
55.840737907429535,10,280.1051291767208,1,21.01690385261404,1,0,0.028308006,0
23.016420213472315,12,674.4479234484287,1,9.000213209435127,1,0,0.038995497,0
104.08999935299222,2,675.7964130999984,1,4.081530586773272,1,0,0.04650281,0
124.49798949569691,7,252.113984984559,2,30.188612602488597,1,0,0.05947564,0
9.213712690687824,9,854.5250488019564,0,4.024540663258431,1,0,0.022062706,0
22.081431300319156,19,59.8759062927527,2,6.737303553196671,1,0,0.033549808,0
26.60025815748273,4,795.0646773820258,2,15.366755966966547,1,0,0.111772865,0
11.226624806622226,0,360.416677820183,7,55.10233497103772,1,1,0.99919146,1
11.966322452098847,10,666.4901307608652,0,21.383964757656187,1,0,0.0129303895,0
39.99159124481736,9,1058.8594309982232,1,3.988172661163463,1,0,0.044608213,0
29.7236930704344,11,766.9404320954986,3,7.686257656337815,1,0,0.07278072,0
7.015702663123981,2,29.042803701494048,0,17.558169068949564,1,0,0.016090784,0
21.36757654308524,22,654.3957749004644,1,24.00194346189453,0,0,0.015182176,0
61.49186395613018,8,57.9949686836524,3,12.376738135903672,1,0,0.25791475,0
10.954499874186792,9,449.8351133967868,0,2.5530582306457124,1,0,0.020125728,0
14.532659443459394,8,474.4627504375808,0,15.32616962718684,1,0,0.014328522,0
179.05164077480774,21,789.3952827209052,1,24.58244755856684,0,0,0.73882407,0
136.62176445554215,22,123.4047057101034,4,1.3099278211794538,1,0,0.05081919,0
7.235269481662228,1,432.4340676999875,1,9.639565523365285,1,1,0.07738829,0
9.478514992226234,0,444.6586638186967,4,21.67947453136825,1,1,0.99901986,1
53.37020751628763,8,384.2910746158223,1,3.2293987271167626,1,0,0.04597395,0
11.117276085895783,17,46.274536071161904,3,8.403383887186457,1,0,0.053882707,0
28.423460937765142,17,134.12426508576274,1,12.209171836929114,1,0,0.022300093,0
23.306130139128378,0,234.82727651470177,1,2.645812720247371,1,0,0.0774096,0
64.08151704670827,10,783.2993776935025,2,34.6417770986487,1,0,0.037751827,0
2.919080525944381,22,218.77187359451315,1,8.723372594410367,0,0,0.016738934,0
4.045054791071906,1,235.8503740831588,1,0.6306672639265845,1,0,0.08072161,0
10.73820454028006,22,39.38045877394722,2,19.60007873724294,1,0,0.015862323,0
100.87458054174697,8,631.8954318439572,1,0.219620111169994,0,0,0.08914369,0
31.364233092735724,16,419.5502563993404,2,0.4148058985247564,1,0,0.030861173,0
6.631160348682026,13,287.1049567522068,2,4.361434190783433,0,0,0.02752509,0
59.91874545397201,2,424.57759597693627,3,0.3816613481813619,1,1,0.9805695,1
74.26798835857748,22,108.41262756078208,1,13.36989103457266,1,0,0.023880053,0
28.620905642447543,6,842.8204597780122,2,25.53444713628968,1,0,0.06834555,0
26.296826243953923,5,326.1107763811224,1,8.758095190562148,1,1,0.05292518,0
56.692224277689874,1,1152.0077915296904,0,35.56739630162364,1,0,0.029471856,0
122.66627247648408,2,799.3783660055358,1,0.8385851485333787,1,0,0.03783655,0
42.62478292007371,22,735.6675467717448,1,5.278250256240077,1,0,0.016389228,0
62.37076696644573,18,26.17653115673333,2,25.96089603143728,0,0,0.28687096,0
34.875000897923584,17,361.7816312551672,2,6.649732312649931,1,0,0.025388703,0
24.995968191677807,14,500.7121943285071,1,27.476088913473856,1,0,0.014310653,0
14.64459842936022,4,546.9993861134171,1,1.6382812639103193,1,0,0.06071772,0
47.29024227601833,8,197.65320591067373,1,3.873007893473388,0,0,0.035188068,0
27.10732465903701,23,420.3631058576873,1,30.59171054208556,1,0,0.0050314995,0
28.684717366172595,9,152.4119166003845,0,12.896714022578834,1,0,0.01275472,0
92.73232640392877,6,243.25477718008565,2,7.983065124381716,1,0,0.085694835,0
59.62060179473351,7,693.7363435206286,2,34.38629089128047,1,0,0.043894783,0
87.36535654642418,14,52.48869870374524,2,3.0901785695718327,0,0,0.22193675,0
7.571191487800861,15,626.1973935436445,2,58.43379933870349,1,0,0.0055018747,0
63.96790216236328,5,513.1287268768477,2,8.155371380187967,1,0,0.08368446,0
20.29008856991268,20,221.80575913746245,0,14.358411720110906,0,0,0.012268519,0
16.30963452027827,10,2412.9204222088515,2,6.140037939226496,0,0,0.12458882,0
15.60903153619009,7,105.16416552063322,3,8.807462505870506,1,0,0.31863198,0
122.90307332561454,9,540.0338011955703,1,2.1285590765012743,0,0,0.12057643,0
83.75232134180578,21,303.27950523045433,1,20.668633180606985,1,0,0.015134821,0
17.86958597550542,14,1141.66789401915,2,26.07865276280128,1,0,0.040404715,0
11.733250421971666,10,286.98771917045696,1,0.2221474716844856,1,0,0.034157477,0
37.1041824380022,21,260.5679573826059,1,9.839922179649829,1,0,0.014242609,0
23.11376047432228,11,710.3016375368292,3,0.3754606483761993,1,0,0.07121306,0
192.3972070637652,1,334.205992594847,3,28.121912559991262,1,1,0.98673034,1
8.488557940453404,6,194.8850072553552,2,71.91588202532158,1,0,0.007197664,0
5.871709529324818,23,1255.9464666083843,1,0.9168453212997316,0,0,0.018037416,0
28.33916220698986,2,1029.4366082467222,1,30.2342034884464,0,0,0.13771734,0
36.99332424382968,16,488.173446946456,1,6.95012689778717,1,0,0.02877802,0
41.78835874686601,4,528.5193868430449,1,15.479277735357192,0,0,0.031244896,0
77.74410901525471,2,599.3577961108952,0,9.453914078325043,1,0,0.028126977,0
291.00360069472947,6,276.6818624371545,3,13.874577856135774,1,0,0.6839209,0
25.98858233557362,8,552.0233693486466,1,14.88195380664618,0,0,0.013906832,0
21.23457611392436,10,381.2989439058992,2,28.30123031958229,1,0,0.021677513,0
6.301338757140349,20,373.6427040154519,1,65.1557091392694,0,0,0.0093905805,0
46.68419284548585,11,416.5611407214192,3,2.7388362332916043,0,0,0.55137897,0
85.91930020241395,11,333.83435250281207,0,14.17729407892378,1,0,0.025195953,0
28.20678411533195,20,845.6505312256019,1,16.44796189795437,1,0,0.016565174,0
119.1776258539587,18,634.8413742110652,2,5.90054961736277,1,0,0.023036636,0
37.72375101115336,8,689.6343748043175,3,61.49503474609375,1,0,0.07474581,0
166.47632728075305,4,299.0822555903063,1,49.43745979570907,0,1,0.9852182,1
51.066749491521485,18,168.09763549225784,4,3.972835321287247,1,0,0.08540411,0
12.715724035101116,14,1367.6822332325437,2,1.80212211493632,1,0,0.0624424,0
19.359428118710863,6,347.9413766778102,3,8.685916775725289,0,1,0.77271825,0
7.895190873871293,19,333.2005877293704,3,47.83493844799616,1,0,0.0064397743,0
6.442632379730888,11,514.5842915244722,1,4.991742046732896,1,0,0.031125182,0
47.79470747464948,20,769.0850592862791,1,5.496269597893981,1,0,0.02246868,0
87.3216104413678,1,292.906366822942,2,23.068483126311108,1,0,0.14657524,0
258.3361988840952,7,571.0996600324893,1,4.117420073572024,1,0,0.026481252,0
34.63366508639837,21,285.8337701467503,0,1.671067013783215,0,0,0.023302205,0
28.879755123829344,14,224.4180768178385,0,43.79457702773245,1,0,0.0043999352,0
12.072897268400794,8,713.7882272543848,2,10.899595745946636,1,0,0.058695953,0
98.23008578609054,7,1096.4228792534336,2,43.39054381884431,1,0,0.075782925,0
54.01040434781421,15,107.23465477816406,1,12.985145361758816,0,0,0.05119783,0
20.183577971711905,22,83.20902860340946,3,4.934686547294744,1,0,0.037908606,0
72.85935053135647,13,328.02557375415114,2,1.517880774516946,1,0,0.041639656,0
64.15800635707369,6,400.792064096232,3,16.640928566783096,0,0,0.70716333,0
5.640925744914887,11,383.8272347643368,2,7.968875084784754,1,0,0.028839486,0
76.91445943435902,21,57.27005854036594,4,34.79301900565615,1,0,0.059142303,0
41.934524275405664,5,801.37389599639,0,60.2629622235855,1,0,0.011142374,0
24.742530321518277,21,155.03519121006087,2,1.3120134909083547,0,0,0.07255412,0
24.117066783192712,19,414.79634719974223,2,23.07937276940981,1,0,0.012301974,0
210.27207824776875,7,241.11992129052163,5,8.72550680108609,1,0,0.49109674,0
170.0279299967493,11,499.341740398752,1,8.476648311300503,0,0,0.3425656,0
227.2252756742972,12,381.6645965065501,1,17.540451907279362,1,0,0.037855078,0
11.603813175651394,3,494.9155747356986,0,49.520488583094576,1,0,0.008635087,0
19.0202694963475,16,516.5203988806393,2,4.402337372755741,1,0,0.03022246,0
90.5122178260585,2,308.6632129674284,2,13.17271296329282,1,0,0.123251215,0
10.930231356246503,23,166.45415100026776,3,21.64306200050069,0,0,0.9197813,1
17.810660231698048,12,87.01723857546814,1,4.67917199188819,1,0,0.03530542,0
6.023947925209949,9,117.47343264796696,2,4.2072927462238905,0,0,0.036216054,0
233.4789307713682,13,328.0480835368213,3,7.123857045533613,1,0,0.040964667,0
105.92012298354446,1,556.1669309928064,4,27.81119016792784,1,0,0.9919109,1
57.88817645253025,6,452.6109922121446,2,6.930304562196746,1,0,0.081621386,0
45.568717157620064,11,509.5586078721662,0,39.710924874905,1,0,0.009935584,0
24.11583412104741,5,308.57981906819487,1,4.715089738637897,1,0,0.057059392,0
24.584654606391265,9,210.99137918853484,3,14.822149643214678,1,0,0.05391591,0
67.740633541083,19,954.887287870738,1,27.676019594215877,1,0,0.020849738,0
17.961342044270218,3,1175.241553519218,1,2.8598359682365064,1,0,0.053027418,0
124.88523009490793,16,616.9536633787638,3,0.07372230856986,1,0,0.027510881,0
22.363292888958867,0,339.924116783585,0,10.481491556107162,1,0,0.037087567,0
15.279552673165554,3,1181.730651032386,2,8.373803707028296,0,0,0.12543473,0
134.02308298512546,8,383.1974652908237,2,56.91048831489178,1,0,0.047429074,0
31.6906388544479,19,848.7896982069005,0,18.981773136958925,1,0,0.016115684,0
63.74399773895838,17,51.37364813042981,2,1.4084921654751923,1,0,0.057522535,0
24.16879867653438,1,60.5786829917292,0,0.5707794654696623,0,0,0.024245868,0
3.857029551539385,19,771.82314289275,0,1.160536034544984,1,0,0.015550012,0
63.2568077070521,20,218.546905439274,2,2.1814648844504334,1,0,0.028972479,0
9.519255338208843,15,657.0255247843082,5,52.58020888265568,0,0,0.18345223,0
108.01065541057928,20,261.9426029043861,1,5.572915455254687,1,0,0.027151145,0
7.761550005635822,14,77.1150460477722,3,24.269994663394705,0,1,0.96928364,1
5.6696787299478535,2,455.8208905645207,1,65.53259097818189,1,0,0.01195676,0
49.78127779481727,17,383.5587379522162,3,19.11116325539912,1,0,0.028604316,0
55.99545233299196,23,260.8337351327064,3,16.79505881617377,1,0,0.020954782,0
40.71866876346956,7,236.71642992276247,3,10.934883460208066,1,0,0.25386724,0
10.874503803445355,21,540.7698925016581,1,5.769180781019315,1,0,0.012050009,0
88.99071150362066,10,400.0307893720504,1,15.350960681455277,1,0,0.040796667,0
8.45968165007834,4,240.7028707133869,4,2.1218349817375657,1,1,0.98914707,1
23.0055879751639,14,620.0567538974353,1,7.013341974095885,1,0,0.03685004,0
16.641045626595364,15,263.43948850935305,1,6.935402530895908,0,0,0.016334718,0
25.086360107415505,20,354.5902268108792,1,40.19778849234566,1,0,0.00469619,0
85.86534742383452,11,198.71140969909632,2,3.323114041376393,1,0,0.058539655,0
19.412616753717536,21,393.7248525267004,3,3.890758064514461,1,0,0.019899087,0
64.35344946504607,3,1969.6944447424848,7,13.603441225645158,0,1,0.9561305,1
73.26963497661072,16,630.3863343104251,0,31.6749173118769,0,0,0.25705913,0
6.612490461806644,4,2009.5197002878488,1,67.83782215368707,1,0,0.112306416,0
11.397788292313347,16,292.5925296817928,3,1.378371348009769,0,0,0.8527679,0
24.94435978458463,4,878.2544687803991,3,0.3883462272072516,1,1,0.89874405,1
20.24440565831536,17,159.72322654903073,1,20.803198516280457,1,0,0.012178267,0
49.78289868364016,16,628.8178486064978,0,16.183459625974244,1,0,0.021447232,0
5.3033518261454,10,318.4849352241767,1,38.673028683679945,1,0,0.0065538157,0
75.23309027876135,13,440.04057049435454,0,47.40339916654101,1,0,0.010086439,0
77.0591718505996,22,432.16922464179663,1,24.240339664687937,1,0,0.010755751,0
30.93104610205843,23,556.5633432350843,2,33.03226646009486,1,0,0.0075777643,0
9.179211877431174,14,149.3210139225339,3,0.651424503415993,1,0,0.054864205,0
36.80315285359302,7,666.9455273318705,1,43.44551825025797,0,0,0.100047685,0
21.381142830177783,7,149.08877282201863,3,67.65954300047369,1,0,0.4285482,0
64.49834868707764,11,503.2243889008867,0,0.81448981110618,1,0,0.028412903,0
33.60179403145957,14,174.42187498128305,2,10.860760458533722,1,0,0.0350507,0
75.80975059211542,8,567.4246488327227,3,15.567094144957766,1,0,0.114470564,0
23.728522944694564,11,372.307572261376,3,87.62697893220687,1,0,0.01851692,0
154.8744059287231,9,298.326683197434,2,39.83685682966474,0,1,0.96816117,1
3.6518695937427945,3,764.7682283969442,0,33.41263958365644,1,0,0.018837126,0
13.247708624024352,14,904.3525880335932,3,21.914242542456307,1,0,0.04200734,0
59.78844505721965,15,548.8993129978984,2,17.164973251662303,1,0,0.033816535,0
8.07751333631412,18,257.8234447858118,4,6.571814541861622,1,0,0.04967844,0
76.39609415054028,18,458.418914644964,2,22.86875614301376,0,0,0.14118311,0
10.840405000655268,16,166.53720830226058,4,1.779832019962554,1,0,0.07452991,0
40.17310946473791,3,254.612064894344,3,8.307739323829322,0,1,0.9886235,1
14.661776406416983,2,363.85191585835327,2,8.77174716674211,0,0,0.1159073,0
23.542204235729407,6,329.48789030581884,2,11.379398106792944,1,0,0.0851521,0
43.58111062879353,6,137.51101340371855,4,6.88786555196169,1,0,0.84387636,0
32.95904229296444,6,853.726341024708,0,25.98459826517217,1,0,0.021711923,0
24.99510827840523,15,459.312001884042,2,21.70251215395117,0,0,0.025559008,0
315.1712322486924,5,616.549038849754,1,8.383306971562602,1,0,0.036925707,0
36.90923426312665,18,225.66211510728064,2,4.8837936861883495,1,0,0.030202756,0
13.874322995984686,14,530.0953651378073,4,19.133998605662,1,0,0.044650007,0
92.5363030661018,20,42.60571199358269,4,40.74176756116717,1,0,0.06596586,0
83.15128627316285,9,448.3421089010193,0,18.786354000676447,1,0,0.023947034,0
124.32811463490192,8,237.2525073380901,4,4.363344697266123,0,1,0.97295797,1
218.60323079078395,21,56.79706906175457,1,2.5669987135527284,1,0,0.024180485,0
14.305781265043006,11,418.6673460351501,4,8.100642466094119,1,0,0.053285617,0
105.58558008425884,20,353.385517663936,3,5.112098151284857,1,0,0.023620311,0
114.38837011628316,1,171.33717121092505,2,26.602160606451683,0,1,0.74989516,0
36.61156950673257,20,80.78906501871293,1,7.372767961297797,0,0,0.041891154,0
46.76633513098121,12,858.2541023241018,2,1.4148329610377508,1,0,0.058121454,0
1.8170561430369507,17,252.2890317579344,0,1.8574590744405672,1,0,0.014074885,0
20.615650284367653,7,110.12070556782264,2,6.255629687845936,0,0,0.05921265,0
218.75737873976303,4,113.3102877752264,2,14.063583112258884,1,0,0.10508683,0
6.12975702801039,12,237.80198167757155,2,0.4368727692087927,1,0,0.036212027,0
21.41960481622635,2,386.9305237010684,2,10.41475308634112,1,0,0.1519227,0
48.81003771509324,14,661.9443567780258,1,0.0009520245088643,1,0,0.038429905,0
65.07649162796835,20,368.3315087762732,0,20.3641228288126,0,0,0.08556461,0
187.0811238847448,4,306.7185854124857,2,14.500987204989118,1,0,0.07560285,0
6.278784771333172,14,643.7925651602262,0,2.9979306216375985,1,0,0.020156058,0
38.19735871934515,1,82.44447608781483,2,2.5378449536639947,1,0,0.18545775,0
86.45914478829836,9,495.7288266474243,1,15.612419758365824,0,0,0.16214237,0
9.838972962957872,17,373.7703950525829,2,28.688617764148624,1,0,0.009320393,0
35.17412586584923,11,364.9157657478746,1,0.6860486749114041,1,0,0.042698324,0
240.99978620188023,17,472.3604996112824,1,22.27112948214694,0,0,0.75991434,0
136.52481988402684,23,360.0153078208838,1,56.79049072671961,1,0,0.009058081,0
62.77132187730249,23,646.4369561022125,4,12.708427635308528,0,0,0.13388653,0
2.680274978135869,7,730.1715227006027,2,33.42325818003352,1,0,0.03609563,0
32.125997641225474,12,822.0640182677924,3,27.50095108484355,0,0,0.10055208,0
53.861749315690446,21,398.0750931205153,2,1.5697528658510893,1,0,0.017598404,0
26.883837064576447,1,125.52536231612952,2,5.217513736187926,1,0,0.18343723,0
34.27995759871391,12,146.0450036880322,2,1.4042640625985678,0,0,0.073375255,0
799.0501276153605,1,979.1386295641609,3,37.17827147677584,0,1,0.9849112,1
29.53368512980825,1,64.37486413438236,1,67.05240190509706,1,0,0.014064857,0
13.878902803944284,23,262.72817745633296,3,4.395007665859118,1,0,0.020417055,0
46.65906813236325,21,367.2338194252482,4,59.89658374253337,1,0,0.012959536,0
26.69100460266372,17,614.3789628472302,1,17.0813757111045,0,0,0.015679728,0
26.84962479392861,13,232.03335953753384,2,3.488217786835341,0,0,0.05120889,0
33.5454594452192,3,133.85997394271007,2,62.66766187275271,1,0,0.032743037,0
79.36371070556756,7,67.09683225138848,1,10.385740082214973,1,0,0.05853449,0
46.409565783515,10,1266.5388059142492,3,6.073267645140586,1,0,0.11151109,0
11.007279993209668,8,214.2771686787509,1,2.272188597187191,1,0,0.03517152,0
32.04993523162531,4,150.3589969403074,3,2.16324962842958,0,1,0.99506444,1
58.81800951633558,20,765.8762632889078,0,23.18643152519344,1,0,0.0143398745,0
22.926066850476303,18,365.6312920717141,1,4.001236311373411,0,0,0.020944554,0
115.4622687710009,21,469.049030521504,1,35.28897131534427,1,0,0.010598703,0
79.60908036329393,17,303.2573303398772,4,2.301900621218743,1,0,0.057342734,0
13.588605596632656,18,409.36221604032727,3,82.59106211746426,1,0,0.0033119912,0
50.39006226358995,22,1031.4560097367398,3,8.427760530448715,1,0,0.026081141,0
266.0740945735532,20,77.75600170456809,4,1.963041293275028,1,0,0.043677993,0
174.19629372065057,15,537.5529024212909,2,13.40713609926627,1,0,0.023877809,0
34.59565209531081,18,303.1557427570494,3,13.264878499198812,1,0,0.028169658,0
89.80240287681781,9,783.2525951305057,3,5.201597081965466,1,0,0.08124866,0
18.65542137325777,6,376.4586362400403,4,2.7716439078598354,1,0,0.7722817,0
8.601380526266206,21,1004.6561465166068,1,0.5784469059295155,1,0,0.020057691,0
63.70859993636272,22,255.42028463124063,3,8.675404810402759,1,0,0.026506644,0
46.83062036355562,9,373.1359683003848,2,1.624955458619548,1,0,0.06063383,0
61.20022188610645,1,1568.8929357510408,2,28.99375510074308,1,0,0.18867064,0
35.70536039698602,17,279.8462235229608,2,10.434651491900416,1,0,0.024473598,0
50.70233352632684,2,157.89989459516957,3,34.82782151458581,1,1,0.9959745,1
21.91311661164348,5,197.67455557356632,1,18.48600839117447,0,0,0.015137822,0
58.74808349297736,1,490.1236213214505,3,0.2920906194636664,1,1,0.9860859,1
84.19037777810648,6,159.35351161438513,1,2.014219049696797,1,0,0.04778755,0
34.521768185285524,9,328.335682178129,0,46.492790635324695,0,0,0.05632798,0
82.61124512781038,14,374.5357115409058,1,3.703696400046306,1,0,0.038856372,0
6.228013878523279,16,404.90498147219046,3,1.31775493219454,1,0,0.032278985,0
16.672763548011893,7,878.4800118259673,1,111.9991388495897,1,0,0.007010627,0
155.16883981120014,10,359.7476472288721,4,27.262880607916298,1,0,0.09233879,0
213.0811509180316,20,13.206263588395812,0,21.88818666172353,0,0,0.8280219,0
47.021103664008585,17,381.8507745890578,3,0.3248034738013482,1,0,0.03339382,0
33.00454010496986,12,321.98458725365657,0,36.234133280984175,1,0,0.0072167437,0
10.29887750121715,15,613.7131746056721,3,4.223893367968715,1,0,0.04000887,0
52.64524756276735,22,240.12748439233135,3,18.478641440618908,1,0,0.023356028,0
79.71346684739967,5,586.3482472262933,2,24.51817942128518,1,0,0.065267175,0
8.31624576905029,14,325.46859548672523,0,27.40069784225131,1,0,0.006061075,0
64.00098106519879,15,507.42494488576926,4,16.28061519251054,1,0,0.055938296,0
59.77973017509334,13,50.75194564042648,0,16.549095615343624,1,0,0.023653122,0
56.87551045251004,23,308.10078057474067,1,23.145765552194423,1,0,0.009025993,0
11.851722945469335,12,257.85871884895386,0,21.37465179079186,1,0,0.007727882,0
62.91870109799056,12,324.6110611103876,3,12.895898149894418,0,1,0.8328073,0
8.183001409327069,4,180.5292319806913,3,45.947353919421104,0,1,0.929627,1
162.1619969826219,3,341.531723885522,4,32.737393724541526,1,1,0.9863978,1
41.89571112457263,8,614.1206284303506,3,2.312294914627284,1,0,0.1149703,0
11.431220050562278,12,547.9501752486724,2,16.361774817603816,1,0,0.025140634,0
140.4970098222616,21,328.4413040941439,1,3.5048621957032298,1,0,0.021276204,0
116.04876038518614,22,2095.6224375740885,1,30.605518296802718,0,1,0.9099876,1
19.09771226394308,16,21.683099215602823,1,3.287201748818785,0,0,0.02914367,0
331.65795092736937,7,547.0651771155732,1,39.90772488755631,0,1,0.96783453,1
13.408078981161978,18,232.4505056291021,1,2.360913640916033,1,0,0.020273145,0
50.06987156334415,6,1195.6776497588178,1,14.981418593774368,1,0,0.049916524,0
119.39503801644396,9,201.9876866593021,2,12.380819189911064,1,0,0.06572619,0
3.7785034682270826,12,227.09842381152723,2,3.994776706882996,1,0,0.0308945,0
99.6299661458257,4,350.9480390897557,3,47.4816488961049,1,1,0.9512906,1
34.30468217540381,20,438.75552971304006,1,5.740488359969689,0,0,0.02727299,0
36.02813757224027,19,1019.9874996175614,0,8.916195571982307,1,0,0.023000369,0
12.467660757596828,18,76.9176196936189,1,15.571939132309655,1,0,0.015948461,0
50.98462616038272,10,171.17987515319993,1,9.872069081244554,1,0,0.036656458,0
12.063877935606069,17,445.63438730233867,3,13.175453501218929,0,0,0.3778688,0
13.895147287596712,18,414.50138771854114,0,15.820524331616202,0,0,0.006953031,0
23.38892913689026,15,114.80681813530562,2,5.927305155296869,1,0,0.03958896,0
10.725978043023789,1,489.7371382127055,2,8.166503122500176,1,0,0.14423458,0
176.39598766555252,1,454.7598309649671,3,1.714862825132155,1,1,0.90159076,1
9.691813944757463,8,590.8330623645327,1,19.37691980463441,1,0,0.021757761,0
17.20550786438689,1,112.97751239392343,4,3.1178008883661352,0,1,0.99965644,1
26.672625746946903,15,677.7230512746083,2,14.630775765989783,0,0,0.033588123,0
36.72914722083056,14,643.1280359539151,1,0.9900316539903444,1,0,0.038385082,0
80.82864260573443,22,590.7046343487308,3,7.907449983922525,0,0,0.3353857,0
82.95539507824691,13,301.2677221730796,0,46.203974335122886,1,0,0.010823369,0
27.03524136848102,4,908.0383212171232,1,26.788903366032365,0,0,0.054357484,0
24.926248207572836,4,133.00034280034347,1,12.320868210476291,1,0,0.05058144,0
37.90303250680219,23,953.571683237049,3,11.724846325258406,0,0,0.06503715,0
83.26540411122129,5,1294.1344690963824,1,1.6017101029544412,1,0,0.037042916,0
73.51455002490952,16,481.4605499644293,1,7.329432519952531,1,0,0.03225952,0
21.837601782755097,14,236.5523696664496,4,0.9123353276667642,0,1,0.9619652,1
4.668312454497202,4,371.001783931445,1,9.387793166891344,1,0,0.0553139,0
312.01552117571526,11,532.960591171948,0,4.575891230551347,1,0,0.019454805,0
94.76836284089414,0,581.0431389477768,3,8.504056461891244,1,0,0.9802474,1
47.62294755582075,17,424.4575895226664,0,1.291016058095158,0,0,0.02274896,0
51.44135877030016,22,181.7232502406914,3,9.825568894849775,1,0,0.03127622,0
21.72377091889128,18,1144.2820890220555,3,22.813783281282383,0,0,0.056395907,0
13.449502598919764,16,940.2300635258052,4,11.372932663100428,0,0,0.08274507,0
26.246160573198345,15,585.2560705331156,2,5.544717347056812,1,0,0.03757495,0
29.298415250889924,17,326.0829854967768,2,11.58030024088066,1,0,0.020336976,0
19.58475240803535,0,775.7726699025052,0,14.776276239977369,1,0,0.037517916,0
8.523683448936588,9,172.33383731032188,3,79.5312489278316,1,0,0.09056099,0
26.77383493717816,18,289.7203839581504,4,10.303684911990269,1,0,0.04998628,0
65.14130514796221,2,345.4326915095889,1,9.03502659248893,1,0,0.06102601,0
22.31158724377879,10,61.62719962074504,4,0.6563301424281403,1,0,0.14251116,0
37.41128909367794,11,273.7178896003435,0,9.225817641468986,1,0,0.019013815,0
4.614799098245652,18,250.66507779955973,1,2.594396972112825,1,0,0.017313898,0
29.73649588194792,15,1208.622290472303,3,3.070844657902428,1,0,0.059677348,0
32.3962154307633,11,973.5048829078208,2,4.936620883645923,1,0,0.065691255,0
10.739308680273847,6,561.8535322391109,1,9.402569509609886,1,0,0.04666106,0
6.491314950499097,7,679.267251455349,0,27.74208498860781,1,0,0.01117957,0
55.24772394927341,23,291.9443841757922,0,2.291528358702465,1,0,0.01228427,0
16.28668132865823,19,790.7183758199553,4,50.67133206523956,1,0,0.0168308,0
59.6423111507028,18,241.22743142064755,0,28.31439402722528,1,0,0.012131765,0
24.04176407035815,2,480.3366921016835,2,7.842124130714898,1,0,0.13805752,0
68.2520468640673,0,442.0646581952175,0,11.565873842558064,1,0,0.035433743,0
26.08092845241524,7,305.1243185108923,3,16.417882022771497,1,0,0.22472036,0
8.112298792770607,7,353.912442603607,3,13.358003661013704,1,0,0.23419139,0
33.56666897875694,19,565.5933383536328,2,1.506203999050284,1,0,0.023226736,0
26.357048166280297,21,521.4919522282628,4,1.5228789867401564,1,0,0.02946636,0
70.62410853495479,5,1301.7726058545045,7,21.855341940126756,1,1,0.70310533,0
23.32229163237156,17,435.85856230639934,1,22.38974055421988,1,0,0.01236558,0
24.70311241184876,12,872.7618277253403,4,12.775739710546958,1,0,0.08660515,0
86.47699285399922,19,694.6700459659726,1,1.1006617290500478,1,0,0.024800623,0
117.48501504080409,8,732.8497690352068,2,7.981017456745382,1,0,0.051844634,0
78.2136375567368,4,461.1503330539758,0,31.51401223357906,1,0,0.01924773,0
103.31577483137666,1,1411.7596365077134,2,6.631300632972226,1,0,0.071840025,0
57.63939848729596,21,41.61124586708766,0,5.052997601740457,0,0,0.046469215,0
79.07161441035538,18,791.9982506102442,3,26.564653186355933,0,0,0.26461363,0
88.08082820346701,15,148.98212225618622,2,72.21467177889724,1,0,0.01081292,0
54.80381954649436,17,973.2299300131838,5,25.87915451497274,0,0,0.10925792,0
38.97548412239613,9,544.5174245446307,4,1.1034809114533677,0,0,0.34158117,0
42.18882925861831,22,322.54165012006086,5,19.541195080564485,1,1,0.035577856,0
405.391236723966,16,214.2838344483604,1,1.867313417769408,0,0,0.11313999,0
37.10226541047284,18,620.1598324289174,3,68.03637197612619,0,0,0.38617426,0
28.881228076697305,5,735.832511053945,2,62.16838164906753,0,0,0.17186463,0
25.42518758036108,4,882.3055691478894,2,7.067518377221,1,0,0.11212323,0
35.39800148178794,21,349.68042535374923,3,3.341053979637144,0,1,0.808881,0
46.72169815344973,22,578.3772713744668,5,17.30426694303124,1,0,0.024790885,0
11.809085870860285,1,294.0860041657456,2,0.4090116062037443,0,0,0.15120442,0
5.050219898486884,2,1449.8465469329562,2,17.281491141529937,1,0,0.12719122,0
49.16835533473105,6,239.1447118225668,2,10.74876143445682,1,0,0.08904582,0
7.344464127101457,20,137.1225132495519,2,19.40157349821806,1,1,0.013246959,0
47.40457293355995,17,281.6626969992582,2,12.06297293367809,0,0,0.07226768,0
42.12410437362971,7,273.12468756125884,2,5.03567820978042,1,0,0.08105556,0
115.9207420674687,10,378.6464075903927,4,8.090358902189983,1,0,0.073161475,0
194.4542137503997,20,1955.8644502660447,0,35.59953735912317,1,0,0.15328856,0
52.86132955300848,21,420.301647844112,1,39.80166301089201,1,0,0.006647401,0
21.032219524743144,7,259.634111199956,1,5.250139645482799,1,0,0.041280415,0
11.304612383573012,19,192.7506036056874,2,4.1263022442254185,1,0,0.023080107,0
16.580599233422554,22,267.6682797545205,1,41.103863480311375,0,0,0.013310348,0
38.09097653626852,16,233.52469025171231,4,3.9106328152298047,1,0,0.073862664,0
4.621149451356205,8,530.5204269981274,4,15.300755017168076,0,0,0.34459326,0
39.4583324051377,8,32.43611286010737,4,4.222955121060333,1,0,0.53687084,0
36.159627200771496,15,706.0560652550814,2,10.491685160763296,1,0,0.042257607,0
69.71695447330197,10,147.26990754171206,2,5.679087631135754,1,0,0.06895013,0
26.190138020162426,11,600.0053778149921,2,18.46046604378517,0,0,0.029880395,0
40.53022120133142,7,277.64816170654075,1,2.732011207292332,0,0,0.025006639,0
17.529204014129995,17,284.7976162681207,3,2.776000682711637,1,0,0.03553357,0
23.01094715150169,7,753.1324827689821,3,3.19277151617649,1,0,0.35109648,0
6.213756682181642,4,544.5474214048792,2,1.3833855196970677,0,0,0.07420429,0
41.41486326909,0,189.4964054422255,2,13.057625194655364,1,0,0.20575476,0
172.21453581423071,12,513.6145864005337,1,18.81742485957778,0,1,0.7481463,0
43.06176120812816,6,1078.614006077138,5,16.06875492742774,1,0,0.62747276,0
52.764344186205015,21,283.11438956585005,1,7.32971130696968,1,0,0.016515918,0
13.713346799319618,16,461.948883164386,1,9.935779744794417,0,0,0.011211781,0
153.13109209925872,11,744.4991898576017,0,16.659838019805555,1,0,0.032420337,0
16.996158465748465,13,1046.9865189010493,2,9.738320357417033,1,0,0.054687507,0
81.59548943945413,23,103.95329537150002,0,18.198300273191016,1,0,0.015900154,0
40.74508858928038,7,404.9566097236284,2,2.6254118461879288,1,0,0.08011532,0
14.025665891333352,17,133.48575102065874,2,2.613524575974378,0,0,0.053455193,0
102.22553423593506,7,383.2164239376981,4,14.019923360527333,0,0,0.8672345,0
37.16544216197164,12,83.43822648733693,5,17.94955826978454,1,0,0.08394576,0
43.760081852300495,4,370.8028370315344,3,5.852755204695665,0,1,0.9447476,1
57.52044602576151,23,1177.100886618867,5,7.224931840854212,0,0,0.051124163,0
35.819526186091736,1,222.20935830891284,0,5.131487782550007,1,0,0.034156382,0
25.060330646983417,7,954.9554216909464,0,1.2869982867680188,1,0,0.023665404,0
58.33328940846364,3,835.3983446435016,1,4.078605482798741,1,0,0.04753686,0
24.416099759995948,22,673.5640116153911,3,19.688786467209344,1,0,0.015661635,0
39.069865932752414,14,399.8947970004787,3,3.980490678798173,1,0,0.048065696,0
18.77104901017479,10,40.66770495160116,2,18.902242092095065,1,0,0.034389798,0
8.247457256318034,22,696.927190641366,3,37.14941013635494,1,0,0.009795496,0
18.668291321111948,20,261.92354671631693,1,27.45440459811492,0,0,0.01557975,0
22.306054951512007,16,671.1575395917063,2,33.01890090109662,0,0,0.026701549,0
37.14419219990708,11,282.50759611297656,3,13.705084750735132,1,0,0.052768137,0
119.6297192891047,8,446.7315085860515,1,6.269940997698112,0,0,0.19976343,0
6.75666788840198,9,316.52812006727726,3,2.532302379292823,1,0,0.062436853,0
41.620567319263344,13,647.1936990193102,2,6.6697940615674005,1,0,0.049417473,0
4.0071250147426944,16,206.84632612599563,1,25.76788915253316,1,0,0.0062725917,0
12.86019169701853,3,415.524194870476,1,11.246373656038836,1,0,0.0630971,0
22.041639852072382,3,355.8330359141265,3,45.13925594930564,0,1,0.917583,1
3.845594847679984,1,617.3904498572589,3,12.072131492588316,1,1,0.9888726,1
5.710348954059957,15,694.6204205058696,3,20.69983679668872,1,0,0.028431114,0
42.69332634536809,1,1200.1474217836162,2,25.193217057351283,1,0,0.1184521,0
39.55765561537093,13,177.37027111733772,1,10.828364952420976,0,0,0.029735018,0
32.6619687435593,13,1060.638400620244,0,5.92977182083483,1,0,0.02743659,0
16.383516669517718,12,938.0023055500792,3,5.516227052217104,0,0,0.12579553,0
315.56678210761334,14,657.4497904828405,4,11.434175450141352,1,0,0.0316042,0
31.14810852648232,11,439.0725570707243,2,13.3381122143151,1,1,0.039825525,0
15.4543286279385,3,762.2604907643382,2,12.621029433017158,1,0,0.12799522,0
196.05563993240395,17,193.48098263894127,2,3.191036066102878,1,0,0.028976504,0
67.64744414105031,22,258.53867932861215,5,1.1903928260581544,1,0,0.053080205,0
25.255889476821604,11,642.9779992024969,1,18.19566163760192,1,0,0.0291758,0
120.6245798577746,3,588.7836356892809,4,23.03546568937969,0,0,0.9426951,1
42.80552938638807,15,368.5002343992715,2,6.880631105917723,1,0,0.033650964,0
69.6259302055231,12,282.3335943389583,4,7.022240667811548,1,0,0.06715741,0
46.284371994239976,16,19.150876614258284,1,15.987496502813682,1,0,0.033579763,0
13.08641483439141,15,188.25136857025916,2,29.04717577178856,1,0,0.011064635,0
96.66048054270566,5,159.01673285873608,1,10.851870473524954,1,0,0.053032145,0
42.96810676328426,0,302.3775205276571,0,13.223031172713762,1,0,0.03610497,0
13.337866892975358,7,191.4282082351665,3,33.14139944697272,1,0,0.1921722,0
17.065827686399988,6,439.9655552642955,1,1.4042197620918755,1,0,0.055602726,0
95.1399251851939,16,184.7958736554464,1,30.91751268007322,1,0,0.02178102,0
25.295516347771883,12,408.2772806139573,2,0.9014595189948548,1,0,0.043512687,0
38.3375533636584,21,60.32672932477689,2,4.208596934983763,0,0,0.1047623,0
70.42358077102848,16,330.68788749958776,3,93.38688473725344,0,1,0.9884067,1
41.60955222574655,5,58.295039663576325,1,5.089349333492795,0,0,0.043830983,0
7.951762842407813,16,229.17781136560552,0,38.0888723416228,1,0,0.0031267474,0
69.22823930147675,4,36.24386520071607,2,17.5887467196053,0,0,0.37586156,0
93.53915931166566,15,979.2946667450932,5,0.2631679606381032,0,0,0.1978264,0
87.06394757632606,15,424.6078748357732,4,0.5064228629430746,1,0,0.049474884,0
184.34557036679405,1,1006.891749870082,1,4.247807899004655,0,0,0.14758898,0
52.68228865956869,10,99.4079056960062,3,9.783765248329118,1,0,0.097433835,0
79.6016715244833,1,229.40601197748865,2,29.14544854600635,1,0,0.14842443,0
179.34272386437465,16,709.5255728585182,3,9.27114661154564,0,0,0.4342363,0
27.3651999943122,20,164.33715938380658,2,2.3434325493812227,1,0,0.026991712,0
207.75815779705525,12,826.2732414310851,2,53.145541283969486,1,0,0.08836434,0
207.39937528394327,3,680.9298718270352,1,22.362194657265974,1,0,0.05815833,0
80.08509035978216,6,269.11826437301454,2,3.0861172783473507,0,0,0.12406987,0
230.3702080689973,8,191.243707712679,2,2.060770201242543,1,0,0.046792846,0
85.7931563203176,17,104.35271839832548,2,21.20577748976773,1,0,0.037635196,0
15.16965456879784,20,496.9567215275696,0,20.933087895793967,1,0,0.0070731826,0
114.13585501625953,23,721.9481771056483,2,6.140225366367986,0,0,0.12733504,0
50.72396541552252,1,389.2251511724974,3,14.706320085659344,1,0,0.9934187,1
55.33910988173505,11,166.81852145480198,3,4.2015043667016005,1,0,0.07445848,0
42.71727285725247,20,357.56147039759486,2,12.517509726215154,0,0,0.06342615,0
142.537311742809,18,643.2265943629577,3,21.34403325538587,1,0,0.022509784,0
63.58418555118837,15,220.26332380687225,1,21.21470111535092,1,0,0.022678288,0
18.250626862408076,7,946.1044106011516,2,14.897077246048736,0,0,0.034758404,0
59.49033976136363,9,507.8930249522675,3,38.87943317317939,1,0,0.056105435,0
75.88872530766832,1,64.95826443502628,1,6.544400797428758,1,0,0.0781212,0
17.715070629950024,5,388.4160946498935,0,0.1200935020019496,0,0,0.010653747,0
23.70611308866475,7,650.6560488288505,1,3.5213639413010647,1,0,0.045176525,0
24.951667899167628,12,166.1485304855492,4,11.866373456054312,1,0,0.06923557,0
19.93876578160681,1,103.24113153266843,5,9.22937089845642,1,1,0.9996282,1
51.87269172483426,19,181.28699991421945,2,32.658846464766334,1,0,0.015072317,0
101.26550263544372,5,47.71186582298762,4,10.013649829806289,1,1,0.9848334,1
242.8318046371667,4,67.0992885514414,1,22.844900093854537,1,0,0.098351605,0
120.86651425809843,5,623.4979555493144,1,13.056187334853872,0,0,0.33337972,0
101.70589649527176,5,180.6161495722417,4,12.658346879584638,1,1,0.9434122,1
114.80088466699688,23,430.06151301637294,4,39.138415783148126,1,0,0.02049841,0
139.1127645933199,11,969.7644569852176,2,13.379809220648134,1,0,0.042966757,0
25.11058384531083,3,1394.1677498481604,3,19.15484793651801,1,1,0.9004406,1
73.22993579719869,19,81.30323204253014,1,43.07449900641019,0,0,0.37800837,0
50.51324471109932,13,467.52160240659,0,6.010884461955973,1,0,0.026964651,0
32.157738404363776,10,136.0432171233379,2,3.496394575605222,1,0,0.057057,0
23.220809096673012,16,257.1106976388087,3,16.625170254180798,1,0,0.028956199,0
22.0811014535897,9,843.2988810308,3,23.743455870403185,1,0,0.09194999,0
27.99454737377735,3,56.13924283847693,3,4.6927896835091785,1,1,0.99420714,1
10.646482145149667,23,1223.3958712676697,2,30.06102970740204,1,0,0.010406772,0
61.66474411497198,17,919.5024661925644,2,16.66838245660126,1,0,0.036529656,0
35.80598609718168,12,204.17770548396769,0,1.6364095709603046,1,0,0.023496713,0
40.69171065067358,19,1309.6575490665832,3,17.161483650433603,1,0,0.045926508,0
51.35129673990044,18,579.6009683078748,5,12.098095283072125,1,0,0.035241127,0
75.55962152959204,10,459.7041501546564,1,4.167120559469223,1,0,0.045408025,0
20.251815275280517,16,565.1611506920747,1,16.36605075953878,1,0,0.019522186,0
32.90829015438865,16,88.21866143983752,2,60.60045366092047,1,0,0.0068388884,0
7.326496421261561,13,538.9360727530983,2,29.465378857465293,1,0,0.015391334,0
3.97546492705248,14,1042.5637704776923,3,19.588163180431412,0,0,0.05006186,0
5.256716498567066,10,950.5757426333812,5,20.17692752637224,1,0,0.0993057,0
170.17389470109774,6,831.745368224977,0,8.712880580129616,1,0,0.02643908,0
5.8921557579687285,15,223.80016016717843,0,23.458371863876664,1,0,0.0054665725,0
58.68569485883812,17,477.9131140691861,2,30.613136421541395,0,0,0.09549381,0
160.32772778230492,19,773.6538371534162,3,11.115551293776134,1,0,0.016302004,0
23.155461352197225,10,687.7179496973516,4,3.6685095099550735,1,0,0.09027072,0
186.75519171859384,3,761.719638434027,1,10.445216929617116,1,0,0.03345134,0
232.12496039745943,7,197.12327028629824,3,26.744847402363625,1,0,0.777951,0
94.19230332022624,6,301.05521815673126,0,14.553664029057426,1,0,0.027148817,0
392.526912610016,11,69.94554487360493,1,6.179115148505004,1,0,0.025127355,0
68.21965775477982,5,141.79449230139463,3,23.514078479829173,1,1,0.94718933,1
17.66392240876194,6,214.20621739779844,2,3.1866976103462386,0,0,0.05092626,0
61.81240465223832,19,178.76268659160175,5,37.64346416000212,1,0,0.04426132,0
23.553713795894858,16,1061.8744338858692,3,28.98086227531111,1,0,0.041418586,0
9.97509290904269,7,686.1367876776891,1,27.57962109709799,0,0,0.012418194,0
10.253880200829176,0,283.068700470079,2,1.3282769389150997,1,0,0.16680983,0
370.96928409865626,10,292.47627255311204,2,11.293004919462076,0,0,0.3184071,0
21.40985484812733,5,309.4507967244928,4,33.51229963510621,1,1,0.9250593,1
35.93347267866846,12,591.9308720304765,1,6.552958749929823,1,0,0.043269377,0
18.97314272928803,9,592.4172823128226,1,41.56581099591327,1,0,0.01214669,0
42.31656612666636,22,250.06340489182185,3,7.703950041643928,1,0,0.025858685,0
29.06925789607262,15,215.5689500182145,0,4.906355979653706,1,0,0.019729145,0
24.504382178036195,0,367.9227508470733,1,51.61693948948778,1,0,0.030903183,0
11.003868602891842,23,45.72420538442319,2,29.59886765768466,1,0,0.010489112,0
9.001694761813653,4,422.0403005365209,4,37.124531077997744,0,1,0.94839364,1
17.584271599378248,9,477.0685258686855,1,5.684092263491103,1,0,0.037766255,0
49.617974131649575,20,213.06188477091763,2,46.289684648390185,1,0,0.008519025,0
295.51817620561656,8,99.6862969269837,3,5.83660171570914,1,0,0.3877826,0
106.28819294927314,10,404.1588565579402,3,23.017065487865374,0,0,0.79693335,0
229.6914061749828,17,1403.11185094801,3,28.7031765425604,1,0,0.032590386,0
60.30275372379795,8,444.630846431578,3,2.416955514040088,1,0,0.11701225,0
34.04391359257324,16,495.6974427416131,4,5.466533504176508,0,0,0.44793445,0
9.878001861995836,22,177.96222565375496,3,8.212266141405944,0,1,0.9527755,1
37.267855155452935,2,244.27437643047352,4,32.73729724524576,1,1,0.9984195,1
4.356979790606907,2,289.68524438441875,3,15.42992756978537,1,1,0.9924745,1
27.563850736784083,18,140.8871599192246,2,43.09003457590762,0,0,0.056615125,0
189.6875430707836,0,1780.9562714397289,2,9.947662177304624,0,0,0.31342936,0
51.765793032581485,23,328.37134496071843,5,5.53441885310794,1,0,0.03982034,0
115.21133073908108,21,337.5497696743072,3,15.871665035087137,1,0,0.023079555,0
25.45368771533288,8,1098.2750759772168,1,6.531806754664701,1,0,0.04673844,0
9.42374727392693,19,370.2348961206208,1,4.96201802652391,1,0,0.0138145415,0
23.124537439458443,11,737.0806501339001,1,3.99767356049592,1,0,0.042255163,0
25.12202549310556,12,418.8593157430239,1,7.576259065928922,1,0,0.03528253,0
124.76666323668572,14,518.3662938154173,0,1.6421031354564932,1,0,0.02703338,0
269.5441170698984,6,126.35927870795742,1,4.756681755997438,1,0,0.046804383,0
17.83669126708196,11,403.6802183241432,2,4.68722828574896,1,0,0.040347986,0
26.130661828289224,18,628.4955429540528,1,0.2934165794062715,0,0,0.021877915,0
32.365192292552166,16,507.3445838259349,4,6.472360309072659,1,0,0.050544582,0
26.419748649424044,3,185.06419186396604,1,23.03547254099692,1,0,0.04055156,0
10.798942650347083,9,607.6599506579603,2,12.884711989179213,1,0,0.040165655,0
41.130004988386816,10,87.63524590277417,5,23.68177265125793,1,0,0.0964853,0
53.8506126097239,8,158.37111812810434,2,15.307499215471928,1,0,0.056806322,0
55.16500992463514,4,945.4263458296596,1,66.5960051902165,1,0,0.02373816,0
11.227611127472116,17,86.56260554928592,1,8.999170230672378,1,0,0.021986697,0
33.49253246828197,9,849.6022683058719,2,13.205891049435536,1,0,0.06665394,0
6.590139614020505,11,277.33846105639486,0,10.787021653545764,0,0,0.004750238,0
93.6201489239997,0,502.0416268833536,1,64.16607386280037,0,0,0.8763892,1
13.550512637676167,3,839.2132985407474,2,19.02681830799776,1,0,0.117702805,0
28.55865886910194,11,2068.1143596840875,1,17.740242585442225,0,0,0.17165269,0
23.99329847905463,15,448.2818630099545,4,7.9298028868827615,0,0,0.5622472,0
20.985513473146487,10,313.97608752911844,3,9.784665970602717,1,0,0.053772278,0
13.04660299203996,10,131.68264281969908,5,7.628676424558176,1,0,0.06337683,0
6.425767369054883,23,243.05807410762,2,33.484448960592026,1,0,0.005363863,0
212.97235842382,0,792.7622368932055,1,3.0517750344020693,1,0,0.030480536,0
48.631724602773104,9,497.4590684918143,3,1.7122467380920332,1,0,0.085529104,0
49.129104549666586,16,394.9068883633444,4,2.948804834908015,1,0,0.052491747,0
307.411228349801,12,984.1901257686276,2,53.32027178352177,1,0,0.15843208,0
34.08651113841281,21,388.8296532196541,2,1.7496295382266058,1,0,0.016753051,0
65.51907300765687,3,501.0700326539721,3,155.0999253395079,1,1,0.9944518,1
38.51105510543472,11,480.4101437732887,0,9.962972524141072,1,0,0.02377103,0
123.65543371500364,6,336.08373020308466,1,8.638678822096635,0,0,0.29479417,0
62.3202596541785,15,361.9366563496382,1,15.03845976552715,0,0,0.043484785,0
51.68416574603406,5,931.0064413959904,2,8.818707955741232,0,0,0.087087676,0
29.24309435515052,19,768.9679114695381,0,3.75285244874543,1,0,0.019907761,0
49.94189378790039,23,732.08882837709,3,2.9603477211542857,1,0,0.018040208,0
120.91756191176582,23,332.9361991445902,1,7.505521451267095,0,0,0.18703352,0
4.733721214671539,3,238.1255563164726,3,29.810578036616956,1,1,0.9848777,1
33.202395498750775,15,446.72392878541,3,11.786572511205206,1,0,0.041343734,0
24.87842995738125,15,1428.8084814203835,3,5.966556665526025,1,0,0.07210188,0
27.985661195667817,10,491.5332799655312,2,1.878134939671015,1,0,0.05435578,0
5.239168973898457,19,205.6880099910641,1,33.92291414999428,0,0,0.009508859,0
78.53568915010102,6,533.244390770422,3,14.959371507213746,0,0,0.5163802,0
16.2294889118391,22,1168.1206460398698,0,5.497357379311571,1,0,0.01675133,0
30.1283292835364,23,97.17088760240333,1,12.715734202619842,0,0,0.037103876,0
22.84333671957114,16,869.3249563009447,2,9.826758792773106,0,0,0.03583074,0
7.117538284770121,7,665.4563825448106,3,2.694985865716042,1,0,0.37943196,0
24.201648639200737,4,204.7454883026501,1,37.30196835723762,0,0,0.01450696,0
5.994240165803152,18,636.1984343983552,1,10.243784770017326,1,0,0.015822193,0
14.733524070299891,22,103.97922872818258,2,6.215347598151816,1,0,0.020114137,0
27.59284228820936,22,831.1848090117898,5,20.86812645182925,0,0,0.047400773,0
37.64441298717196,12,545.0499487199912,3,13.119933864384532,1,0,0.06222696,0
39.97214301804307,7,39.66512819898095,2,2.4141846697377165,1,0,0.11079517,0
32.95978859211874,12,192.51464477763145,3,13.57831807176798,1,0,0.051099613,0
320.7551339457078,5,130.4314286239686,5,28.11538403816423,0,1,0.9990995,1
58.46364008500986,21,484.9751665346984,0,7.316545316539491,1,0,0.01308866,0
11.149181394458516,7,131.0010145778936,2,26.126940714252072,0,0,0.03261404,0
20.50887691795736,0,798.1329197794566,1,32.955540845051075,1,0,0.05361218,0
19.60305529036095,6,988.551245560763,2,22.08635686214557,1,0,0.08443986,0
31.681268557677058,17,883.9440549931735,4,3.203072552455541,1,0,0.04815999,0
20.692116482377585,17,207.69061377364648,2,0.2762422123948398,1,0,0.03345389,0
16.08320556299091,18,710.3514534025646,0,10.394807431689124,1,0,0.015776163,0
196.81983324301316,2,55.450442548455335,2,8.078875239751511,0,0,0.5826914,0
39.53642218971945,16,513.5584404948614,1,25.75297201458825,1,0,0.016788464,0
27.00784746357072,2,389.80442809864815,1,14.336641095687662,1,0,0.06591067,0
29.401299156210733,4,887.6102249526592,4,44.76592855278223,1,1,0.91352504,1
30.463479082514805,20,470.27333046742274,1,34.110264112407854,1,0,0.007370799,0
152.36087261929083,21,494.395337605336,1,2.737502273664928,1,0,0.016717099,0
61.06372727443571,11,372.0874836856957,2,5.741462203881747,1,0,0.049966864,0
116.37615410089217,5,143.51016884292747,0,18.667822995442062,1,0,0.0316469,0
1.6747315770290934,20,343.6488775383188,0,8.546630363349323,1,0,0.007829671,0
52.46739148159888,7,73.55562379914886,4,33.636382834697606,1,0,0.6674723,0
109.22371705009512,3,331.75289993969614,3,0.8690598605528091,1,1,0.9230326,1
272.5365848879082,20,545.827721680956,1,2.209455476978748,1,0,0.013446347,0
39.0144519268584,15,627.8381287753643,3,19.426036881875863,0,0,0.17180136,0
6.805904170974043,22,772.599318520618,2,4.0411277284452485,1,0,0.014886841,0
68.28745196096547,18,355.5993582275945,4,14.031166796629156,1,0,0.045268547,0
20.81727619512268,6,385.54865684757846,2,6.730915506933978,0,0,0.039610215,0
6.316088633350837,17,479.4730388223328,2,6.373587661094547,1,0,0.020583265,0
20.416013798863005,11,459.3229260807607,2,11.659398546295808,1,0,0.035404257,0
108.9911088370536,14,625.335949150183,0,6.687129407663122,0,0,0.16982605,0
126.12040889844172,20,178.13177550864646,2,3.597697562525201,1,0,0.032507475,0
78.02742371089397,14,613.7557989304032,2,7.875845092192903,1,0,0.044298965,0
13.298005296071905,12,626.556346313586,2,2.445295530044117,0,0,0.03375914,0
470.0706215085519,10,589.477215151675,4,7.595782227185134,1,0,0.25625762,0
11.783459948106756,5,215.35461883859216,1,11.711035347295695,1,0,0.036849625,0
35.11405980645138,8,223.2982382443139,6,5.517627752728746,0,1,0.9794502,1
8.94982276125427,8,350.089931186094,3,38.24854841361128,0,0,0.39497766,0
141.74033814857304,2,425.2050741811572,5,29.64579835948416,1,1,0.99164796,1
59.32423821926941,15,676.6897485356624,3,3.731902289984176,1,0,0.047752466,0
92.34379116833782,0,456.8747486893406,0,24.12351370946489,1,0,0.03603765,0
41.59323401705692,17,436.6282021074305,3,1.8290623895228104,1,0,0.033811945,0
35.50653232113431,4,1268.5050247426375,1,13.151512354288752,1,0,0.054869507,0
45.27008051543624,7,380.8004645661624,3,20.654429898984247,0,0,0.6048277,0
5.755519247039207,22,469.7659518796937,0,7.475354806316588,1,0,0.0075534335,0
102.80849880026096,4,522.5854922664878,1,17.712513215216845,1,0,0.043484587,0
94.86400698205968,23,480.9870528783674,1,34.88563771495046,1,0,0.007934803,0
25.711150606549086,18,393.7236807286896,4,22.53587181560551,1,0,0.03134266,0
37.60484231741886,4,413.6364693718974,4,16.754456227340416,1,1,0.97750175,1
51.3987361915515,7,536.6935588316103,0,59.78861575053098,1,0,0.008434582,0
183.17006813428063,8,575.2790286626532,1,47.91099504968327,1,0,0.062893085,0
58.703837942113736,5,195.53623418311776,1,18.861528094968005,1,0,0.043682482,0
39.78312575290197,12,153.9476142925304,2,1.5610075153734355,0,0,0.08188023,0
22.924510941652787,6,312.6311597423256,2,49.5659760652792,0,0,0.039368283,0
8.483712163862595,0,551.0583883072982,0,52.03292188059456,1,0,0.01598356,0
21.0248207912244,5,982.9088814156072,3,12.207258706480284,0,1,0.43579942,0
41.00681570693833,10,293.6950395791676,0,1.3608931600011207,0,0,0.014494191,0
29.680678495897237,3,235.00373557138585,1,28.48615910103662,0,0,0.019932523,0
41.208313422508574,16,840.7426498331083,6,6.203373400342221,1,0,0.028640496,0
80.5445998005294,9,584.1158838779712,3,12.59858907184179,0,0,0.30679992,0
59.09654007012493,10,33.00205105580144,3,1.4140451909169698,0,1,0.9940807,1
50.3707260147657,4,251.8903153373657,1,5.331656977309987,1,0,0.05418932,0
73.75347134150908,12,352.7498146768701,1,19.97870281570335,0,0,0.11311033,0
46.11359956631646,15,210.7882878944793,0,2.6156449979425997,1,0,0.024195557,0
37.12057536192759,20,643.8413492756456,5,9.659094345565494,1,0,0.027897658,0
61.25510810792122,2,384.9193274797638,1,8.057931223451671,1,0,0.059883717,0
6.806325489586116,15,600.0127356612306,3,1.454408107120999,1,0,0.039927404,0
134.10954467689857,8,312.2539281124861,1,12.275865512735615,1,0,0.042413637,0
10.559197270536531,2,676.9905020564179,1,19.85331016477471,1,0,0.05886576,0
88.54490125875418,22,303.481314264257,2,0.306806497418602,1,0,0.021141563,0
38.852292728036,10,515.3794100982313,1,2.595211892396497,1,0,0.044533875,0
116.19755789852628,10,1192.4503564486802,0,5.710656552332227,0,0,0.19132896,0
39.75940649630409,11,125.67699768262082,3,54.65694929405739,1,0,0.04571751,0
14.935089227460344,21,224.16124263259425,2,11.743054681699457,1,0,0.014428786,0
112.36065776645611,15,865.2667602176275,6,14.106871785275317,1,0,0.0406346,0
46.21384697655261,5,72.00050391055193,2,10.67100746237621,1,1,0.13039207,0
43.27232739393734,22,572.5102315127117,0,26.756445735833243,1,0,0.008023387,0
41.697038693199474,18,103.9621435382433,3,2.0489628676438905,0,1,0.98588586,1
104.67986265503076,5,241.6209417773706,0,32.0763592953557,0,1,0.7592878,0
87.15441835634995,2,125.9610848348884,2,12.184157542292178,1,0,0.17003302,0
48.4489308887918,23,46.90061391554908,0,1.6017183449545602,1,0,0.017347697,0
8.164064421982241,22,854.6924960535616,1,1.3939234263704607,1,0,0.0149403475,0
25.709845118839823,8,252.3286232814,2,17.7428983742537,0,0,0.035082363,0
42.81838408856053,23,479.0646552600677,3,2.9383411069934917,0,0,0.42031905,0
231.96098067591268,12,526.8418199151834,5,40.72801852326745,1,0,0.076951064,0
56.6237375840348,16,453.9468858541392,2,68.38635331185702,1,0,0.0057602082,0
35.17181062802064,14,889.7414432662331,1,15.0991379716902,0,0,0.028828744,0
127.556565972006,4,762.4958986113492,1,16.878745993424133,1,0,0.03873823,0
34.5171982330032,8,53.19927418693438,2,10.16745871166786,1,0,0.07021752,0
37.52821223646456,18,459.08031544693006,3,41.10394162231272,1,0,0.014668624,0
45.16954203856029,9,162.51767385143137,0,5.374214986242964,0,0,0.018824095,0
8.633609493473879,19,152.60638758325732,4,19.85317015572392,1,0,0.045766275,0
100.6070201369051,9,383.0796118261599,0,48.27530116289171,0,1,0.86274415,0
59.12761059581845,15,513.6758741813841,1,17.7023827258271,1,0,0.027841603,0
29.12278290085134,20,399.07512887087057,0,1.917660992861981,1,0,0.012890417,0
12.330676547282096,18,1105.7525807062852,3,5.939133041515791,1,0,0.03523353,0
47.85143731080353,21,727.1494352756467,5,5.7490245596125575,1,0,0.02814484,0
156.7530194343821,6,1206.1001229756937,0,37.5164520965556,0,1,0.9519355,1
20.360534073151506,0,234.33560598772053,4,22.19639971161135,0,1,0.9990563,1
13.374450630361654,18,510.31125477941646,2,13.705833060323318,1,0,0.016125638,0
58.86476367302621,1,502.2446098220744,6,3.6951225242557366,1,0,0.99681586,1
7.836480654168832,5,552.916485254451,3,5.639843994609614,0,1,0.6691037,0
4.196918107805519,9,552.9856611904116,1,12.743587458183844,1,0,0.02357659,0
24.80710904960292,12,40.73275944025457,0,13.15147076912913,0,0,0.012817062,0
19.410781385591,0,387.4980294654413,3,5.40358420564989,1,1,0.9976082,1
29.345845343766616,9,241.73640019107512,2,12.969729362464154,1,0,0.038980465,0
22.307871174958496,5,212.4546341231939,1,28.665634729270817,1,0,0.019707965,0
53.99338341762918,5,656.8739129163876,3,5.305192265536984,1,1,0.8158446,0
31.054079541405063,6,116.88472004951277,4,12.66982752660751,1,0,0.8549576,0
21.283074702517503,6,153.9591610966459,3,25.569721369287137,1,0,0.6402332,0
24.515646333468013,11,611.4469754328177,3,8.112695996330165,1,0,0.06522364,0
72.87180709256131,21,387.86581599353497,3,9.603111373445284,1,0,0.020734007,0
101.08451484232314,18,241.85856362752776,1,0.1092409699254053,1,0,0.03201527,0
95.7532896114675,1,242.63354367544076,1,9.580338349241062,1,1,0.06476823,0
77.85973110316372,6,335.7414839222722,1,9.637224821265349,1,0,0.046687875,0
1.4331773518049775,11,544.9149361889359,2,2.6519761014993293,1,0,0.036549397,0
14.241217843399712,1,1255.3884757521885,3,20.16429181505396,0,1,0.9167695,1
28.322131868709345,11,141.27625025615552,3,3.2936353990094807,1,0,0.07194024,0
47.66679197519957,22,160.3980810484389,3,35.92884243122424,1,0,0.018047381,0
7.699396292195447,2,124.65044734296949,3,26.1054490624575,1,1,0.99620986,1
160.93693099036625,6,495.56438473410617,0,26.41193341975212,1,0,0.03847405,0
52.581884009532594,2,109.229288680427,0,28.506429999295253,0,0,0.06708779,0
20.8631506235004,8,54.56012304409228,2,6.092055953163579,1,0,0.066992,0
45.733803874610665,10,348.5388935184504,1,49.7546996998588,1,0,0.010942863,0
27.46828387783813,11,1064.0623222423835,2,1.052515746751962,1,0,0.06597591,0
18.17154421816897,8,550.4108903114766,1,54.573081577524746,1,0,0.007952998,0
64.44375354886422,12,465.8183749158983,5,1.7230382528650705,1,0,0.04998261,0
24.683945505345736,6,287.81122919527866,0,27.34165739605933,1,0,0.0102703525,0
9.47230369096096,20,438.0935811878771,1,32.42422968621922,1,0,0.005036276,0
20.596562582838768,6,328.7586573605434,4,32.19931159803316,1,0,0.6614197,0
34.6656544982598,6,373.7411193138368,4,14.130284927685866,1,0,0.69318914,0
13.206994741723282,5,650.9213091725919,3,17.778172286768218,1,1,0.824455,0
137.26954081803015,15,296.06882839252427,1,14.303859539121358,1,0,0.036949214,0
13.087036897496736,15,172.5828037111416,1,2.3909936062327755,0,0,0.020246059,0
225.53601528202296,18,710.6602867054773,0,5.782190524351198,1,0,0.016420037,0
95.19159467697536,23,514.1110299603409,2,2.003787947099111,1,0,0.013747479,0
15.183157865834042,2,1627.3317766230552,2,31.118459493935845,1,0,0.14864652,0
44.35121404183139,7,610.7914182356972,3,74.26611571951723,1,0,0.19200094,0
127.0122129989542,20,738.2144665648015,1,10.139440667788593,1,0,0.019992208,0
32.1872081704496,9,319.4805637997198,2,2.346067707970321,1,0,0.053801302,0
11.822545143517448,6,106.10308816541315,2,7.937569494128709,1,0,0.089398324,0
43.60285778368687,16,569.9325360749441,0,36.48814820465666,1,0,0.010179147,0
285.3255767285686,12,69.66616331866288,4,7.776968474121257,1,0,0.13772291,0
8.791579266101436,7,82.52021687542612,2,6.149608990813991,1,0,0.073158495,0
67.96186757811181,19,247.019349060168,2,24.422085226187416,1,0,0.018601038,0
39.43044378494988,3,1145.6356082903144,0,67.53462069469703,1,0,0.01662023,0
34.71906821846017,11,235.17846530160065,1,5.246588453653703,0,0,0.02458552,0
26.462586240238377,15,425.5367904968591,1,3.074108547312069,1,0,0.03129013,0
28.40471188484932,18,196.8312563199957,2,1.575123617833608,1,0,0.032547772,0
110.40115063215038,8,280.47592279816047,0,23.614666961192256,1,0,0.02504632,0
71.0559715162659,3,145.68668217904013,3,12.83837995719631,1,1,0.98965585,1
14.43586143812444,0,156.94209104800737,3,16.32533798108972,1,1,0.9988825,1
186.08368062755017,22,274.4085284792628,2,11.149627742667231,1,0,0.01793373,0
10.703809381615294,7,705.0654147994594,2,5.525349011221269,1,0,0.08385605,0
76.0139490427922,11,158.1014277863601,3,10.791244960943116,1,0,0.08007607,0
47.10021873953811,21,217.4880712767101,1,1.9159424713140232,1,0,0.020664958,0
129.9723119092328,16,974.8082129067044,2,13.072810948214611,0,0,0.22530785,0
55.99371105707128,1,216.1983827545744,3,8.293886120297893,1,1,0.9967938,1
112.79349312385588,3,273.2132986858544,2,3.1662186159798016,1,0,0.10365728,0
38.29957038721268,21,605.4825488794487,1,12.40236008696746,0,0,0.024526663,0
103.84704480144302,16,216.55756771097847,2,41.05500908553658,0,1,0.8978373,1
55.41603604568646,14,352.6099504863948,3,18.438586248610378,0,1,0.7501157,0
336.8580717642652,20,487.4920881506524,2,47.51708409458121,0,1,0.9780506,1
19.59334985089259,19,516.6087172559066,1,5.129556744864028,1,0,0.0171611,0
129.71870179350267,17,903.9131617178808,0,1.4704011811904094,1,0,0.023261303,0
62.54949804786152,13,654.0190723140562,1,15.159807096132754,0,0,0.047561705,0
46.90619613492273,22,295.98916666766115,1,8.195125011645123,1,0,0.013640646,0
22.31943674971843,17,257.87199097412264,1,10.108705846777848,1,0,0.017790427,0
61.52537259021214,2,173.43936975612178,1,8.750305253781018,1,0,0.06812055,0
9.012685574681216,21,410.2478012790052,1,2.7717257424403363,0,0,0.016574265,0
10.013630305548544,3,375.4530867916204,6,83.98100485889181,1,1,0.99174327,1
80.21267464901679,4,445.6387645017306,2,7.503773639910186,1,0,0.092306085,0
8.31467314271472,18,137.95809674272672,3,2.4114933377376366,1,0,0.044666413,0
165.68815606507945,2,767.144868750753,0,18.832599870865817,1,0,0.03207995,0
29.934250212561057,0,850.4743331292115,2,20.63169934483687,1,0,0.116132,0
50.56934196203431,13,97.2176752461324,2,7.043957760712322,1,0,0.061639063,0
42.486557423868426,14,385.1276462900886,2,4.632720641036723,1,0,0.03858065,0
60.00843959997518,11,188.55859332820816,3,62.89300260071554,1,0,0.06367145,0
29.822323491056995,8,1141.453789066116,1,3.1306148440207333,1,0,0.044903994,0
27.30442578450108,12,479.1953049837729,6,10.30009393242321,1,0,0.029510073,0
34.76886742932644,12,746.0753264030516,4,4.088230037339049,1,0,0.08099307,0
112.6421338632531,8,229.9663172863509,0,3.755954904200301,1,0,0.02944946,0
122.5342110194266,10,91.9872015998163,1,0.9810147704692816,0,0,0.14758688,0
141.05041207751052,23,728.7607774177275,3,0.5342600014719336,1,0,0.011153771,0
56.86616901781938,18,579.3349406293489,2,38.050589353969,1,0,0.013301133,0
32.29500143852121,14,163.01570839530066,3,12.175372117775211,1,0,0.052490465,0
7.358678807028921,0,192.03700166981875,0,2.3261283020710573,1,0,0.03642339,0
75.08779331642754,14,147.62005196377635,0,3.702958231241251,1,0,0.03024186,0
91.50420015300462,21,50.40430969102477,0,3.688121397519904,1,0,0.025649112,0
26.38244542829824,0,214.53534948040144,1,13.738836471296583,0,0,0.04872527,0
88.50018483665242,13,1183.3166885764388,1,16.099629576606294,0,0,0.25939983,0
143.3100606708069,6,830.1439459099568,2,3.318937378396493,1,0,0.04042674,0
43.40597220653616,19,471.2587172688933,2,3.90762060910065,1,0,0.022338355,0
113.63725261337468,6,955.8027126601108,1,13.814843658859528,1,0,0.040064037,0
53.73167847962274,11,347.3603468133197,1,19.413247021077552,1,0,0.02908473,0
6.969090926508718,23,402.9503014760825,1,16.851121885502454,0,0,0.012744253,0
24.627039248987806,1,659.9624748580178,1,7.364163005632845,0,0,0.066699944,0
26.217938225844254,3,356.0627035437486,0,24.1304847407954,1,0,0.018958656,0
67.08525428960215,5,286.10722552808244,2,22.34516741430608,0,0,0.15402165,0
16.66361437652827,12,166.35951874182706,5,26.789823934117976,1,0,0.03922977,0
25.477747171844776,4,499.371138209752,1,24.719347623906074,1,0,0.03710717,0
15.094426860193186,17,313.7845499226598,3,6.600566247798644,0,0,0.8305025,0
38.018966907148254,6,351.35051360141506,1,22.17304640549866,1,0,0.028935803,0
42.37035192655468,14,496.5688462643895,3,1.6012730127331536,0,0,0.33468196,0
104.72942620599328,5,658.0691315723524,2,0.3582557727175685,1,0,0.06006814,0
87.69318355709511,18,406.8473582184531,0,19.395480109832736,1,0,0.016554559,0
46.58897087486018,11,2113.266832523405,0,21.690600509596187,0,0,0.41317812,0
50.30187756204632,8,342.7701143083981,3,5.073705582156657,1,0,0.098053806,0
44.06546667951379,17,404.3440857086425,3,4.245131787299526,1,0,0.033208806,0
44.236121278722536,3,270.39372546160666,1,18.54395401784363,1,0,0.053455543,0
185.60830692917708,14,324.68802528907906,2,5.783959920057692,1,0,0.03216348,0
3.2896355601311287,5,1135.437040713029,1,21.15347273480688,0,0,0.02506321,0
33.1607982685046,6,297.78524932696274,0,2.074685350215703,0,0,0.011232607,0
54.04160782793078,13,643.4651340032095,1,13.820551912398052,1,0,0.04033581,0
122.351101350581,16,242.4933277046172,0,17.40107323709133,1,0,0.028283283,0
13.233569773774969,12,519.0717027315501,1,35.7508322778975,1,0,0.010004253,0
55.919347902239714,3,339.8466624775295,1,13.943716329126486,0,0,0.054252263,0
93.5964131608529,9,251.18832137705684,1,7.338292381402568,1,0,0.045674935,0
25.32249149293955,20,384.7967175765563,2,5.337002864253844,1,0,0.01617085,0
5.86074526046333,22,1180.633877368577,3,13.7240057634061,1,0,0.018757805,0
27.58481771523695,8,609.3229304385271,2,8.511885746042132,0,0,0.039582506,0
11.897049819020234,9,899.9516007200993,3,3.057308868936077,0,0,0.15040256,0
75.79672443853785,5,942.9379532354196,2,19.357281402135563,1,0,0.07600107,0
16.881985875753582,5,369.45816003893583,2,10.193385318622555,1,0,0.10874274,0
234.55137564626688,13,410.3215322258162,5,32.186356724343945,0,1,0.9626587,1
45.54114596852854,14,365.252998504474,0,13.345510263367132,1,0,0.020714415,0
17.667589524561503,15,160.24669461748306,1,0.5243683520079625,0,0,0.02430992,0
23.86777852606089,13,225.2654973974598,0,0.2919792437446131,0,0,0.011745321,0
13.262709376735426,14,793.9281350027562,1,1.7983464884855922,1,0,0.036835507,0
58.36211297771014,18,855.8422869126709,0,34.282250444072005,0,0,0.17788652,0
175.6190255832226,17,613.5861284558492,1,26.56508082787811,0,1,0.8686495,0
31.868776467560576,13,549.779967710639,0,33.84538360630114,0,0,0.035677746,0
99.68204704114322,18,197.6575937414132,1,1.0936660631334798,1,0,0.03454755,0
15.406208384360728,0,97.22726486350284,5,16.78772941169284,0,1,0.99988234,1
53.79578613612903,22,284.48258912094286,1,13.294523438820605,1,0,0.0130444355,0
395.846005955064,11,280.08483709856887,2,33.07709619225547,1,0,0.10243805,0
9.6939830594179,15,724.7811344247393,5,0.8795898933671664,1,0,0.037930213,0
135.56134013732844,4,928.478348432529,2,21.98572462659024,1,0,0.070617065,0
127.8412369996273,20,278.27802681963124,1,8.483212409659586,1,0,0.025991626,0
6.032163084949453,5,456.8475949455458,0,39.77930331762063,1,0,0.006375029,0
9.41873302448377,14,76.98699945935458,1,29.22491994910689,1,0,0.008579294,0
14.893362939559315,18,691.2696878005625,1,2.423464856232258,1,0,0.023660645,0
104.14357555936364,17,1386.3810388347636,3,32.77817390038285,1,0,0.046357468,0
25.74155876445837,23,823.9512623294469,1,35.45806036934452,0,0,0.019791074,0
33.43194517602553,11,575.9880342877253,1,0.2120734753529937,1,0,0.044034094,0
80.18174127679764,20,856.4085792201844,4,7.520730011825007,0,0,0.16502774,0
44.46525451127878,5,273.8167930472815,0,90.50367529089483,0,0,0.11083092,0
49.52354287412673,5,336.1605142832236,2,11.214441107190297,1,0,0.10298095,0
28.655916529273235,16,478.7629210642544,2,5.434856267555825,0,0,0.03766118,0
121.59169673458048,10,249.0980896264753,2,13.370419624309502,1,0,0.05704147,0
18.14720672138049,11,64.6050342366648,0,35.939277522886364,1,0,0.0044563985,0
210.89572994618052,20,531.4555499858459,2,9.720117411999064,1,0,0.014138456,0
28.16763997486105,0,149.35151354400045,2,1.336447153337869,0,0,0.2601043,0
17.783449077622866,20,29.87191470282133,1,78.18987978367278,1,0,0.0018095581,0
75.37681765008841,10,795.0141590152194,3,10.307664865855642,1,0,0.08142202,0
61.97381149224381,1,774.3459712503733,4,19.801698666770783,1,1,0.9903306,1
5.448052303493002,9,731.8925531932574,1,1.219694026261085,0,0,0.013652867,0
49.23485567505062,6,364.3991399264189,3,25.65804484337718,1,0,0.6018171,0
10.228695488609336,19,74.81160097466191,2,30.55393729240548,0,0,0.035523865,0
17.209899474926566,14,805.4176208971152,3,2.695501537511573,1,0,0.052302733,0
86.61503142957629,16,197.25310715705797,2,30.40248991227225,1,0,0.023754522,0
16.64444311869306,4,46.76576713166871,2,40.01016315144758,1,0,0.04043648,0
56.23100041844998,0,518.047034058539,3,19.5185726420002,0,1,0.9730291,1
26.95435646400905,0,940.7087025342832,1,13.213127169360384,1,0,0.06033698,0
272.201115475624,10,719.8880713379859,4,16.7543999256461,0,0,0.8323956,0
35.76971507183479,5,304.6646364769608,2,77.30950476243648,0,0,0.21369843,0
12.154895940126869,18,100.92547278870909,2,24.498816118339768,0,0,0.040026512,0
13.035264298833107,12,285.5667989880273,2,58.25582752876072,1,0,0.0049297987,0
15.8962340125015,14,251.3196478126962,2,7.530088862222903,1,0,0.027714193,0
44.64023382091782,17,778.0218385706099,3,23.41411229466789,1,0,0.039095215,0
39.1617734291181,21,541.5556228975197,1,30.419240625786536,1,0,0.009018694,0
103.48461193300952,17,498.6123975252328,2,8.069917871058385,1,0,0.027642464,0
46.37745823206573,13,644.0419933401729,3,6.066920475753592,1,0,0.060991608,0
44.600984067911504,13,627.6766739791364,0,13.807738422685269,1,0,0.02466267,0
54.19129523591156,3,684.3406329791828,1,10.053921026032285,1,0,0.050459594,0
34.41963528937116,14,224.81949418119797,4,3.2710899871822976,1,0,0.07643008,0
52.45693433308675,18,503.5762754650417,5,22.57158254948081,1,0,0.034053896,0
85.65882945484785,12,179.05664757255045,2,2.5787633376558268,1,0,0.058433313,0
85.64510420589616,1,476.77315104694014,1,19.674641619752123,1,0,0.062200624,0
22.677136628643996,19,385.654088882484,2,21.13746631959644,1,0,0.012085985,0
6.67390889184124,15,911.149529293593,1,0.8300747705307345,1,0,0.03309578,0
17.417685595394282,15,335.9989043601024,1,4.545949611006556,1,0,0.024290068,0
51.78313374079837,1,239.33784400360787,2,25.60638348128716,1,0,0.15080728,0
3.242170169965364,16,407.90910071939214,0,48.835067405549005,1,0,0.002591445,0
24.258365409465267,0,229.65195696066883,5,29.589369269102043,1,1,0.9997055,1
61.13456198144747,21,433.5182694528612,1,6.135834393489716,1,0,0.015215413,0
22.188874287331487,9,221.08666467288495,2,33.07290613381546,0,0,0.03207602,0
12.74179094951346,2,705.8079205948244,2,5.81519313963106,1,0,0.1282285,0
225.07245819270491,0,616.812608035921,2,15.312433927746042,1,0,0.08949184,0
155.55103998250166,0,243.3390382998723,2,27.90510295876183,0,1,0.89927703,1
30.065498017644373,23,664.2391534037437,1,46.03471588483719,0,0,0.023438666,0
146.0417663876729,12,392.7628147064352,0,16.847594551889216,1,0,0.02901034,0
142.50928116344826,0,362.72479867943247,2,7.78791061236838,0,0,0.40258345,0
12.560908313530655,10,218.8597171337667,3,20.045544135931472,0,1,0.85848194,0
566.9868758580478,3,1040.177245122719,3,10.593122320683856,1,0,0.6516792,0
15.21957475906804,21,100.38991164806524,1,4.522071308021468,1,0,0.018308487,0
29.8456239875876,6,732.3185851024177,1,3.172064477343341,0,0,0.025879215,0
12.976648061643807,7,381.857323488096,2,20.11058876341332,1,0,0.03959498,0
41.92129866687694,23,93.33636456309858,3,14.28345809133801,0,1,0.9838972,1
10.410547550290085,16,367.473154724341,1,26.447671241098732,0,0,0.008783782,0
38.47571887752631,11,698.0743914808238,1,0.8785763083281528,1,0,0.04470922,0
114.33230178188566,16,231.2375963550216,0,37.9880722627647,1,0,0.017366255,0
47.926844165057474,10,629.2751624323437,2,13.198202545291206,1,0,0.05977994,0
29.706309784337087,5,475.0030640555669,3,2.5663901293808333,1,1,0.9274144,1
181.4288945229072,3,513.0302812913893,3,2.9437125879310666,1,0,0.6958002,0
15.774624067017104,0,718.5443470245399,0,8.631706537917523,1,0,0.036797054,0
101.74718520245968,7,531.3028753426689,4,20.979970887278988,0,0,0.6458785,0
28.552739655457422,10,886.7222681110846,3,5.769682154474047,1,0,0.092894986,0
47.90587186305987,21,208.82913067549703,2,37.80534245060723,1,0,0.010085421,0
39.820128442139335,4,246.1608289651217,3,3.4678142920236628,1,1,0.969413,1
43.83478670798115,10,114.72471518877778,2,27.329048727097422,1,0,0.035536576,0
36.54986054712605,4,223.79357721678872,2,3.9683232913652815,1,0,0.14416657,0
17.6254240672828,3,278.92333333757995,0,33.2646077432474,1,0,0.011280945,0
21.80841444624652,11,880.2210224565596,2,8.690640831693589,1,0,0.05879885,0
59.835014926429686,7,137.6447199901362,3,1.5025313376705236,1,0,0.3605575,0
34.51965302203416,4,324.72272562112744,1,31.39867297441095,1,0,0.025605936,0
12.01202770481768,14,1317.023347379728,1,24.603003389386718,1,0,0.032459393,0
18.97007923434277,13,287.6705712577382,1,30.84820844325741,1,0,0.009233863,0
19.196343254321565,0,383.7196890772725,2,7.433739617174886,1,0,0.15353672,0
36.29391302682304,14,164.0263851460326,2,1.842818138222416,1,0,0.049283482,0
45.796903038336986,0,935.0882780658508,1,25.80863799399184,0,1,0.2554537,0
41.931707948279005,11,627.4651591626811,4,47.87101206248994,1,1,0.05446191,0
19.897201916134797,5,152.58020628880618,1,9.25401238670852,0,0,0.021489143,0
38.90998609670222,13,1514.37438811782,0,35.65312705747229,0,0,0.2866087,0
9.720960851218662,19,506.0347121431817,2,5.245811949420713,0,0,0.026874736,0
2.1352089755306403,4,173.61972297668922,0,3.881951067280189,1,0,0.023839794,0
36.10255761071503,8,336.7999636271962,3,33.15504114037018,1,0,0.09066452,0
7.292992410431857,13,573.7225597659613,2,74.5165292813765,1,0,0.003449007,0
14.775185279414517,1,422.04023719350215,2,37.41598534433799,1,0,0.0891612,0
11.392418111698868,20,622.0867098575262,0,11.813147338087884,1,0,0.010358738,0
71.25695064153409,3,112.36712492373148,4,0.0667171479107456,1,1,0.9971927,1
11.323167921571349,20,38.90643895658621,3,3.125079828900777,1,0,0.052851986,0
49.95289569328906,8,943.9595951987324,3,5.322792963710645,0,0,0.16706407,0
23.22617702565998,2,503.0060795770471,4,13.280677487561755,1,0,0.9951267,1
10.987234367439596,19,814.9485994879464,1,2.324528384425938,0,0,0.016559768,0
7.823666016422829,7,163.69619148052314,4,2.5870827310116664,1,0,0.5790241,0
59.864251239249015,4,97.71928007256226,2,5.6847175547437,0,1,0.2745748,0
55.44488571099247,17,474.429717095064,2,15.728811654522966,0,0,0.06293451,0
81.61708229629066,15,699.7271015165801,1,2.7326032786088885,1,0,0.03623255,0
234.70001417676147,14,96.33964709605704,1,24.126793259495056,1,0,0.049185887,0
49.29657779443766,3,182.4644762088545,4,3.655703471960919,1,1,0.9962394,1
49.71007973652317,9,1112.9477730543088,3,30.61448328174399,0,0,0.16872707,0
33.132546084542135,4,906.5786753856854,2,43.64554329448424,1,0,0.05719756,0
41.62061450722401,19,140.8513232505518,1,34.52937158314948,1,0,0.009739332,0
26.35803112973197,13,247.2825030635198,0,1.024833335836878,0,0,0.012044913,0
15.28388100064224,21,305.6582222398898,2,15.156028643508424,1,0,0.010838727,0
274.162722946656,1,472.3121038267645,2,2.1766670232963152,1,0,0.048461612,0
5.79680073428695,13,218.5358765638101,1,1.7729707380583624,1,0,0.028052852,0
48.03821948473274,1,178.80594661204742,2,1.9965772648626816,1,0,0.16183184,0
57.96802201222903,5,639.2198036043952,1,0.6217490731096312,1,0,0.042706866,0
43.2334586450628,19,904.6090105971464,4,10.885019473417554,0,0,0.100808166,0
14.207601815775854,23,574.4122896763785,0,11.720371228399946,1,0,0.0073981667,0
30.656192393904806,19,186.39789746936935,4,4.765105880340251,1,0,0.07171064,0
23.38504830458984,11,251.16898758096585,4,18.756748301186107,1,0,0.047313843,0
12.651227623547603,17,168.0873571146592,5,0.5680956626981917,0,1,0.9779434,1
35.32808156089444,8,856.7764096587306,2,2.5220231766056327,1,0,0.06842308,0
24.58966766365847,17,47.63816412351347,2,12.897189228924098,0,0,0.07597494,0
21.2560586247116,3,352.8497957187393,0,4.187713277027791,0,0,0.014899545,0
73.01290680830495,3,1506.1506024830655,0,13.459203954392558,1,0,0.033466566,0
12.772887828466407,22,1193.8380831483723,4,30.712499222409495,1,0,0.02030286,0
57.14069729250685,22,682.5116955390978,2,5.883877105162243,1,0,0.017766206,0
19.96079784538894,16,369.7351407135929,1,6.508611733423204,1,0,0.021985047,0
56.27975149833684,0,466.535559384903,1,29.551609850736877,0,0,0.17314105,0
39.323323782145046,1,773.9223268124434,2,10.279217269132374,1,0,0.112473086,0
46.63487490092852,4,1060.4013997575444,3,3.67990026186034,1,1,0.8149405,0
13.759991729180156,4,457.5245775752897,0,24.40060203327947,1,0,0.01626518,0
16.867907903447662,22,232.80966108860423,6,4.28435809979892,1,0,0.03646118,0
15.543951430030871,22,881.075094084809,4,3.2546293660974897,1,0,0.024207018,0
43.46526935550789,23,186.78490373292072,3,16.22936700394434,0,0,0.9583814,1
77.00261006178339,1,443.4022419577532,3,7.187831133641028,1,1,0.9870271,1
107.2215489873752,20,91.6749241835814,0,2.593541779141765,1,0,0.027889235,0
22.113352508934607,16,166.96157994581216,0,4.902836479975331,1,0,0.018482776,0
39.66771979527946,12,359.13385403996773,2,3.0087195349267173,1,0,0.046209436,0
7.240907335238788,13,177.63007191796183,4,41.8608568607945,1,0,0.027694745,0
3.9750578133463375,2,242.08894309746256,0,30.11374188713555,1,0,0.012124361,0
15.316544973366272,12,320.33300974527265,1,42.84723988222267,1,0,0.0060644075,0
18.694904023308027,7,500.2957836823632,4,5.862815252934697,0,0,0.5341871,0
7.70562310314872,16,277.8662201470881,2,25.36559007944852,1,0,0.009938389,0
6.149892203846132,21,94.03920851325351,2,3.124631955103634,0,0,0.053567387,0
61.76299698020082,8,258.06582274195983,4,11.008891175578729,1,0,0.10727969,0
16.251608023535933,16,897.8920465044341,2,6.702040772731943,0,0,0.03356149,0
6.76538774146655,15,255.6125900930993,1,8.883573363950031,1,0,0.017087616,0
366.8288590002302,8,249.20160080788887,1,21.11315124290621,1,0,0.06005092,0
42.90323589229444,21,401.5759903306881,5,2.5748389064532358,1,0,0.03529584,0
26.288419377926637,3,1308.3052170811625,2,5.9273295235728325,0,0,0.15191333,0
70.90769328452657,13,429.771961719956,1,58.02703499875517,1,0,0.010186722,0
16.887352962958204,18,489.26962813674527,5,3.4662375437289543,0,0,0.29046687,0
175.42523305608847,12,1209.7513748010072,1,30.348301957074984,1,0,0.06152618,0
7.748149893266754,14,428.1741089995051,1,7.967970704237505,1,0,0.021725804,0
9.759181446940758,14,757.5021385380411,2,65.9118544894206,0,0,0.030093003,0
31.30344231660636,4,632.2739468007718,4,7.844793162039796,1,1,0.9639484,1
16.72122066446009,4,409.7488667871196,1,12.167778115347115,1,0,0.052963488,0
146.25285199032837,19,267.6381512215868,3,26.597301598465915,0,1,0.9709216,1
7.239324750251402,8,1221.3679201229284,2,10.447961375305995,1,0,0.10014231,0
17.253754116027253,17,703.5890574094703,3,10.98933004773123,1,0,0.032198284,0
45.29986264036458,17,1265.5436558187978,4,15.656687061497754,1,0,0.06065385,0
62.54381451719682,22,214.2171801803614,3,16.70775259076199,1,0,0.026409145,0
96.86666818282544,13,284.93853629234945,3,6.107865489234296,0,1,0.9169929,1
50.17524162507984,11,76.067348415624,1,14.888193355446358,1,0,0.03785553,0
320.32675815942844,2,892.3344834399751,2,19.810454276859268,1,0,0.1340621,0
22.172413381669024,14,79.3503413834586,1,82.64863188666695,1,0,0.0025808476,0
42.33322679525338,20,205.3284756334685,1,1.7807826920250576,1,0,0.022863394,0
83.3916223130324,20,1049.742650238828,0,8.23189383025993,0,0,0.11557859,0
25.891886917763934,9,401.1103449457048,2,57.0263010460086,1,0,0.0100236535,0
26.47017285314765,19,1098.8503264638507,3,2.341897007060906,0,0,0.074329935,0
22.300209900170813,5,136.79020922200743,1,1.4384163263464669,0,0,0.03020272,0
18.628393956994103,14,139.54039705709087,2,0.6152938463959259,1,0,0.04415856,0
11.478414983634568,3,876.2337823010574,2,77.68187529781159,1,0,0.028570382,0
20.327516661050907,23,358.21950740532253,3,1.5037741003694172,1,0,0.018249027,0
7.539964569313978,22,568.6996796186797,3,12.812014299663774,1,0,0.012855164,0
51.51252015995256,6,378.6595171465072,4,22.42006116477807,0,0,0.8316144,0
7.210716638490317,17,187.66135501716087,0,28.611341028145787,0,0,0.0057317573,0
275.6761845380065,15,429.2733064659923,2,32.08663638369868,1,0,0.04293551,0
191.50699919523336,7,826.6381472939321,1,23.59728684785809,1,0,0.042827304,0
105.7820745820602,13,121.78686997121086,1,0.504619709097869,1,0,0.051152978,0
28.470550218248512,4,562.5691832457555,2,1.304427582842502,1,0,0.1210895,0
19.56470255500237,22,845.5252427941087,1,19.3641636441897,1,0,0.010426452,0
118.86141312097648,20,601.2297703283251,1,7.054298072870873,1,0,0.019790538,0
42.00695166534463,0,430.6131434316769,0,5.50546820881466,0,0,0.041496847,0
61.21710128934199,3,83.8255729047463,3,22.371878812974128,1,1,0.99372166,1
17.0993011159466,1,577.5780563614031,2,51.34538085179811,1,0,0.063252375,0
101.30565898946293,12,416.82016263925146,2,2.997101241229504,0,0,0.115634784,0
15.776064580704704,9,114.6073286069947,2,0.5896269009836221,0,0,0.050605364,0
38.90932504434102,16,632.6874952381747,3,19.24336270082428,1,0,0.03958993,0
6.2353542217606535,15,465.4042084160286,1,9.406438121698228,1,0,0.019267695,0
18.192127593002805,22,488.030946494576,3,1.944016849726908,0,0,0.35926846,0
57.53801758977866,15,92.0532080531144,3,40.07176418890788,1,0,0.038072508,0
22.288581751560383,16,818.0449329458988,1,0.8902721972044225,1,0,0.033632338,0
22.35990019248345,15,707.5995308535245,1,4.326004433887929,1,0,0.035800442,0
76.53765712516686,2,392.376741072528,0,14.079865245704324,1,0,0.030699283,0
32.41468273202518,1,229.84838895684624,2,6.257102076112776,0,0,0.19521002,0
120.08210688144948,12,684.0185635570161,1,2.237684080611208,1,0,0.038585957,0
3.1371069078146827,1,144.97174194777006,3,5.214611361836905,1,1,0.99786747,1
61.34056231689578,21,667.7221061324278,3,44.16798337937831,1,0,0.0140844025,0
57.68652035358007,4,202.57041974854224,1,18.419457075011337,0,0,0.05568372,0
7.475560058656607,6,836.1038690453871,2,8.16175274425383,1,0,0.099084154,0
9.54808950927108,13,235.29757014739792,1,28.30874763217096,0,0,0.008817424,0
83.41723236370896,2,246.66541180251252,4,6.391403925312601,1,1,0.99636734,1
12.01336773828764,15,400.4315299481815,2,7.914654607224196,1,0,0.023849582,0
18.44477768271776,1,801.5404865950605,3,22.079907130323857,1,1,0.9759616,1
63.07428801071693,14,33.56930496290852,5,18.689843490838648,1,0,0.1240884,0
24.968150917276844,20,1098.4062142377002,3,17.786788529472783,0,0,0.053786963,0
55.87461650915312,19,781.6923793494722,3,7.939636852348495,1,0,0.032325286,0
14.635251486200106,22,141.81981890568107,7,9.89341052125494,1,0,0.033473115,0
46.69314815000292,18,155.75960138300894,2,8.389863650686772,1,0,0.035681486,0
102.05623658195884,11,557.5936895188536,1,8.245007325578255,1,0,0.043170292,0
48.00401718713132,7,70.6081535922707,4,33.872082054850694,1,0,0.6633234,0
3.903802760181076,7,431.9136881083742,3,4.755097931000882,0,0,0.46232158,0
66.41195420554232,9,865.6535171196439,5,16.57149030963289,1,0,0.12114599,0
36.78397886091423,9,560.7597775962101,4,15.319808081428716,1,0,0.09094001,0
14.083233911533569,9,189.2395802453916,2,7.144571553929767,1,0,0.039368615,0
138.95684942375692,4,460.4944086982328,3,30.12697324020398,1,0,0.87591535,1
6.113803687065388,1,299.0081349383808,2,10.405708412728588,1,0,0.17007867,0
224.34365608155008,10,690.9698276542099,2,24.00124188301297,0,0,0.78367615,0
18.478631958159788,15,857.9533416459263,0,6.754764225720346,1,0,0.023366619,0
166.34240023301732,11,267.80554080631833,3,2.2337569138315523,0,1,0.89818627,1
33.189048563979306,11,823.634885002469,3,11.673650933099248,0,0,0.14845341,0
9.222841278584957,12,426.6536139992568,4,20.821268420904804,1,0,0.04444099,0
38.12900713950581,2,389.667685943301,4,16.809264673713535,1,0,0.9960769,1
48.262601306619175,2,180.4766404678756,1,6.224786792062566,1,0,0.06834377,0
59.48101320429388,18,218.417910852794,2,0.2962296476606076,1,0,0.03489466,0
99.7424178294416,23,192.59403137391325,1,8.214151830555968,0,0,0.15307194,0
14.192433819626231,15,788.2882150242677,2,8.374412040156956,1,0,0.034595314,0
56.61177455768725,15,446.3884451081641,1,9.987311450165336,1,0,0.032424115,0
72.20889996611476,19,388.2763036068933,1,6.132804481023335,0,0,0.07399235,0
26.45058883270515,13,425.2963961191515,3,55.85278432758323,1,0,0.013630333,0
13.645663434296168,16,708.7100266153424,2,20.62602287055503,1,0,0.020162618,0
13.377774193259588,19,1240.399178155635,2,1.6010769185479063,1,0,0.03358165,0
73.11145876678123,22,867.9568455470488,1,38.83352153184552,1,0,0.009917148,0
76.80206902854957,1,593.3161819514909,2,27.61918695292121,1,0,0.1051286,0
15.179728727656167,23,503.93197583288304,2,19.588992984045813,1,0,0.007470105,0
9.136617823677163,14,801.9145014578436,4,21.337896576909785,1,0,0.05524214,0
118.9629666274706,23,372.1574858149941,2,6.796119725293858,1,0,0.016515734,0
7.3781733006722945,8,667.9961592688082,5,34.79355857115869,1,0,0.113690786,0
40.60230539371968,8,302.8631510594845,1,12.50380455983619,1,0,0.035734307,0
15.53268616062981,15,254.76483463825744,2,23.296256058839763,1,0,0.013154631,0
6.033047966263838,12,891.810648750831,1,11.852651240826315,0,0,0.013746858,0
39.1861507069341,22,562.9059872776564,2,16.48692555385901,1,0,0.01309201,0
28.653124203341445,3,509.9391407003391,1,31.35604355343921,0,0,0.035610184,0
145.11026268897953,1,115.35421490180282,2,16.350565338542523,0,0,0.68592066,0
332.3018614479025,2,206.84154028312335,3,11.356169610377888,1,1,0.9519758,1
28.70783635902464,4,298.4678280625319,1,6.927305796156572,1,0,0.056981742,0
96.07779367333777,4,414.6890433601132,2,33.93646510553841,1,0,0.06571339,0
97.95658018802516,8,246.84485088512704,0,3.927493795539484,1,0,0.028813642,0
20.561085038836666,19,573.3105726455569,2,46.38334411165525,1,0,0.0067570633,0
14.606325741633716,12,247.9225140986466,1,81.49460475925625,0,0,0.020991705,0
171.94459992240763,12,352.02269434693994,2,4.733410141619711,1,0,0.035585664,0
24.0619065477513,19,142.5330207017236,3,4.3413951873041805,0,1,0.9772943,1
33.735930455648806,1,661.0324925612268,3,15.30370099122777,1,1,0.9839469,1
25.90365603994778,17,266.9410520231591,1,23.661814994582585,1,0,0.010019311,0
30.31032466110774,21,794.7421535054797,4,7.38665852351756,1,0,0.029952869,0
18.970628300001923,13,711.8521423731316,3,37.60423302361263,1,0,0.030380514,0
72.89960187143024,4,220.46794928612616,6,2.045050347600234,1,1,0.94781864,1
120.77433036128592,4,269.92186688921447,1,80.62762545031518,1,0,0.06157946,0
23.869280746786234,12,710.3664258113863,0,20.532970352978516,1,0,0.016708871,0
8.761948766850901,12,191.239678515731,3,18.65619077133355,0,1,0.88791734,1
36.39193957636128,19,451.989830249712,1,2.6855875876210864,1,0,0.019358266,0
7.874498070464113,10,366.7108039361246,2,9.592636840758768,1,0,0.030244661,0
18.310844350727667,3,134.7266232730308,3,6.211655709889773,0,1,0.99734443,1
117.76306055419298,2,293.55320340323175,4,3.088450983908711,1,1,0.9939049,1
348.5735632086694,7,92.39577865637752,0,16.63378506098939,1,0,0.049990047,0
50.30876053257381,21,66.05000183128196,2,7.170514533027873,1,0,0.03586789,0
11.987500613208132,4,572.1615094610247,2,6.598121271759999,1,0,0.13101979,0
75.20475569291851,20,90.5420681821154,0,0.6148557774733779,0,0,0.06684989,0
3.70002975508467,12,255.19719483795265,3,42.75557090595927,1,0,0.015335633,0
17.33346142501623,14,536.6625685863131,1,11.112461482885768,1,0,0.026362242,0
157.57324650892994,17,411.49967532891935,0,0.213764272848789,0,0,0.20101757,0
72.63398069918698,5,741.8931624101565,0,12.372131497605787,1,0,0.026295956,0
8.760520727907695,7,541.3413591578442,1,3.992435855077886,1,0,0.04543791,0
6.610996764385252,13,786.0175370375389,3,97.9681322125328,1,0,0.0063797487,0
81.04033873949172,17,36.0114600273663,1,4.312135683317924,1,0,0.0483866,0
33.002197280681266,7,140.6290903725639,0,10.571599506614689,1,0,0.016109848,0
19.16868343594083,5,1103.321414069974,0,12.886325502291418,1,0,0.028349504,0
52.15919373242863,15,616.5100012445511,3,6.659430401061456,1,0,0.049181055,0
19.54226578668551,3,216.63210929339672,4,14.3011440099927,1,1,0.99625266,1
5.112325903403146,0,1376.265211271869,4,15.337161072227344,0,0,0.98605436,1
77.36287098328727,10,509.7097482046179,2,29.2202533396786,1,0,0.033769358,0
18.15771545957576,14,278.9598000383253,3,8.780100201019781,0,1,0.8626267,0
12.752824273284348,7,375.46545163340335,4,8.728740648233932,0,0,0.76791644,0
9.179783139459577,13,567.3871677527211,3,5.647836246560372,1,0,0.045294695,0
44.37480726403223,6,142.1494671560034,0,9.828369278084306,1,0,0.021656984,0
15.534478846759518,22,614.6593313040464,1,13.253236214343852,1,0,0.010028803,0
64.39890372105818,13,119.62848204047332,4,74.25288967585931,0,1,0.9974154,1
26.521077744998703,13,114.5819459404374,1,1.7045313649883915,0,0,0.029263074,0
101.42645500564475,21,952.5466212575031,6,0.0152845337373404,0,0,0.06531418,0
23.559620253487555,18,413.097056922916,1,60.18320802823949,1,0,0.0029530749,0
18.055923874258127,15,151.97905778596697,7,8.584297789785294,1,0,0.028834451,0
4.876183412203905,5,185.19689279847137,2,2.1229432184788903,0,0,0.053057987,0
11.598485028302395,21,156.47312694833872,1,2.213111611316876,1,0,0.016554536,0
70.8624621815155,13,612.1247759632251,4,3.3693886828938,1,0,0.0703152,0
723.5877383906206,11,341.4471299811937,1,24.628139988177495,1,0,0.023052212,0
9.96175117797556,7,1071.8070649733845,3,8.947483707767898,0,0,0.14470638,0
12.326847028337,8,661.2525666656663,1,32.969996002020245,1,0,0.016079584,0
48.44742406841534,23,710.09879086877,0,5.518700262019731,1,0,0.012433126,0
55.65880533531151,9,164.17932428444408,1,30.40512379330058,1,0,0.020274907,0
17.650107231057124,22,729.1329240718787,5,8.175133104130692,0,0,0.045094263,0
37.44106840436495,23,697.4800519407409,2,16.362078157561516,1,0,0.01281559,0
6.993301124905885,5,461.57149703267015,4,26.67819528455457,0,0,0.83629996,0
25.74384212654381,13,216.73331130454807,2,17.481953842732633,1,0,0.02231511,0
84.84436060968945,14,447.68000066706986,3,17.1181600926005,0,0,0.6250653,0
176.02690189050216,20,185.678564364708,1,20.68758890915492,1,0,0.029637937,0
29.31269528312781,1,1011.919794713573,1,4.094867346850298,0,0,0.09643852,0
26.75933601473126,4,441.7776746007804,2,33.795588969881365,0,0,0.04637444,0
54.330300558193,13,358.73119208756725,0,2.333054553563509,1,0,0.026401037,0
104.20696468400998,21,151.3601290199729,3,12.98449165660174,1,0,0.037742283,0
56.24791041488355,23,471.4728398709981,2,5.10041438716587,1,0,0.013641967,0
16.413773600884543,16,1196.9704416491963,2,1.2200321589402825,1,0,0.045322966,0
49.399566609019175,3,1002.3400124083691,0,34.81714883774155,0,0,0.29792663,0
90.75309697107458,5,699.1811539330478,2,2.479592291373512,1,0,0.06598631,0
17.0503427423449,17,175.45587459717044,1,15.093936247756822,0,0,0.017046291,0
9.172595282253043,17,341.71855346134566,2,7.28210256273169,1,0,0.019535938,0
57.52068170427997,12,114.56739121177796,3,6.423361292324888,0,0,0.98596615,1
49.89827837253065,12,658.7633808785034,3,28.2074381326235,1,0,0.053550415,0
90.68609237353996,23,443.88834310296926,1,0.4780517039585394,1,0,0.014416355,0
37.87160766161461,8,356.937107720174,3,6.067399771339404,1,0,0.10217758,0
18.26606239991403,9,110.12234169407374,4,1.0093907961044883,1,0,0.17011335,0
22.45564280572462,18,587.5736518919779,3,11.40095631766086,1,0,0.028709292,0
12.466479570740365,19,872.5264530582489,2,27.494515031808614,1,0,0.013612523,0
13.529595138054445,19,488.0365314950045,1,54.10464224863562,0,0,0.01138428,0
19.85865332430098,14,51.53724227610569,1,4.343988011497899,1,0,0.036035646,0
21.461625647762308,12,269.73552741250734,2,3.935319013118757,1,0,0.03832852,0
105.20205602872926,19,235.5736871109827,0,44.6911085018091,1,0,0.011393483,0
10.250872077170488,4,177.99175427394974,3,7.712872736705668,1,1,0.9793189,1
33.12922633822019,20,219.99665603161355,2,4.421515122491851,1,0,0.023699747,0
19.34104870393604,19,585.9385856360924,3,5.608416663197497,0,0,0.17366835,0
152.74002093521767,15,554.253391787204,3,11.88211338359011,0,0,0.6090833,0
45.13496762813094,22,219.94775909477795,3,0.130897412393954,0,1,0.9534932,1
23.9941401582354,8,829.3566852854776,2,13.82097888051095,1,0,0.07053076,0
78.24858098042542,13,168.5253192304556,3,17.381211813010896,0,1,0.97497547,1
37.19473014967264,14,503.1590482614093,1,1.8520604372576548,1,0,0.03850095,0
21.68710146432967,7,324.8204121851925,0,0.004896695988849,1,0,0.025705699,0
160.31793703917467,18,72.6396343957406,2,5.736061695253454,1,0,0.0444566,0
70.64512582501797,19,336.1837871723254,2,18.5997543737531,1,0,0.0200897,0
194.61997715085505,19,212.17649480818747,1,17.930417659021558,1,0,0.02974922,0
110.15754743060177,21,457.5745685749246,3,18.866144977023755,1,0,0.021469818,0
75.38866366194071,15,235.3193917399823,0,5.8318625352860805,0,0,0.05656504,0
39.78385656910111,14,173.0997604373092,1,46.86926911842204,1,0,0.008688659,0
11.86762398138146,10,171.75504151155113,1,42.67380330018697,1,0,0.0055534183,0
70.67413892289693,12,433.7825894963456,4,11.086100581940237,0,0,0.6087963,0
37.53055579165502,2,794.1368992242925,2,7.2185004556055805,1,0,0.11089633,0
68.383619989021,16,225.41799661215487,2,1.1038419774484962,0,0,0.11867518,0
34.662394425172394,2,262.56309164869214,2,11.707199641714936,1,0,0.15793058,0
17.60731088569476,10,38.27234134817719,3,15.582109750729682,0,1,0.9888319,1
12.859487243189031,15,329.09684717393026,0,42.01930814728526,1,0,0.0036434033,0
70.11347061417382,12,486.88251922734287,2,8.013131445790936,0,0,0.07434832,0
126.40279193287792,9,405.07277140745066,3,10.56114371937909,1,0,0.069285735,0
26.2873592633664,22,818.1390832570739,1,8.624427654265643,1,0,0.014823728,0
54.99780681797108,16,527.8643559144105,1,7.225426602696842,1,0,0.03173367,0
138.53804363264746,10,116.96090101877203,2,2.277181082754458,1,0,0.06562324,0
15.279272691825296,12,698.0849269872818,3,9.929812135768692,0,0,0.15314609,0
24.97906263044437,8,51.8907669496807,0,10.53378608185596,1,0,0.013464588,0
11.518582295948631,9,267.9910296966919,2,34.532690532395605,0,0,0.018733064,0
113.12716672953306,7,328.93290834184086,1,9.50552576305104,1,0,0.044991553,0
45.49852639302781,4,512.6179936233656,1,26.314135164039847,1,0,0.03443815,0
22.163481262335257,6,125.46554400129492,3,87.21177694402341,1,0,0.7963519,0
6.767831123515206,20,428.86191491557145,2,5.000482112557832,1,0,0.014102769,0
29.344555316253985,23,364.7278371936646,1,50.38459679541924,1,0,0.003316288,0
94.5742065006084,6,411.2231243551782,1,1.0083633713982405,1,0,0.042343877,0
26.169650469877286,21,424.2741287050606,2,40.17132617172234,1,0,0.006404364,0
23.035638169194872,15,257.4177911383567,3,23.717243621710647,1,0,0.024178134,0
66.39019779653245,21,716.0551126107679,3,14.620904366661383,1,0,0.024627803,0
10.322622072517422,2,629.0436008355389,5,20.460899009262008,1,1,0.9934995,1
37.01168002928716,0,836.7784714689011,1,5.986869920793483,1,0,0.055578955,0
63.67639255861378,23,450.3816639030096,1,30.47371167452921,1,0,0.0074328566,0
16.210217175524377,16,264.82229807203674,3,28.881374127768467,1,0,0.017233633,0
15.431946297193296,3,519.6470994841446,1,5.284595909394204,1,0,0.065444864,0
44.99007611972142,8,388.17334322963296,0,5.145401733812136,1,0,0.025790824,0
31.872625315601763,12,119.80317009093692,3,29.23435532819459,1,0,0.04537638,0
27.838711699730474,1,436.7889751045124,3,56.789306457744026,0,1,0.9699649,1
43.23632034108508,19,393.64308610765374,3,4.814742481880514,1,0,0.025517397,0
43.904380437538414,0,1311.0797054588236,5,67.2526812086975,1,1,0.99492824,1
14.043923871175531,5,667.4009656581825,0,63.15769406964173,1,1,0.00639365,0
18.166983043247345,8,140.6264438803406,1,40.58898644310981,0,0,0.013129214,0
55.00330845362245,15,358.3761170391076,3,6.513086908223229,1,0,0.040779587,0
107.27389741045644,3,161.6341185983081,2,23.136992113276328,1,0,0.15045194,0
135.17291052101118,9,146.695267497536,2,4.067326984950618,0,0,0.26894477,0
15.208664653786125,14,254.9542081797228,1,0.3230882980225332,1,0,0.03147814,0
104.47606134163226,23,1359.6172360775,2,45.58616772100972,0,1,0.8849238,1
74.8836855701542,9,229.8620983254684,2,90.46985089916951,1,0,0.02235851,0
34.24097928416049,3,344.0851924201448,0,4.001867818049137,1,0,0.02988697,0
57.29790370562791,2,161.93665686560402,3,20.72664555958428,0,1,0.9953318,1
80.430028286504,4,238.66433973504775,4,2.882960860931613,0,1,0.9936958,1
208.13258622771443,9,238.9917698499088,0,1.0103764296590627,1,0,0.028134968,0
12.401894824557203,13,684.9064532679915,1,10.725427473430686,0,0,0.01253617,0
64.15752079059612,13,92.19894754869956,1,10.622718993858188,1,1,0.047000382,0
30.777905305529124,16,819.0444316333022,1,43.429809773570696,1,0,0.01216028,0
28.800514985175926,18,164.06079829117309,2,33.599711096641435,1,0,0.011706992,0
110.33725469696395,13,244.42403238334103,4,13.0893649953516,1,0,0.0710465,0
79.65803811819882,1,381.8930237798113,2,15.669960528215892,1,0,0.1301763,0
12.932069394784545,4,78.80139364893586,5,21.88986706625563,1,1,0.9893723,1
26.728295106507638,20,484.3442991347357,5,24.878395700248127,1,0,0.023736581,0
44.36275294604437,11,279.6483822036776,2,2.120761047675328,1,0,0.05017327,0
8.726895701116455,13,1294.048225107002,3,52.572954934797416,1,0,0.047355726,0
83.38965074762336,1,374.2799491083828,1,1.474954288270373,1,0,0.056798946,0
32.89039943925869,23,202.11437091393256,3,15.371248533016294,1,0,0.021675734,0
41.62313559949588,16,371.0478736756287,2,4.733624423452726,0,0,0.059913795,0
49.41911040918737,8,964.9032897959838,2,5.324794135040415,1,0,0.073251866,0
212.38737720198577,7,1049.200277430439,2,2.854846692241605,0,0,0.15945044,0
36.7567863527612,1,332.3154274075061,3,16.18942151825425,0,1,0.9886326,1
24.88844240562488,23,932.0466519005424,1,14.402787542299178,1,0,0.012327063,0
198.59114877977237,22,575.852447746213,1,42.204287501344304,0,1,0.96895885,1
21.58140303986718,9,154.713487410208,1,52.87649903861187,0,0,0.020482667,0
21.093187764692534,21,181.1193459092872,2,4.318467595628522,1,0,0.020620199,0
8.982649845387929,1,718.2421694434028,0,30.02889177493622,1,0,0.024965353,0
103.484394347655,14,776.106942868061,3,24.885463357743298,1,0,0.046120707,0
46.46011576027918,0,505.9984403799273,1,9.669009730882372,1,0,0.0632534,0
56.59634932941148,22,934.896758150214,0,11.953372067091427,1,0,0.016876902,0
41.844168389273385,7,484.3390740602524,1,2.603890141645247,0,0,0.024412032,0
31.05877599879534,20,15.04290755745067,2,0.4524191189208358,1,0,0.04434574,0
16.32527643159844,6,90.18677789329132,1,6.995921067518195,1,0,0.041433427,0
16.401592243527542,0,318.4928830584205,1,35.28717038579998,1,0,0.04655519,0
54.47507861303515,22,605.329810776888,4,13.0469637860571,0,0,0.1668606,0
40.16227385632824,11,159.9411780206777,3,1.315199684436074,1,0,0.0742247,0
178.60287463102878,18,405.36082860570696,1,60.41985475544641,1,0,0.023205813,0
16.75491994685025,13,37.961312409243455,0,44.76355266441121,1,0,0.003491833,0
21.95317408242238,8,149.9744872480682,4,29.63503291184169,1,0,0.14024425,0
12.9516974197164,3,467.8722079481325,2,27.8968169527244,0,0,0.051406465,0
139.06688255852748,6,45.2826033052486,1,12.9028031940709,1,0,0.06288408,0
10.5026480966916,6,79.40574602577311,3,5.559471587457015,1,0,0.7472357,0
76.31654465624216,1,335.2130534351997,4,26.337821608683527,1,1,0.99762756,1
147.58689330406867,1,878.4362428094807,1,49.29725254879731,1,0,0.108953424,0
30.972168408397327,2,558.4426069445924,1,5.2105256382681295,0,0,0.05378148,0
72.89456927837402,5,989.3714550617982,4,8.460181773333932,1,1,0.79497576,0
4.339682075873809,17,336.632025190382,1,13.275624615421709,1,0,0.011162231,0
24.28478687878866,16,816.4753346034283,3,33.97665805314105,0,0,0.08050697,0
6.903989769884522,1,896.3855338178458,1,6.1457172492253225,1,0,0.061947614,0
42.20260514985488,23,234.11525615809464,0,17.890931257279583,1,0,0.008539082,0
35.92830487374526,18,319.5172234495599,0,9.839565701289516,1,0,0.0146273635,0
16.647626443718824,23,925.3141819504616,3,9.359742675980398,1,0,0.017525954,0
90.65627697061976,9,333.8820508192942,1,15.136739594136111,0,0,0.19466594,0
50.63064260831457,18,412.90659077880383,2,11.107077489940147,1,0,0.02274311,0
21.23677560061972,16,1096.9453247951851,1,2.293030349717852,0,0,0.023659024,0
21.462742505488382,21,239.5453721924976,4,141.84779881390978,1,0,0.0025983364,0
8.329817394069048,14,1188.757358497784,3,14.692753994687076,1,0,0.06176756,0
29.668020671994007,10,236.93450943262445,2,14.25725781935276,1,0,0.033895846,0
289.70754849893666,2,140.308612892294,3,1.118520677220198,1,1,0.90183806,1
17.656598832892833,13,487.62213956030473,4,0.6886969564557803,1,0,0.05591667,0
54.0482420784964,18,94.55337918423808,2,49.42631514134236,1,0,0.011549339,0
20.73274919039552,21,425.9015055457788,4,15.71804353000194,1,0,0.023871064,0
78.92820016016798,21,241.43456877091512,2,41.3192672340186,0,0,0.5210921,0
55.09890485252835,0,435.4430065603208,3,6.283242927526431,1,0,0.9953204,1
28.326146064499557,2,841.5081963686189,2,1.0858460661174782,1,0,0.10903263,0
6.121034218010211,6,401.8112171396404,5,7.952478924326114,1,0,0.5935921,0
21.46744417756577,23,63.339567383815,1,8.377607041391157,1,0,0.01580677,0
116.83910371087492,4,329.459105125582,5,11.871045295571784,0,1,0.98315597,1
28.03694419915426,19,482.1233048104145,2,7.347286220795599,1,0,0.019486459,0
66.45226294060532,23,263.63664090254537,1,21.11872208210431,1,0,0.011284786,0
22.196406249860672,14,382.1685065615104,3,10.331583955066812,1,0,0.038961273,0
5.641644859391921,15,984.3046128805164,3,15.626122321018048,0,0,0.063250534,0
54.401865729298684,16,258.6270078826323,2,23.889905953325187,0,0,0.10486842,0
48.97921951706422,9,297.8875032086224,1,8.982251619819342,1,0,0.040452924,0
20.15300240609323,1,557.9711840617219,2,24.70145719488931,1,0,0.11527146,0
24.75256365078019,10,291.7500095137753,1,0.4925801178288711,1,0,0.04032356,0
47.55121118482083,5,574.3955728642137,0,34.39451734421551,1,0,0.015987445,0
19.879232830155736,23,373.1101962268266,3,16.22434934709505,1,0,0.012425388,0
50.27224106832868,21,343.02998616706714,0,1.550037160039897,1,0,0.013717847,0
29.20711213145411,17,237.27865500032783,2,15.691996113757874,1,0,0.01963051,0
3.4749669285716647,20,648.9947571857257,3,18.92034975565038,1,0,0.015685227,0
30.97930243884448,19,756.0731231633519,1,39.30746765086452,1,0,0.009930153,0
19.803624313631666,5,382.0222086515599,1,25.494664352003756,0,0,0.012924657,0
15.624222561614388,11,83.81503031520901,2,16.801105737964818,1,0,0.02827149,0
53.19393991147084,13,788.4168834193713,1,6.286472349427311,0,0,0.0418887,0
22.052766575193942,23,454.1879199936464,2,46.632974177999536,1,0,0.0041414145,0
60.94060968170082,8,175.96392072215158,0,0.0838474236409404,1,0,0.026170999,0
105.34701391570717,6,246.7442588236032,3,21.340725795302728,1,0,0.7655883,0
41.18940180571899,4,96.8060359650032,0,0.4240894329679837,1,0,0.031154227,0
7.742628769856406,5,257.9709781757431,3,11.401611184725928,1,1,0.91511375,1
17.356196998669468,18,247.48784347562875,4,4.326540885718818,1,0,0.059441455,0
88.18668821744666,12,329.6681809387292,0,1.8040550027011968,0,0,0.07944996,0
27.70770952318806,16,100.16813872507451,1,2.495925878136807,1,0,0.03488754,0
16.11786940133203,21,206.400541581274,1,10.573058963383144,1,0,0.0124486275,0
32.738748146594624,1,563.4018258044304,2,12.752011282921911,0,0,0.17735305,0
58.86748870754063,13,271.48588201894466,3,56.36474091458971,0,1,0.94168395,1
46.25185475285194,16,177.95003606893673,2,20.02276394389437,1,0,0.02665943,0
67.79212169234188,10,222.46005371497156,1,4.039256339966235,0,0,0.059087086,0
15.849054094947912,0,359.57765065843347,1,21.915846913666385,1,0,0.06712196,0
27.30395294300724,14,1077.97892827134,3,9.162490338613413,1,0,0.063888945,0
27.927002731873877,2,625.1333335061572,2,4.438434140071685,0,0,0.17021653,0
35.066425093509125,5,177.00171940168457,5,15.18537063272843,1,1,0.8949034,1
4.51573853594449,9,471.39840556809617,1,33.956296528009084,1,0,0.0101816645,0
28.373832455097677,9,91.44835287541304,0,6.808354895778424,1,0,0.016256081,0
9.518429361740589,0,393.1531066852508,2,1.649487050428832,0,0,0.16517086,0
141.65626695225762,21,1051.5159124109466,2,7.335116288097331,1,0,0.016731966,0
166.95959470394453,12,469.3060961395547,3,16.302024495074047,0,0,0.783944,0
188.8980970578442,5,118.77231070888816,1,22.46143521584378,0,0,0.9055029,1
79.87313156885412,16,422.6593047844823,2,11.112351743423634,0,0,0.099615194,0
22.200322288248547,22,887.7271583186674,3,19.775204676864963,0,0,0.06037207,0
92.6401635568517,6,182.02332398826988,2,15.092389491174426,1,0,0.08616349,0
29.434687040708194,13,247.7378255211755,5,0.4612589784190533,1,0,0.053587634,0
65.70504548103835,16,701.8016225030657,2,8.972652225128254,1,0,0.03642384,0
14.71495224832071,23,255.0474203756362,3,3.999916392394652,1,0,0.021079026,0
20.095535228827814,1,367.3167829638402,5,9.88422720488641,0,1,0.99688065,1
56.8766206992034,11,290.30561465157643,1,1.063934655764812,1,0,0.041937545,0
207.16727363089916,2,1043.1912485738649,2,0.495203568533532,1,0,0.036649603,0
35.05597419188453,6,729.7748276577884,1,8.873031846366416,1,0,0.044269852,0
333.51528411320976,11,674.5789384521373,3,5.601405978630633,1,0,0.048983406,0
547.9478762832471,10,529.7933764115842,1,5.625612868365732,1,0,0.013358264,0
10.122807095997736,0,359.05313554975305,2,6.608127705037009,1,0,0.16035827,0
34.99885974347943,8,245.3156115722496,0,3.223306614555528,0,0,0.011737706,0
14.032691727773685,18,404.7218972831041,3,1.0626934229920493,0,0,0.61400145,0
31.34730781330331,13,73.18657445376309,1,0.3081899042530342,1,0,0.047924884,0
21.21490258659449,21,102.31339789944462,2,0.4532313211483472,1,0,0.027953155,0
33.67258792699735,19,779.5204997038661,2,35.028256397333124,1,0,0.0154693695,0
93.37671801933864,0,358.8360559347215,3,44.405380722508966,1,1,0.99485517,1
91.06681135163149,5,383.2684052073385,0,0.3701095631316008,0,0,0.086367965,0
46.54406712027784,19,401.98983566810193,2,1.5918512666088236,0,0,0.07443013,0
36.10320559026185,11,165.8220599132298,1,6.005430556156676,1,0,0.037934072,0
40.48606292868058,13,650.6619656446226,6,0.3959443550603286,1,0,0.032563258,0
40.8318955292832,4,136.44229290310625,4,1.6996112412096147,1,1,0.99274945,1
63.517993161183554,23,642.378517846994,2,17.738048740442114,1,0,0.013039439,0
36.21319187232612,19,394.0502669782781,2,20.695359674853016,1,0,0.01467582,0
59.23181396724488,19,1043.1999667145074,3,46.27295440304988,1,0,0.023733322,0
9.874509231064229,11,687.3454311200175,2,61.19432239108395,0,0,0.028188776,0
78.94006234455725,21,434.53505532766326,1,4.49083154854847,1,0,0.017316721,0
202.81788146766604,20,161.0083108374015,4,6.574926646048482,1,0,0.044345055,0
43.2205088193552,20,502.0212358996926,3,13.314830466012312,1,0,0.022768464,0
8.912279979978342,20,430.4643284694045,3,2.4583860841906544,1,0,0.021522468,0
137.12351322871072,20,172.71651241765792,2,0.2110335856232819,1,0,0.031486865,0
26.041880005757857,17,290.593901791553,2,9.809898719633242,0,0,0.044386994,0
1.877434829650773,18,183.53305555707925,2,36.80205953814347,0,0,0.01737267,0
29.071522306812312,9,1001.318856533491,4,3.6205119575072655,1,0,0.14853568,0
65.6694639238544,21,932.7691755398082,3,42.07924186793421,0,0,0.3298767,0
52.75437298394364,20,739.6217378125126,3,8.529418754948118,0,0,0.14878052,0
123.09346427285844,2,364.12764684303954,4,50.46070884557694,1,1,0.9952518,1
66.7000150762109,22,278.79631327473584,1,80.69484368000596,1,0,0.0029790974,0
40.834557901860265,19,81.07569220357108,1,10.119584587691357,1,0,0.02824801,0
5.11496167492378,3,407.6621420102524,1,5.847169358874159,0,0,0.022439301,0
11.996439366255998,16,283.4262858094946,2,4.212684166376227,1,0,0.025287053,0
43.12214680889506,13,269.6032800879002,1,1.9012608094599244,1,0,0.038136333,0
70.56621306130603,8,946.0036799341212,2,3.895242442320217,0,0,0.08166606,0
13.074691548166332,17,866.4497638508556,0,14.18828693986705,1,0,0.016575012,0
19.717231581329216,10,201.3515955728141,2,42.40747660823931,1,0,0.011760894,0
57.501904034084944,9,1136.2402545149655,3,28.478561905941994,0,0,0.19636457,0
5.461272870488982,2,830.0896241329265,3,61.93682068016107,1,1,0.86435324,0
5.266207251919806,14,404.45048297960426,2,20.088171198827546,0,0,0.016335929,0
28.77431138579396,7,377.4970129545694,0,16.571117439574603,0,0,0.012977982,0
46.366930053174485,7,421.713854402687,2,89.16043818653836,0,0,0.4348675,0
22.49352236468032,17,294.00984627920553,4,30.44496287059449,0,0,0.9052684,1
3.734431639149299,22,124.47413108240204,6,31.263135106584787,1,0,0.032492377,0
36.97217738247018,13,121.57587465611648,0,7.292473035729555,1,0,0.020710023,0
9.70654160176782,22,667.4718309150645,1,30.689701539180223,1,0,0.005653525,0
69.01920730823267,22,307.4122049718489,0,30.63671345323328,1,0,0.008103165,0
32.70314643862762,11,416.9696259189742,3,28.526838828167627,1,0,0.04439888,0
46.94898387069817,6,525.4823179748247,2,23.59476670551076,1,0,0.058458477,0
68.181093073979,21,1223.975491546168,0,22.86859386552227,1,0,0.0224669,0
21.465962370879343,5,890.8313846556406,4,11.358455567385835,0,0,0.6549024,0
81.96226832862315,3,317.0800513245068,3,21.7371805237012,1,1,0.9748058,1
123.73717276529062,17,659.9670776889847,1,6.115178634044288,1,0,0.027873293,0
53.53086449494004,17,640.3112192508447,2,48.50389630544744,1,0,0.011282233,0
134.8040442293973,22,666.4635994665007,4,18.96027983878734,0,0,0.5543841,0
19.44438508566585,0,1538.4950332854355,3,4.378470581503251,1,0,0.97855663,1
89.51948761290072,8,29.81454615800808,2,17.90831861280734,1,0,0.09137555,0
47.19504295489915,12,107.11541207520663,2,0.6937372167369262,0,0,0.10974658,0
13.617310990720384,9,147.54324155181175,1,80.06770172572428,1,0,0.0025675248,0
33.46314276511173,0,859.667883844885,3,17.861051964083536,1,0,0.98622847,1
21.40079170553113,1,228.4810818292671,3,11.078746362589987,0,1,0.9961654,1
20.934516176352457,10,225.68783132200127,1,7.7489285504802385,1,0,0.028826194,0
39.411663473527405,5,375.1294769439429,2,14.646895227358764,0,0,0.059873834,0
103.47918791403892,8,781.9646730902307,5,65.55075708005546,1,0,0.15786365,0
26.416393945781223,21,762.4305546883826,1,1.575915215794797,1,0,0.018342989,0
40.93031988223039,0,166.42286333035244,1,2.5942623026425946,1,0,0.076168224,0
8.458306712929266,23,742.7910530933108,0,8.27730080599373,1,0,0.008623877,0
40.21216650178333,23,1534.6665235844275,1,7.793553702186649,1,0,0.027666997,0
113.3761765627027,11,905.116057463284,1,7.525426398591187,1,0,0.04189875,0
80.68025497007383,3,341.98426733078674,4,3.748887764450245,1,1,0.9886591,1
57.88929316549345,20,61.13284813147868,0,9.8822928726376,1,0,0.020847168,0
21.48295391889515,19,159.47433450652267,2,5.663231556794787,0,0,0.059093393,0
13.78384799394486,5,227.14452855397096,1,12.305105116616662,1,0,0.037092928,0
32.97493226374799,9,279.5595922516184,3,20.30832272643035,1,0,0.059015974,0
9.61915903708109,15,200.9056741672511,2,7.790520679872085,1,0,0.024886785,0
10.664392624361456,23,981.3307803230122,4,14.661404295523976,0,0,0.037985932,0
91.99886416331636,21,569.2418459902364,3,3.343395339049128,0,0,0.3692526,0
14.590214473708857,23,177.0766326392033,3,12.170865972727766,0,1,0.93855685,1
214.2120609293717,8,504.82966978234055,1,9.496842041756723,1,0,0.03069839,0
8.791028475117793,13,359.4446787990619,0,9.36565635701255,0,0,0.0054341597,0
55.39917232389292,15,508.7415968284306,2,65.76795449685285,0,0,0.38414633,0
11.341361813717118,4,451.1649293947327,1,10.828886296267225,0,0,0.017219206,0
43.012334490961805,17,394.1328105268447,2,46.34543078454399,1,0,0.008321034,0
12.917357757630802,8,222.69749298920505,2,16.061290429386258,1,0,0.029574318,0
37.675722044887706,3,759.3634738904339,0,25.86121798845563,1,0,0.023153923,0
30.997531887351915,22,801.010679849385,3,17.354823316424596,1,0,0.019113995,0
23.13845909516384,6,561.5482152835839,2,7.1330120789880365,1,0,0.09524244,0
60.07103844337168,22,432.6463726700511,1,7.552409374749311,1,0,0.013152861,0
161.26427974870435,14,557.3518309566934,0,14.155307625848062,1,0,0.02849845,0
20.146319274930985,8,257.9947083532213,1,20.671261434437877,1,0,0.017883128,0
86.88106926481383,6,469.68389283263616,2,42.80415025932874,1,0,0.037356276,0
39.34361057602893,16,920.6636657631852,0,12.169427780338106,0,0,0.026238933,0
35.119390075201466,3,444.08195007144656,2,0.7201152237189246,0,0,0.1394924,0
317.4879918594312,1,171.17334194539805,6,8.252437013579762,1,1,0.9983821,1
4.215009631260965,3,1329.3987756737768,3,16.239517136388596,1,1,0.9158018,1
18.43465450953982,16,52.39531584886625,5,5.565680338007983,1,0,0.09266685,0
6.020913647091274,18,277.7349639867013,1,50.49761672109149,1,0,0.0024136961,0
26.52210004504234,17,431.93102036714254,2,20.019608315982254,0,0,0.0292755,0
28.832550709485407,11,326.8355699142281,5,2.7251013105760977,1,0,0.04494309,0
1576.8377185768888,4,692.6258188154919,2,6.635418848106359,0,0,0.09607316,0
50.98675219293599,13,826.3751991505482,3,4.2589374743160056,1,0,0.06529329,0
214.1848993422194,23,381.2318920568003,3,48.70220954552593,0,1,0.98627186,1
130.91918027333884,15,50.84772694385104,2,28.43081261819978,1,0,0.046381947,0
23.385987187025226,1,168.23229100978824,3,22.93392761979228,1,1,0.997888,1
58.15231424969731,7,464.0002647944536,3,20.36927684525895,0,0,0.4744237,0
189.00682421798717,8,1578.7208557771276,1,6.167957397506993,1,0,0.031026108,0
42.94963451547927,15,157.27961453533194,2,78.96200374388465,1,0,0.0051776837,0
44.49169198313797,2,287.9830312579988,2,13.705370444778454,0,0,0.19258687,0
59.52808416961358,10,761.6363564492844,2,16.940179906804627,1,0,0.062724285,0
8.150490655970055,22,860.3588172053283,4,25.72014001366936,0,0,0.047513094,0
16.17761751048823,2,624.1082434735525,2,1.6966047106103308,1,0,0.12845479,0
50.48723418145559,14,244.0875713731831,3,14.933868748095872,1,0,0.043942273,0
62.09838104308599,12,381.8196070490564,1,73.64888252682424,0,0,0.42769653,0
14.55483826507639,6,668.9720773740964,1,8.820049063321058,1,0,0.047459994,0
26.25020433607365,11,571.0924867488516,4,27.373168336188066,0,0,0.30485797,0
32.014951739033656,1,932.5018612137168,2,8.090275537293165,1,0,0.10952487,0
31.11690985340088,16,615.7728553905712,4,45.82775237486315,0,0,0.3159473,0
71.85682550850936,4,473.6415883965029,2,14.85014852135061,0,0,0.14622423,0
40.16172613421879,23,757.0479603240684,3,10.32456478972703,0,0,0.08668807,0
42.59583707823365,23,118.0163506564111,1,22.388470204405746,1,0,0.012357173,0
8.891798375379734,1,464.89706945231,3,1.1447346925074329,1,1,0.9950901,1
12.718574073031624,12,298.31777132312044,1,14.058020263949444,1,0,0.017834634,0
49.68040521240466,14,693.8779122532573,1,4.607216136407352,1,0,0.039679036,0
7.436674146952705,21,71.51714419295797,1,7.854004475987759,1,0,0.016676858,0
47.16238000074173,16,153.43730247016808,1,12.799638724851704,0,0,0.04142893,0
18.74566480527989,11,464.2558112479449,4,15.949783547516594,1,0,0.057419308,0
16.131912014037358,11,804.716533608281,0,2.6937788787905927,1,0,0.024384342,0
68.562113514832,9,638.8682682951332,1,39.32525072136332,1,0,0.02287313,0
18.437998892672304,10,330.0301228653487,2,24.74912069677668,1,0,0.022163173,0
15.396847293521098,5,267.4377330013628,3,4.802461577723889,0,1,0.9605764,1
18.45010933466755,17,482.77362133707,3,94.87747702051502,1,0,0.003267603,0
38.1485555492994,14,839.7338117585733,0,14.755036748781103,1,0,0.024963751,0
549.660163213336,12,150.7214700212116,1,28.681420937024296,1,0,0.038495727,0
4.400137875876498,13,584.74721268328,1,22.660514985914222,0,0,0.008228631,0
35.29950031605269,9,498.710845455592,0,145.15497237175092,1,0,0.0025710808,0
28.310038286897612,20,487.0990199571201,4,1.2795497354445642,1,0,0.034120128,0
92.48185208317432,15,307.88234701852747,2,16.233677902180283,1,0,0.034314886,0
24.892292055506555,5,462.37738876251166,2,13.855374909620032,0,0,0.04490378,0
3.094543444670724,14,427.6724225473076,1,1.143026597374299,1,0,0.026677027,0
133.8711725104532,9,667.1631113844301,2,18.331426051179307,0,0,0.47748682,0
12.164138819780284,2,516.2802990913522,1,13.367253626447678,1,0,0.06983371,0
33.8055233467546,8,728.1089125531159,3,22.437561372418124,1,0,0.10888461,0
9.22211483300054,8,225.32962056474696,3,13.273841782427,1,0,0.06613211,0
12.087527830991856,17,659.8074298672243,2,28.124184719131726,1,0,0.014293619,0
21.89119923928017,21,158.58437326741412,3,30.33108219920456,1,0,0.018216472,0
83.93339606843803,9,454.192917917625,1,18.37088303390493,1,0,0.04060527,0
82.70144517030373,3,554.5366192386916,2,67.92910754910568,1,0,0.0712588,0
19.76799101477984,17,638.8242290700498,1,10.614552876553311,0,0,0.015132036,0
58.91085284983316,12,304.6198789283474,2,2.8691042542274,1,0,0.045706954,0
24.70996858277598,0,261.01577486198346,1,15.832720660281302,1,0,0.07239619,0
39.96748564033143,15,492.7360585364572,1,4.211057225602265,1,0,0.034775745,0
41.67879517174584,9,1835.3979074142244,3,16.42480774890346,1,0,0.21066894,0
66.14970331270878,2,97.6693085384434,1,13.019715662302096,0,0,0.07900581,0
19.38481247946813,21,322.6066475300973,1,21.9258542599427,1,0,0.00715112,0
31.3144027587364,4,76.91210489073751,4,10.606546215636492,1,1,0.9953976,1
44.31598606633879,15,234.44738380533084,0,4.429363049712632,1,0,0.022632064,0
39.02809452946664,7,89.85809644468995,0,11.636709708669514,0,0,0.019203516,0
16.156412419924308,9,132.9803949897361,1,1.5288541951045471,1,0,0.036194257,0
197.26524911783685,14,233.88216291026643,2,0.4270024146926288,1,0,0.03296735,0
22.549594520176736,0,256.7924343038372,2,2.514626073938825,0,0,0.18867713,0
75.63152594088062,3,241.35516541412937,0,16.060696303873918,1,0,0.028075512,0
43.62770859432185,4,249.96908374880732,2,7.111153751023434,1,0,0.13744265,0
119.88493053937748,18,1301.536334995238,2,6.368962688135969,1,0,0.03204239,0
4.066783170219838,6,245.03424356004524,4,51.38931128317993,1,0,0.6889406,0
273.20641658600255,16,861.289828849756,1,13.821065723434156,0,0,0.41355437,0
28.80348883970729,18,519.9501215459718,3,56.81295767254986,1,0,0.008429892,0
10.469107582533658,19,462.3963005547152,2,8.900406498756608,1,0,0.0154634435,0
40.45285030146012,14,377.2270024992488,4,0.7220764102644596,1,0,0.059996206,0
335.0812075976731,5,391.1030912626883,1,40.95893569454431,1,1,0.24154009,0
58.79335720118591,5,450.6032032159413,3,9.59887037018509,1,1,0.87288374,0
10.462555344130484,12,220.7003423759429,1,3.876731961039025,1,0,0.028817458,0
22.44990163806165,4,626.358247355768,1,49.546912315259405,1,0,0.01855096,0
134.0058328090214,20,443.8094060498904,2,9.311510852562709,1,0,0.019670727,0
8.810863011636123,14,910.978186316262,1,1.5643601088217816,1,0,0.036194663,0
29.711958738732434,10,673.9443369942594,1,1.4967564773543969,0,0,0.021480333,0
26.52337338170176,4,287.4732347551486,2,15.660886817945018,1,0,0.12447746,0
306.01208529338606,13,356.4676871598951,4,1.2120186993908666,1,0,0.048845783,0
26.58381067805861,10,187.9533290332429,2,19.93280927078186,1,0,0.026610078,0
131.03133152180553,9,408.637629169314,2,18.235446962392476,1,0,0.045398384,0
18.1178413211022,18,303.68232697116565,3,22.20125015371568,0,1,0.78787786,0
15.98578218044877,17,304.2802260352724,4,23.964431426104323,1,0,0.029575255,0
96.32140747973108,14,1887.7762267669764,1,1.132308132034252,1,0,0.04860852,0
65.920565269924,15,636.0485635936026,1,52.4978065291493,1,0,0.010445245,0
6.377129192214134,17,525.786888914474,1,3.2552706505606137,0,0,0.012050736,0
67.03947570315556,18,203.34748051398108,3,24.771635315824604,0,0,0.9657339,1
67.24051649458778,15,854.4097806580911,2,6.912407040853553,0,0,0.07367739,0
19.29081518777072,23,360.22573010413794,3,9.695695382970644,0,1,0.702975,0
44.171195838566064,13,85.16555367286732,1,30.708603066860128,0,0,0.053858064,0
46.36720738839742,18,579.6897659716935,4,16.81672608445449,0,0,0.2456287,0
21.89185292391082,19,562.0200805747884,0,20.34517340937782,1,0,0.009801669,0
19.84432981489197,13,279.8156346470216,1,15.696747491374568,0,0,0.01254798,0
18.21319357678756,10,1514.1515828516754,2,12.277855223810503,0,0,0.041333303,0
27.08063748229012,6,338.2849112814994,1,4.773384661917535,1,0,0.052030005,0
9.469835186674338,2,518.1157294789805,3,27.48894240036984,1,1,0.97403437,1
33.987059774556926,12,1022.9548683781888,2,14.40382034867667,1,0,0.06932288,0
8.031854371369946,15,84.4161093613183,2,25.407641572987597,1,0,0.015377971,0
38.17865342718174,22,352.06679165613406,3,4.94687035853935,1,0,0.020834567,0
32.58054674640699,20,140.38469302174823,3,19.265150986650276,0,0,0.97608167,1
12.668144658115745,23,458.5834884582703,1,9.435869884997576,1,0,0.007842275,0
82.61064313962414,9,310.65513868131865,5,36.672103146588846,1,0,0.09588584,0
242.37820017658703,2,1087.8871123184404,3,17.94124805198049,0,1,0.87903434,1
132.04268169700643,14,583.3950606288246,3,20.448894244304828,1,0,0.03687806,0
9.12123783141992,16,268.3144156112382,1,38.1213170837093,0,0,0.008546827,0
125.4046093760126,17,1080.2710937585225,3,7.418667324292642,1,0,0.030113125,0
43.99438223570924,0,176.97141668125298,1,21.683991596423063,0,0,0.057916734,0
33.59884226587661,12,562.88072993393,7,12.948323196829968,0,0,0.13900816,0
19.600553099556794,2,387.4542837195423,2,6.473286541918786,1,0,0.1515089,0
35.16079349240339,22,486.0066998782538,3,17.171956826782548,1,0,0.014839616,0
140.4976485659814,8,59.015806941836814,4,11.18317244810134,0,1,0.9966889,1
60.75515712756636,10,517.2284943875262,0,22.421548349266978,1,0,0.02107959,0
23.46215606601625,2,155.67433015817053,0,10.726783488061962,1,0,0.028501008,0
18.20015683850307,2,1381.9778575313408,1,13.500326169746652,0,0,0.10648422,0
23.41049108613501,15,83.38908946921762,3,14.98149795863812,0,1,0.98567307,1
63.33125362950612,5,418.3855082391622,1,7.912442839736209,1,0,0.046151698,0
225.5821911070686,11,95.18956331032108,1,3.653051555238021,0,0,0.38725904,0
12.383851071686388,2,642.3007808139067,0,28.62930522627084,1,0,0.022353206,0
35.305621977544945,9,411.8825760368932,4,37.173520725388265,0,0,0.7261108,0
24.13854531357437,22,461.5440603258059,4,9.240381258045137,1,0,0.023989815,0
16.756324127806277,20,188.78655326245325,2,10.086796126806837,1,0,0.018587954,0
52.5001016585024,17,438.96855764163024,1,5.213452081973628,0,0,0.038990926,0
61.11804415836004,8,532.9358685828248,4,12.394715635871709,1,0,0.11813996,0
8.668054285643668,13,525.0953649645819,1,25.73113601267457,1,0,0.012510071,0
12.659462238325542,5,212.1606431266816,2,9.637573935722958,0,0,0.04835712,0
115.67360190531582,3,119.38818002811264,2,12.248067740097868,1,0,0.13771497,0
48.44807595849361,6,293.204022635556,1,0.2981672359792698,1,0,0.049748816,0
59.334977678410425,16,425.18843776139454,2,30.552284010119475,0,0,0.10272544,0
21.511728532344694,0,141.90951528329478,4,0.6123113660317916,1,1,0.99977237,1
24.25522378620372,13,438.7072953417179,2,59.36947747302921,1,0,0.0058955047,0
55.73517427356944,17,311.182833968854,0,2.6520148713779417,0,0,0.031867526,0
21.604258434773843,0,218.1092256963273,3,27.95023853535152,1,1,0.99839944,1
11.77031437274234,15,740.7352432130629,4,23.463970220953517,1,0,0.045341868,0
35.37417903314985,1,769.9557715193924,2,3.272731048221864,1,0,0.110302255,0
86.74111437397927,9,292.6647531135724,3,1.7985384442477397,0,1,0.87977195,1
12.73479062698174,0,382.6267104867526,4,8.552897355004951,1,1,0.9992797,1
100.8229829285547,19,1137.2059061879836,1,18.108275754125117,1,0,0.033840325,0
70.89666276149914,16,569.7305331846203,3,8.427483309400994,1,0,0.040696092,0
15.037842217358191,7,128.33321898149353,2,6.998960513170208,0,0,0.04730952,0
35.62526629335672,17,795.7644756737222,3,48.27886266393072,1,0,0.019450586,0
33.93152906295149,5,287.45087383927114,0,9.425759028938334,1,0,0.024810899,0
66.25976255156843,10,324.631119160845,3,17.289441649329824,1,0,0.06439238,0
68.44338717209358,0,552.6480108172392,1,7.391796420658901,1,0,0.057130124,0
9.731990867523168,23,1222.3497594452078,6,13.43743531446106,1,0,0.015900407,0
9.305419433598283,4,1191.7492367461791,1,0.959353162073675,1,0,0.054373935,0
98.044748634332,10,1235.4276279440996,1,50.49177524081578,0,0,0.9364469,1
39.5633584246294,10,587.685946891343,2,1.8664498796970603,1,0,0.0605024,0
53.468008579690114,3,467.6773041633666,2,14.045040483858704,1,0,0.11533486,0
49.23363836081409,7,214.0593959675478,0,4.922327023620952,0,0,0.018342985,0
161.19691011361195,16,550.9943881468289,3,49.4094535258769,1,0,0.027066045,0
10.706734631444965,10,1067.6570909329464,0,3.5805657707799248,0,0,0.011657553,0
104.03123397822615,2,605.4007746668576,2,12.552039919420016,0,0,0.29547563,0
15.727290692567824,1,636.2682615135632,1,19.163846376494117,0,0,0.044755667,0
72.69807130329131,1,122.12071034022368,5,12.925226659576666,1,1,0.99939895,1
133.39265057165548,0,191.13536362852216,2,0.7970156863739776,1,0,0.11433685,0
8.999788961613026,18,212.05085886052484,1,24.19474963736284,0,0,0.011475573,0
52.70655261717137,16,117.73645111892368,0,39.45351288231125,0,0,0.11272566,0
26.88299792185129,9,472.3047598129952,1,69.27101305616328,1,0,0.0058688037,0
26.534467897689755,9,186.40979464399584,2,9.6992227336522,1,0,0.043278825,0
36.897168560496766,8,397.457984106605,2,24.401517437266698,0,0,0.03639724,0
12.494706994670294,18,747.2846211075274,0,5.813377603117369,0,0,0.010021942,0
13.633920608262994,14,773.4444572591442,0,8.325578766350954,0,0,0.00995992,0
67.79653262884246,20,720.3762607906814,0,14.990633589837223,1,0,0.016935574,0
81.6148837942793,5,36.91372727080312,2,32.48628713471043,1,0,0.08743131,0
20.1731877512447,8,117.44256313474976,3,30.70581752228092,1,0,0.09550903,0
8.385071044959819,5,445.51373442808847,2,1.3054967775826891,1,0,0.12083332,0
349.4965981776104,10,1227.8324815470985,1,23.329046347622672,0,0,0.7104957,0
104.9052428489913,14,508.2146143060801,4,6.847921119189589,0,0,0.5239537,0
50.47810643111819,18,655.79023267655,0,4.262464179795566,1,0,0.02145108,0
12.77591102825954,16,280.21558870904147,1,13.256723838265264,1,0,0.013553349,0
19.887546343219707,3,271.90583915564497,2,13.684274999255084,1,0,0.15545653,0
44.95696569071518,0,363.7728811547023,1,35.83924579693996,1,0,0.049428944,0
13.692669694998571,19,239.0645921845395,0,26.07506019323429,1,0,0.0050366395,0
172.38780461078733,5,371.5850093583685,1,16.801879429491553,1,0,0.047242597,0
40.48946239543618,8,1171.6674577153958,2,7.346455040938798,0,0,0.058045615,0
52.14456768051656,13,1158.432736436606,2,16.932931338835466,0,0,0.07948843,0
12.799354224819949,5,378.380288422245,1,7.284533090375637,1,0,0.05452622,0
14.434315617695813,0,166.7532933212379,2,5.379167344193911,1,0,0.18615258,0
16.23771500300917,11,313.8594399242594,1,3.012786191410608,1,0,0.034139972,0
46.46699690541904,3,440.2535441696775,0,1.9230838686471288,1,0,0.028193709,0
27.217884477330845,15,260.983045600288,5,31.668773992444542,1,0,0.029153096,0
26.595277364734947,19,385.4341328225507,2,6.8546778885986,1,0,0.017776942,0
48.27941268348726,20,309.47681045159885,4,21.295002747623947,1,0,0.037871424,0
44.17604080223951,4,187.83335831458064,2,3.7831270082913937,1,0,0.14558648,0
152.84956764099317,19,273.28270915634084,2,17.921744362859734,0,0,0.60618496,0
29.130300008885357,16,472.3430212966492,1,53.27670833185129,1,0,0.005199264,0
13.027088135155036,0,310.642376876374,1,2.2016345255251566,1,0,0.077203706,0
34.967046474694484,3,59.891180330662166,0,11.935740108989116,1,0,0.025784427,0
149.7188032017117,3,414.7437286576964,2,15.47183547145865,1,0,0.081238545,0
20.497660965981076,21,103.8829758284178,2,20.511707942415992,1,0,0.01631631,0
37.11887774562245,8,858.1620570366081,2,40.17525544410715,1,0,0.042116698,0
24.87008278704598,14,374.310463407602,1,6.467032984377296,1,0,0.029101225,0
52.72142061322676,1,265.93837903661137,1,14.339741030906646,1,0,0.06906909,0
45.567865430637305,20,621.5529202507507,4,16.19434714724523,1,0,0.035513237,0
15.921088127255322,10,583.2709636911651,0,23.681600546934938,0,0,0.011825523,0
28.262713274482195,22,204.10216400843288,1,46.13971192393293,1,0,0.004179171,0
89.41197359605577,10,593.133786330977,4,16.565488581393915,1,0,0.08150951,0
104.0157674948252,16,61.0490528122022,4,6.170707309017343,0,1,0.99635726,1
87.76352209979264,12,253.7723061924067,2,28.248996864976817,1,0,0.031435363,0
82.72739035208087,19,122.68151601803672,2,7.087350956011387,1,0,0.042506296,0
25.50341870778292,8,360.7834969245748,2,32.200847232254475,0,0,0.027084872,0
24.742041971695656,4,263.493494974875,2,2.532477220376988,1,0,0.14711587,0
88.31654670042958,5,537.4657772583057,3,16.43898979934047,1,1,0.7318863,0
11.171970923919805,17,169.97907434241085,3,41.76154747813784,1,0,0.0120544955,0
33.44177924032916,14,274.2977143952407,0,32.910139075557126,1,0,0.0073737786,0
5.700212100533456,15,823.9390020569604,2,5.175762516607783,0,0,0.028083187,0
24.37806566297541,1,356.3950543859545,2,29.02322103275275,1,0,0.11646045,0
17.681119147040693,22,827.2852672464206,1,16.12896758405748,1,0,0.010803885,0
10.82659850247371,0,53.72569248828376,2,0.4223176557891335,1,0,0.19012226,0
62.58771044051056,0,341.55204750054264,0,17.46226663797255,0,0,0.1012961,0
17.182371232302767,17,1159.4127885839555,3,6.05855566692283,0,0,0.06693955,0
24.676626338743567,18,1393.9608734624112,1,12.420329831665608,1,0,0.03671403,0
27.48797921952729,4,268.1665877950095,2,0.4973293157461522,1,0,0.1443792,0
17.175370030809038,18,411.6580690230292,1,72.81735433224632,1,0,0.0018028644,0
143.2880459103662,3,303.496044041682,2,1.6112152747602455,1,0,0.07886821,0
21.795682988627327,21,569.8784811797299,2,17.033006085446804,1,0,0.01236042,0
42.97705799725115,5,429.843706771508,0,22.334075576328143,1,0,0.020234058,0
9.813717893683329,0,355.7110211797526,1,8.494947801275838,0,0,0.045459423,0
22.248405994026417,13,549.6259562046748,2,4.954697034204706,1,0,0.04071336,0
25.77637950013684,7,198.6189792928812,2,8.73269738128496,0,0,0.046883233,0
26.20105063964281,5,867.8481094458624,1,0.0571793154440916,1,0,0.047461286,0
19.953020373039173,5,191.3540415489182,3,97.81060275098255,1,1,0.9247389,1
40.78189278433148,15,597.9659296808155,2,18.25274002946759,1,0,0.032068085,0
163.80564388336882,10,91.64768851273564,1,25.02987401071505,1,0,0.054419067,0
31.1026941978492,15,356.8343272909589,2,15.66734349653218,1,0,0.022942686,0
30.90309393813616,15,803.5131706705786,0,29.86759358428625,0,0,0.042310882,0
24.149094263586477,9,59.59361325157676,2,21.541659805859144,0,0,0.06986245,0
427.8014660187162,19,342.86482924349525,3,4.842490987071936,1,0,0.014336814,0
172.83459169551273,22,473.878450885417,2,8.672223459740195,0,0,0.2527127,0
61.24390925815486,13,200.39059155334573,1,9.515189145202251,1,0,0.03806154,0
70.7831578641224,18,458.4570251773659,3,67.6718053522833,0,0,0.9090026,1
17.64948015594682,11,669.0483845464339,2,0.8009672634897983,1,0,0.051744003,0
30.507011953752396,3,336.4091317872873,3,0.9559717821518388,1,1,0.9860533,1
43.59068413587018,18,195.61765197679364,2,5.236234347722223,1,0,0.03437979,0
39.86519334735759,5,357.28532274964795,2,27.957105154699292,0,0,0.05370129,0
15.294141252736562,3,1030.5867898283432,1,3.0539680017394835,1,0,0.053800337,0
16.492812899047866,2,644.6790265372198,1,8.419525073340408,1,0,0.06770678,0
58.81570038830606,23,188.1380310853924,1,20.39655029233456,0,0,0.07133719,0
48.18800254633143,17,282.63479414313747,1,8.351154397620967,1,0,0.023960251,0
4.482464377469495,21,460.2215383168685,2,0.9328712397448264,1,0,0.013703184,0
38.82870311522338,4,390.1315593163361,1,20.04613809369696,1,0,0.04148781,0
123.502039429942,16,1050.6727117864946,1,6.485665660256718,1,0,0.031510577,0
18.83282719720619,10,493.5440399221291,2,1.3798069374857134,0,0,0.034748763,0
44.90023926905994,0,526.415334840116,3,11.29892067023124,1,0,0.9942011,1
8.51410529875137,2,408.30657891339234,1,3.478008780220605,1,0,0.075953625,0
80.29403168268473,22,543.6565200360541,0,43.72490460371847,0,0,0.3739832,0
11.885687564467972,21,1341.197686975602,3,30.20709009273484,1,0,0.02001565,0
10.393287596311282,6,447.8203181381865,0,9.005938398505991,0,0,0.006243158,0
26.00069065420337,17,608.7377756584006,2,6.053779658581266,1,0,0.029608432,0
362.8306803789908,18,683.8287174326244,0,3.237769335828844,1,0,0.0106663,0
19.49104049391016,15,1075.448166455794,4,5.8376724253181465,0,0,0.09655268,0
10.289493330694045,21,406.5300817119801,2,31.868713934479977,1,0,0.0062853675,0
55.81577642728893,16,240.57736122991204,1,20.39545882586579,1,0,0.019714778,0
44.43519931318316,2,132.17092849923844,0,8.414828379491539,1,0,0.032777548,0
180.4356582704954,8,219.9218757153005,1,4.335928713221898,1,0,0.038420018,0
10.230306424507988,8,264.7425685834904,1,5.438145122373674,0,0,0.01081043,0
7.435295921734757,4,294.3234489412821,0,6.614395081591561,1,0,0.02592028,0
26.054523292348133,20,519.9872811356012,1,1.586601025865238,0,0,0.021581521,0
51.45459038832442,0,971.5372994989314,1,9.048875830567344,1,0,0.053750496,0
50.388480268056256,18,355.48172915766025,5,31.39821676509259,1,0,0.032327056,0
102.85070079314902,9,1411.8569152017951,1,11.590149472539473,1,0,0.05069298,0
8.205245800899647,0,890.6235674313831,1,4.106288703462901,0,0,0.08760532,0
15.810296224558613,21,603.3683482594407,2,4.525656802718265,1,0,0.01568793,0
31.20501540953861,18,240.64635188017144,0,28.308123612866787,1,0,0.0073990487,0
80.87717063225911,0,186.1264603096659,1,0.8603033878669912,0,0,0.11874932,0
56.62288111133074,18,706.0998644973531,1,4.611827294976583,1,0,0.027439898,0
23.485796763941096,4,181.82346403460463,1,2.6665587799762687,0,0,0.031833306,0
13.04949572161976,3,383.8387084104784,1,37.30169573007222,0,0,0.014536658,0
84.35755185248512,12,125.98048150564524,1,6.955657251995389,0,0,0.098850936,0
90.0998034224092,7,804.4816897835009,1,18.91939694658855,0,0,0.31615815,0
507.8485713802452,1,789.132916272067,3,2.824928120185462,1,0,0.79412,0
29.83416192566272,12,363.5980252269495,2,53.22930109511165,0,0,0.055425063,0
174.50588835950995,7,302.95996486981267,0,23.45721051476713,1,0,0.040845603,0
10.850589313518771,7,780.959969780715,4,46.3604057656628,0,0,0.20293744,0
20.846861177541072,18,523.3946873905816,1,63.65481675405671,1,0,0.002964159,0
18.291050630169217,3,174.7301740740553,0,0.6994177436776485,0,0,0.016378723,0
22.54959452426802,5,623.0114849497043,3,88.90710830486944,1,0,0.51600397,0
15.05181825586937,13,159.37706756514513,3,3.720100919571005,1,0,0.056240886,0
20.854267033179887,7,95.4268923653184,2,38.82117135490334,0,0,0.045228966,0
33.67668570094692,13,553.8073213843008,5,56.11326035354653,1,0,0.031309698,0
22.855433876482056,6,440.5485453609618,2,3.550770295532965,1,0,0.09936882,0
67.84318705883699,6,223.8265475995542,3,20.302755407440465,1,0,0.7459012,0
32.73057352393772,4,613.7910099415055,0,15.177891547527942,0,0,0.02527299,0
35.47394792907676,0,220.2614662788486,2,55.31761785575298,1,0,0.08522781,0
150.57670425884882,19,296.2207355863951,7,75.07421941764953,1,0,0.026295934,0
48.38231863449454,7,402.9082532215255,2,36.0437406974574,1,0,0.034863755,0
41.3472508739364,22,45.09747156524284,1,43.34326342806859,1,0,0.00777726,0
34.8704492198744,22,541.7988422518421,3,5.577626597612079,1,0,0.01731075,0
37.7805694645344,14,591.9047164030036,2,28.00007052294165,1,0,0.02559984,0
62.32196035612573,22,342.3261637934392,2,5.195134142226539,1,0,0.017384898,0
16.19492015875444,6,35.57468921971218,2,5.375151133012769,1,0,0.10658679,0
109.11548125196106,2,234.49057913649176,6,59.465318788392494,1,1,0.9977791,1
165.7295984885027,5,246.67603063897204,1,22.033967509187395,0,0,0.8793807,1
110.04737437752128,4,457.9341414429347,6,15.789378066338331,1,0,0.8925577,1
21.952215331894383,16,530.2923370382122,0,30.42287247267636,1,0,0.008910162,0
7.463967745536051,7,551.773179561407,0,69.0499917815975,1,0,0.0032606374,0
23.16361605535869,17,1055.995743716722,1,64.21660537655846,1,0,0.009383415,0
41.3181609324789,20,191.7709043612284,0,15.444991453010468,0,0,0.023868086,0
79.99455388965463,19,290.02376727365925,2,18.27563422818559,0,0,0.1862308,0
29.72479936445037,4,556.1247884429107,1,14.54985214327066,1,0,0.049590807,0
26.402684162502272,3,219.42432715523609,2,15.984300234959065,1,1,0.15256786,0
157.70889241465747,19,328.2206152951145,2,6.697160736506953,0,0,0.23893832,0
18.43994934086126,4,546.0647841437532,3,28.58209544409027,1,0,0.90032613,1
100.9622106894988,20,967.4998559279852,2,2.9183932548085982,1,0,0.023043603,0
86.2633508950841,8,625.8717476622835,1,3.698507050160626,0,0,0.07607227,0
9.660079469596814,11,665.2958772010645,1,31.61446265940288,1,0,0.013167563,0
46.6870992194131,10,444.1748552629167,1,13.46828883115971,1,0,0.03904836,0
20.59346054822357,22,85.2285512594913,4,35.38341964350003,1,0,0.034010313,0
14.036727363452997,19,109.7194957793553,0,4.040895027650364,1,0,0.015322807,0
5.8020407039250665,3,139.61034146311326,2,24.59387456070016,1,0,0.098255396,0
7.659022763707708,2,500.2036834136791,1,0.7574705801731368,0,0,0.04159999,0
53.35319176574259,17,399.3851199129681,4,2.5131258302788,1,0,0.048178483,0
24.29831218847596,7,269.69783712542426,1,22.049767847253698,0,0,0.011868226,0
46.45140310120578,13,498.9173964286349,2,4.4855931659687975,0,0,0.053116575,0
12.548282109481136,2,247.68527101049887,1,4.508190699335773,1,0,0.07513971,0
25.96650455427889,1,585.2277747279741,0,1.740708342940817,1,0,0.032658692,0
27.242440377808556,19,451.6458018138084,2,16.400864738262577,1,0,0.015441246,0
7.826216308898687,18,234.61004204253632,1,9.21941037846229,1,0,0.014705077,0
6.975032198427195,17,525.6645676034581,0,10.917826125055631,1,0,0.012504429,0
54.71928467600278,23,219.77582712909447,1,3.1103523697547795,1,0,0.01738477,0
41.06987669004745,19,186.0569056190827,4,9.287472297366376,1,0,0.07213518,0
14.252072638723137,15,324.51252902326326,2,1.4807147176052018,1,0,0.0301143,0
32.18685994513787,7,373.16458065511847,3,13.094305640812138,1,0,0.26710618,0
68.02854192867905,5,65.98257434635141,2,9.485606200525115,1,0,0.13712817,0
213.76096120340395,12,772.7248359035184,0,1.8213128642245795,0,0,0.23626219,0
14.898124756064586,19,77.51510761765817,2,10.033963590903246,0,0,0.055342816,0
65.04484385931488,21,389.24045601776777,3,7.688077103929149,1,0,0.020327413,0
283.1862128182129,5,267.1314521948483,4,7.816622890668452,1,1,0.91955376,1
37.92680484675339,0,759.2304168732675,0,31.416831650628065,0,0,0.1390951,0
149.6576485271338,0,283.3597152587976,4,0.408401524873235,0,1,0.99791604,1
2.8217412316130503,19,462.0080938053469,1,3.84369720543194,1,0,0.014062133,0
147.00150755878465,21,1114.9412352816962,4,3.962941795849276,1,0,0.01637894,0
35.18983162175701,18,111.34484635866656,4,10.274269936882083,1,0,0.08739564,0
5.652545062313685,21,514.9895115626839,3,11.463814496047377,1,0,0.01441454,0
76.30716369365992,10,139.30296969596935,3,110.16957280710538,0,0,0.9992085,1
99.40739152093349,16,1181.3054989200589,1,20.79338489593808,1,0,0.04564385,0
116.18008379622545,18,194.29958058021907,3,42.65062523349568,1,0,0.03161092,0
115.15666134177413,13,142.50451634665518,3,19.94748223084018,1,0,0.073570915,0
34.52138909991673,18,71.01530180055754,3,11.82144591377175,1,0,0.053959586,0
17.07681598700282,21,340.9906774070986,2,11.73747658106024,0,0,0.03696736,0
22.622712977648355,4,150.0292379787025,0,0.6990662165061684,1,0,0.031442247,0
34.35453973403127,20,343.3683682324749,3,17.79194549565437,1,0,0.019381415,0
52.91695466383934,23,434.9640103048116,3,0.1673047349640783,0,0,0.5476133,0
22.17743060611939,7,424.0856889654927,3,22.867089156872694,0,0,0.39952007,0
37.28064650900548,22,494.6698309568098,3,1.834710811172403,1,0,0.016474115,0
83.96802323660302,12,838.267070803135,0,19.900860591882687,1,0,0.029288353,0
48.89691426498378,6,136.66329817002432,3,21.723459365959496,1,0,0.73851234,0
336.9863923670445,19,634.1866046039714,3,24.945691643377963,1,0,0.025837373,0
294.78515295945783,22,579.1834600726156,3,0.3879553116792403,1,0,0.008911595,0
11.531324317838324,11,476.0502003281147,2,1.883011916048161,1,0,0.04098432,0
20.370839950755958,13,597.7904900426743,3,0.626747490707609,1,0,0.055774678,0
9.84323108405776,2,830.8656631929165,3,8.225017859804693,1,1,0.9771308,1
11.342337378059446,12,407.0276498408376,0,1.1140182823281677,0,0,0.0069878055,0
60.72904392832121,4,131.36397189615266,1,21.065253738714503,0,0,0.07276901,0
13.426756155416136,18,176.1619248972192,2,68.18083687844798,1,0,0.0026298922,0
12.723718058753915,2,1063.6987235909887,0,2.2241313098648923,1,0,0.029130535,0
27.27356228540768,21,249.07455033545455,2,17.448969429151134,1,0,0.013126507,0
77.98194037259172,5,247.1956790558329,2,8.520673472745838,1,0,0.10270182,0
25.08203706341107,6,686.360412161592,0,2.545674837697802,1,0,0.025585754,0
25.03204811285787,9,382.466166791241,3,21.19098021445369,1,0,0.05762788,0
87.5553137156911,2,162.77756051948126,1,6.633343498743766,1,0,0.06656397,0
56.4860667121288,13,357.4816824666894,1,1.4380511366027946,1,0,0.039693486,0
55.62354576191644,20,389.6015062340565,2,7.937265829134309,0,0,0.08445095,0
90.15324379030542,12,334.5080971707823,1,7.2572041678211185,1,0,0.041088343,0
13.157544400709067,10,1200.0304894743508,1,10.636986055680874,0,0,0.020915661,0
43.91676151107902,23,1009.1317013098316,1,0.0420539225279617,1,0,0.018280989,0
19.07334912000253,13,142.97447566892623,1,14.937293079374474,1,0,0.018819697,0
97.42189667382344,15,352.6636866906586,2,3.617521636531485,1,0,0.036847763,0
79.20444086499901,11,931.8405934902564,1,1.8316806454235357,1,0,0.04333907,0
12.742754421540274,1,171.66041922583554,0,17.33678132674557,1,0,0.023892438,0
132.285347069565,21,375.9854079039607,3,17.750062296340804,1,0,0.022205602,0
11.278487615581852,23,506.8733806119617,3,6.620358302101234,1,0,0.012521257,0
112.2027343489596,13,71.32587169401756,3,34.05223860279718,0,1,0.99427104,1
43.47779578718152,13,237.6871623805028,4,12.443025684359316,1,0,0.06428191,0
15.092842896741107,16,335.4202919284905,3,20.6105947962394,1,0,0.021872856,0
11.83969283505789,23,1465.417925244107,1,44.69981747019171,0,0,0.043627124,0
26.350823828607723,18,711.0273471201307,1,5.182674753244752,0,0,0.021265501,0
34.71029391695914,6,1455.044070839006,5,5.731513740068552,0,0,0.6801033,0
17.676082768819242,0,685.1949490580128,1,18.70881420752145,1,0,0.066626646,0
61.81634823219009,23,425.21830258313554,4,0.3806474183468484,1,0,0.02526174,0
8.96702826307511,13,621.2274784622102,2,23.50251701145103,1,0,0.02023361,0
35.2842154984653,3,480.5909994748684,2,31.36418885571465,1,0,0.07922315,0
35.56334214121092,14,842.4340755048574,2,27.581088987360012,1,0,0.035139374,0
5.640378941583988,4,627.0886874024262,3,3.5606945976344457,0,0,0.78086,0
48.17671608554355,2,634.943014733526,3,3.7394335955497056,1,1,0.9723006,1
10.255791770607717,20,42.02948454925464,4,12.454765504434093,0,1,0.9955368,1
3.044619545331266,4,389.5601683083022,2,169.4976213220256,1,0,0.035368584,0
19.42300596086041,17,760.3892271718913,2,4.159308554907704,1,0,0.0317194,0
28.36875126044112,1,1142.6279514748458,4,25.135402897140665,1,1,0.9879354,1
86.5021431394024,10,148.57192296658522,2,21.514822673265996,1,0,0.054030575,0
22.01397902924368,9,399.4066171209317,5,2.931982293747432,1,0,0.071208514,0
151.46818784393196,15,356.5025587786551,0,6.857977277348109,1,0,0.0276966,0
146.3904543483326,18,202.3755109822777,1,17.868548843035082,1,0,0.035528112,0
104.17755683995152,12,90.9803247828984,1,5.631872624484759,0,0,0.14921744,0
130.73131982484594,5,125.62998819227488,2,0.1407815663375547,1,0,0.09458827,0
50.15460238342866,21,386.361725342189,0,10.27026740924891,1,0,0.010907548,0
20.52492053760313,20,837.1366219443905,4,1.4712484735257674,1,0,0.032285634,0
67.25294759623903,20,1110.6670040476165,2,13.3075384303452,1,0,0.030106707,0
92.13370113009942,1,430.24719858975067,1,12.021766487561852,1,0,0.061061263,0
44.93811404614494,1,466.7927494991496,1,60.368523832847714,0,0,0.2466506,0
27.89909363765731,8,573.520907671283,0,12.67447902603304,1,0,0.021634506,0
7.577391499483239,4,529.6307964841044,1,57.82445873303927,1,0,0.010034173,0
69.1330429652392,5,380.0422877902143,1,22.909720219742542,1,0,0.040010445,0
50.226316688772094,16,259.0782549942269,0,79.87874998228459,1,0,0.0034188773,0
9.846888679138784,22,388.07815699899646,1,51.694841065723935,1,0,0.002218391,0
39.1724153778191,19,314.5832432967296,0,3.5977806075331547,0,0,0.022098914,0
72.3860319531991,4,273.62056921580705,2,40.77005415560544,0,0,0.50622994,0
31.88842099087684,14,1138.7246748718617,3,30.998131574900853,1,0,0.063152745,0
76.88627020716316,20,742.0295580780709,2,30.54495052515799,1,0,0.015546414,0
74.71102140795672,21,125.6120794216869,0,17.249082008556517,1,0,0.017442517,0
8.280326167425658,12,70.31563916828765,3,4.815944494901848,1,0,0.069656596,0
26.3846692511361,2,798.0729764661379,3,44.0079155719073,0,0,0.7108481,0
57.26405809982303,6,377.20442912529904,3,13.778133069136542,0,0,0.7338434,0
87.68262596930126,19,188.3522556016518,2,4.063357190984376,1,0,0.035856,0
142.6715821593277,10,724.1887507363463,4,10.684172365050667,1,0,0.065332964,0
5.354148007951817,7,202.56264535278945,1,8.077882470694295,1,0,0.028217455,0
33.26096546678777,3,133.81805378343714,3,9.07121518412618,0,1,0.9969965,1
71.9398562030904,14,988.4723737552572,3,10.777709437286754,1,0,0.060646456,0
118.80904372041782,14,79.9517824409398,1,19.225357098620066,1,0,0.046011154,0
187.68300497288743,21,225.48111983463343,3,5.35608870117321,0,1,0.9364495,1
14.115910671585512,16,392.0853854266395,3,11.289972627651252,0,0,0.57638776,0
24.579917719680054,16,123.26349348101073,3,6.231142046577357,1,0,0.055475708,0
12.548929831677173,10,266.1292999647844,6,18.64039800144837,1,0,0.040111467,0
79.6102028523271,17,418.7735326835156,1,3.0545104518792594,0,0,0.078883536,0
9.61026286698339,19,464.33719569856,1,4.785814292268955,1,0,0.014865743,0
114.24094514242744,21,315.0806880333013,0,3.944053999119857,1,0,0.019987633,0
89.4931022465879,18,38.00831012149736,2,30.69291794525818,1,0,0.03090675,0
57.44359820639409,18,399.6850087977247,0,16.814601920820007,1,0,0.015099472,0
4.161371459260206,16,209.00816681934637,4,56.31311736997757,1,0,0.0141739,0
18.185786821851377,16,173.28880469489232,2,80.60266418771621,0,0,0.07317386,0
74.38289883528027,18,432.4701274617268,2,2.5462239381059693,0,0,0.10046547,0
8.760397441677036,14,155.63222470570372,1,3.985238145458097,1,0,0.026910052,0
28.015552620469,10,204.91146721205135,1,9.476786739106226,1,0,0.02962075,0
32.02183789593055,14,1231.0705250548651,2,6.622552646028994,0,0,0.047765393,0
85.48986274019462,3,554.7614109595495,3,48.73757534952952,1,1,0.93207854,1
46.92521357160216,6,584.5877911412217,4,25.28399862726396,1,0,0.621184,0
46.54975048372186,12,127.03659052963668,5,0.3477599355568896,1,0,0.088383675,0
22.976773942413136,23,1601.998483025115,2,10.781556152730644,1,0,0.02808871,0
35.68052133689676,11,410.5644430341919,3,16.409345723092866,1,0,0.0594307,0
31.081932066413614,11,1202.256544560567,1,12.018043024967044,1,0,0.04796804,0
72.851212182862,3,692.6422423772253,0,38.56746248597493,1,0,0.018056666,0
29.72445937832311,10,36.54389354327407,3,30.05983699452244,1,0,0.07405646,0
98.50268037774168,16,621.0549673197054,2,6.338643251436065,0,0,0.10537072,0
6.629977318725187,9,378.2108594685436,2,7.260842666881273,0,0,0.0223173,0
116.14563952683744,10,500.429419871765,3,9.005869339032918,0,0,0.53560704,0
29.9879740259159,18,612.8707020282518,1,3.305342123681158,1,0,0.024548817,0
108.14100585339354,16,429.9218537708463,3,6.856608209007062,1,0,0.033745844,0
38.52763689442175,9,591.9765670289424,1,14.414150156810075,1,0,0.039312642,0
82.52185739449992,4,600.447256148857,1,7.349699394643725,0,0,0.09597577,0
155.18477648557106,20,173.5999620148287,0,18.28400161630605,1,0,0.026223995,0
20.514062576178315,5,593.6235259274603,1,5.06085136010894,1,0,0.053239316,0
38.37980749113038,10,995.1861709322508,3,35.43860735229784,1,0,0.08296355,0
29.97837587022157,2,747.4217940952086,1,0.1649287179786933,1,0,0.05719863,0
43.56016574388976,6,414.8699259797041,1,32.30585546530611,1,0,0.021703646,0
7.158058804173124,21,267.4556667631571,4,3.389189377204031,1,0,0.046224162,0
29.93581510520518,2,954.2731851910812,3,18.520977245218685,1,1,0.9591359,1
27.71322125566904,16,510.2107109000718,2,17.646733626758504,1,0,0.022417137,0
16.301438105671938,18,592.5984536975341,1,1.3909793610411716,0,0,0.016607033,0
29.246349490402707,7,470.12280748418607,1,6.652678167634472,0,0,0.016339514,0
7.720461611340858,9,550.7233242709567,1,1.490080005910762,1,0,0.0373211,0
141.07072835487244,1,921.2419785905385,5,10.3031505383405,0,0,0.962149,1
55.11681817258227,6,248.83114018027285,1,15.584233221492823,1,0,0.041664183,0
227.96363917292385,8,495.9656282221104,3,0.1748289047588648,0,0,0.4305741,0
14.941286244287086,1,544.4764088401112,1,14.12178836777364,0,0,0.04236186,0
11.184292557759878,18,218.5987826282618,3,7.699849515210617,1,0,0.032678146,0
46.81579995223995,15,448.3806439108603,5,18.5456227687092,0,0,0.5183029,0
6.815814179602922,21,571.1488521648089,3,3.7229388961194623,1,0,0.018322634,0
44.274955835091625,15,321.8801776209268,3,7.949136165997851,1,0,0.04016294,0
17.679024626632497,3,400.87945362306175,3,54.156244115915946,1,1,0.94467187,1
25.44269190649651,1,792.519527940656,0,21.413425902459075,1,0,0.03170538,0
45.49463061350366,22,642.6266936703098,5,5.5546141658669805,0,0,0.08243305,0
37.03003260612127,15,524.7693925716916,4,9.265929542645694,1,0,0.05495144,0
222.71661335901945,4,1022.3158417739162,5,11.16827958209925,1,1,0.67081213,0
66.06054470880754,23,480.9713843322552,3,24.785937753544957,1,0,0.013968866,0
9.871992197744502,0,273.37019241064456,3,0.6608979283915212,1,1,0.99845266,1
93.15424830980822,13,672.1760493297902,1,18.087524690656814,1,0,0.041430946,0
9.417116348697052,3,816.5989416103082,3,17.290704922566615,1,0,0.9393499,1
38.513336777355946,0,1591.7086755107966,2,17.650691271773525,1,0,0.14727616,0
10.31006361047926,0,492.8244990171482,2,56.77046460108952,1,0,0.058191504,0
15.598689489871862,7,494.06291600069824,2,17.807728605896173,1,0,0.050212387,0
129.4448326020646,5,438.0083445059282,1,2.3356396593587414,0,0,0.13592422,0
20.379189214278405,18,88.32761484216252,1,4.597270616004538,1,0,0.027311347,0
18.69414983609541,18,226.2591060348526,2,75.3080192054895,1,0,0.0023634892,0
20.268551274744794,20,278.08415239429905,1,1.5669865229455462,0,0,0.02645803,0
25.932774548362755,11,640.3854943090952,3,18.756610172693374,1,0,0.058790814,0
146.68324024895472,1,538.9631007119077,0,7.5267280377180175,1,0,0.028675564,0
11.009851844656549,19,205.75720673254355,5,12.670222691564913,0,1,0.9381372,1
10.399024313728278,17,208.21148787353133,5,19.72570374014513,0,1,0.9523343,1
62.53678714028808,2,166.05468969318483,1,14.157215952710418,1,0,0.07024606,0
7.292806706558806,12,702.9412259758079,0,7.284431718309582,1,0,0.018406006,0
24.55927822611009,17,124.88411339252542,3,55.3770144966192,1,0,0.012182111,0
107.7817743807272,22,68.41391810872125,2,9.134208144123171,1,0,0.0387964,0
35.27115574926905,3,438.2822773374966,0,36.438153325861,1,0,0.014152128,0
21.919126476129616,16,229.55431288692708,4,15.777665635108937,1,0,0.04962821,0
17.452059532026656,7,884.328718694129,1,42.15253349703249,0,0,0.053430565,0
14.225062650863151,14,163.56385361227686,2,7.613956416281966,1,0,0.030726155,0
19.616713798136303,22,206.21444169605337,4,4.333651952663423,1,0,0.051050905,0
40.21082425584335,15,870.8616603155897,3,16.31890105070389,1,1,0.05812232,0
120.04389142528213,17,423.7777833903641,2,1.2209388614584844,1,0,0.02666009,0
91.1896894687046,23,121.278214925648,3,14.577606911635936,0,1,0.98558784,1
20.072087693667044,17,230.3445394667341,3,48.20367273190091,1,0,0.0102757625,0
17.027569138266653,19,517.8181556797481,2,1.6245347125965055,1,0,0.020431094,0
69.67032044407695,15,257.9530040150375,3,2.246290439463369,0,1,0.9282056,1
5.828332666894242,10,1192.0880065122624,4,18.498252280080603,1,0,0.14641349,0
22.69254211207493,8,407.3036315788435,3,4.916640525395898,1,0,0.11699923,0
25.380940217585096,18,1290.278443485861,2,15.694311210836135,0,0,0.038150363,0
11.67032243840137,15,50.14253525609596,3,27.4491624600718,1,0,0.03673466,0
13.07290024895766,9,268.2722299847547,1,19.79684685506813,1,0,0.015401382,0
49.2247334547322,10,106.034634469417,6,40.57713950893743,1,0,0.07124835,0
6.806671095588549,18,33.2426340679769,2,1.5332054900800625,0,0,0.05584061,0
14.124293545027651,18,244.6959243898833,3,1.8031307048006864,1,0,0.037285805,0
18.35364183054415,20,376.9442388296167,2,18.0370067986234,1,0,0.010583294,0
37.70269981555618,16,353.03928346099224,2,39.90327699859041,1,0,0.010412008,0
8.970370745510955,23,796.7034864682496,2,3.2689991796049176,1,0,0.013677238,0
101.52574162741152,21,49.3394480932302,5,17.218058306582574,1,0,0.089244686,0
25.58869258673727,6,397.1907189040097,3,12.903375871661424,1,0,0.6886015,0
26.806907740839065,20,267.91493670114875,0,6.074424767286975,1,0,0.012730928,0
24.21131670592741,0,252.86128278468988,1,8.460789082512647,1,0,0.07710983,0
17.79647611934666,20,327.9015641076765,4,4.59868574255713,1,0,0.044021048,0
13.128009183689304,12,271.81354449325545,2,3.1926305029972832,1,0,0.035592414,0
107.26716929437389,2,516.3568638917635,1,13.840979142775774,0,0,0.3360086,0
42.172986240625,10,423.6746648586747,6,43.158629587168754,0,0,0.76771337,0
30.939475972752494,0,1199.1258002618356,3,28.03020456948952,1,0,0.9787224,1
92.01287019805888,16,299.77317131388514,4,6.558646797239111,0,1,0.939654,1
17.0604694771043,9,500.2448378973593,0,42.92617298487765,1,0,0.005794879,0
64.02684264751574,13,147.13312391462532,2,4.252395622345275,1,0,0.057252843,0
35.13505874449643,22,256.01415905031087,1,53.583311044064,1,0,0.003627337,0
14.280265199306417,3,2171.007261483198,4,5.683807612204386,1,1,0.92716986,1
72.61749394369961,14,254.36513219125996,4,10.37566861579448,1,0,0.06812938,0
7.850041307898233,12,925.8518203270468,2,11.566950790178492,0,0,0.025925566,0
65.12906081410652,13,162.9129170425081,4,40.92078389248796,1,0,0.06478142,0
14.315398727552216,13,383.32338934662016,1,18.731878292210368,0,0,0.008843283,0
51.21362881744397,19,442.4200704441778,1,3.2465522516030223,1,0,0.020220488,0
133.40658554962178,5,236.9545361626533,2,1.0727199258199132,1,0,0.07698497,0
59.80784260379119,15,487.7645518747091,2,5.139195941262685,1,0,0.03784204,0
18.859002107096725,17,287.7948451139777,2,11.29791121071552,1,0,0.01850953,0
33.16462840095839,2,430.49405126821824,3,37.18090405767761,1,1,0.97868663,1
23.729919670939264,23,139.98526577036176,0,4.016449389801703,1,0,0.011269007,0
10.724479664728944,11,685.136672055617,0,18.057189500522043,0,0,0.007577385,0
11.43878684445077,0,196.63690237073004,4,26.71858030704084,1,1,0.9997359,1
35.501176763332765,20,987.2593679419556,3,0.8325042597885097,0,0,0.0926226,0
57.68828839989057,15,322.4442411009336,1,67.39310137369395,1,0,0.0058803717,0
5.972271818143038,19,606.6658466701911,1,23.45647829696637,0,0,0.009529747,0
31.594058834985564,2,62.76990581243038,0,12.109231838251876,0,0,0.019670451,0
55.81758385358742,1,209.7974673431934,2,38.30745595323496,1,0,0.12586808,0
37.71798074127064,22,227.30674297393816,1,2.8736764854535424,1,0,0.016297828,0
12.606338700311964,23,391.7059337522643,4,1.6429971810096635,0,0,0.5590305,0
93.64300152808946,11,1812.7165802335655,2,22.461573366324057,0,0,0.5768342,0
10.205158036630156,12,823.8438977896716,1,13.850737457416631,1,0,0.029167226,0
63.85737086221198,22,308.55771523143835,1,2.432047093772364,1,0,0.017439168,0
162.9928041438305,6,526.2860619016614,2,11.946288604591649,0,0,0.3875833,0
4.524688401233728,0,173.41793825898282,3,14.857328477551576,0,1,0.99735934,1
43.37534276497482,10,644.6582856052338,3,40.30748149953953,0,0,0.19030148,0
45.80688797363224,14,2772.876733041859,3,12.8852429121386,0,0,0.34949687,0
42.008984546626365,22,252.64164715304716,1,1.311771727252604,1,0,0.016962705,0
15.797274537732736,3,670.9957348453592,4,14.433377605496368,1,0,0.9829578,1
24.71306614291659,21,562.3304032305161,0,15.3938842041232,1,0,0.009719862,0
8.49778646551567,19,1129.8307714990283,0,14.942808308780792,1,0,0.014395042,0
38.19552971054948,8,905.290628175758,2,18.625282590327704,0,0,0.05021177,0
56.84269067054064,20,185.39164566061595,3,3.8448846213594288,0,0,0.97183156,1
17.42038799389963,15,761.1649772719835,2,2.9596687145064178,1,0,0.038214438,0
13.48342662969504,22,1149.0422349297578,3,0.1003713416192671,1,0,0.02463989,0
21.029174357465507,1,1155.0402279684408,3,2.99322582482434,0,0,0.94955844,1
33.17447498214551,4,213.17025343219564,2,12.255103605836675,0,0,0.10476365,0
35.48993404083964,19,243.2759718519199,0,6.59541327851134,0,0,0.020399384,0
30.170962037359768,23,68.8698594586472,2,1.4646715237951813,1,0,0.026580151,0
35.72705839316487,1,607.0298703803617,5,53.39804946349163,1,1,0.99716574,1
9.215701752169174,9,42.74719886862948,2,24.99465120300662,0,0,0.043604337,0
2.2864492082418333,17,28.661369681070752,4,59.292247017957,1,0,0.021593023,0
61.13220989832475,22,124.3207653083399,5,10.89152587568544,1,0,0.07730689,0
134.68537341314504,7,570.0849866747601,0,26.53471352508881,1,0,0.03284905,0
8.29473193193873,12,513.7838456425756,5,69.92742916130868,1,0,0.024031438,0
17.3327101812244,3,969.4257090971306,1,6.656675295291141,1,0,0.055205863,0
44.72190550734025,3,706.0383750477046,3,4.918286541841352,0,0,0.8501477,0
84.87802457972205,3,334.3103973855459,1,37.44329258682185,1,0,0.03540358,0
62.899682677285256,1,209.2573734704229,3,22.40106423131172,1,1,0.9973373,1
116.6371887664695,23,239.8121088948156,6,8.262666282880218,1,0,0.041136175,0
31.55292743053352,13,473.7011894841804,2,19.22753315901932,1,0,0.028648408,0
49.93316504589092,5,886.9175236402687,1,4.292456332144564,0,0,0.056839406,0
49.794043690783845,21,252.5297684611424,1,65.78199844935043,1,0,0.0035857607,0
21.765840936834657,11,116.9868723645606,2,5.257760127976012,0,0,0.055724155,0
108.05675789045918,3,187.3646680844964,1,12.427965898534472,0,1,0.3353134,0
61.254405994364966,3,530.6991455647822,1,29.763369189258544,1,0,0.036590777,0
86.74234785305254,16,275.66060205710585,2,4.8478574163661,1,0,0.037058987,0
22.665474827539512,11,137.9926937212,1,14.926621065149432,1,0,0.020464715,0
91.23294890062223,20,408.49349823804494,3,5.730619785561583,0,0,0.7429267,0
11.82048280317407,19,223.6215756527276,0,49.80781865467695,1,0,0.0020660216,0
48.836330986550685,5,633.259737540937,2,8.423389739848233,1,0,0.08779141,0
2.562204794053539,5,442.6579938481589,1,2.5072056944352825,0,0,0.016540227,0
12.342532529442243,13,57.17385439740551,6,21.668078546760707,1,0,0.048839666,0
68.2944125550751,17,246.876249655944,2,17.54232314112786,0,0,0.14584047,0
21.335127729938176,8,63.717296641566186,2,16.92683390728868,0,0,0.06419942,0
39.31455934972164,8,431.8517552750408,2,33.33071791220864,0,0,0.046088807,0
6.770725898095622,6,269.378532759865,4,8.02990588314848,1,0,0.7399455,0
150.98307483223468,2,672.281464759297,0,9.004684766262953,1,0,0.026837151,0
59.43887000205184,22,531.3966379788926,0,1.5830674359593295,1,0,0.0131710945,0
32.31555679242947,19,899.9128676409749,1,5.326562744102559,0,0,0.027103854,0
49.796315484463015,21,655.9555409816331,2,21.676145214859435,1,0,0.01572244,0
45.68777924607588,8,804.2432679516232,3,28.403909509187063,0,0,0.12300798,0
132.47875199123357,7,532.7100984579458,0,25.591919125729955,1,0,0.032225545,0
40.87276832520045,15,351.0925785014201,1,56.376363207950064,1,0,0.005812537,0
7.845015920244037,10,310.4847729655547,1,4.679198803056657,1,0,0.027788982,0
25.79555399937863,22,395.5810622344352,0,8.455765454076461,0,0,0.014688954,0
116.3741814156088,19,269.10782074784106,1,0.7890648757678477,1,0,0.028970186,0
57.83639531742363,17,352.7577256668933,2,48.74856456189291,0,0,0.27812067,0
21.947352797018866,2,667.1305072629889,0,3.0505872448949765,0,0,0.025534045,0
60.18369835105159,7,142.46464476595438,0,55.18843125323421,1,0,0.007965204,0
37.12546086265986,0,1380.111882877933,2,0.7431704150059089,0,0,0.17973751,0
60.14002954778569,14,83.71170122389543,1,27.22887027220917,0,0,0.105826646,0
7.014845308349554,13,932.7100844428676,2,28.237393523885657,1,0,0.026781445,0
13.76176344508347,17,187.39654998721352,1,22.732001915133864,1,0,0.009079943,0
63.56737885681466,15,336.37414831020743,2,5.3984207721573725,0,0,0.08754789,0
26.63773565119622,5,1316.5284751735085,3,15.712517354098871,1,1,0.76008683,0
46.72454651263609,21,194.0394903019277,2,16.480924209940515,0,0,0.094899975,0
225.02750634039896,22,66.51030081016027,4,5.38564058362478,1,0,0.044747237,0
24.42143822650235,2,84.13547258422173,3,3.055502326699843,1,1,0.99679345,1
41.9524275821245,5,330.38321630697754,2,22.19605092659374,1,0,0.0749899,0
19.21040344488525,17,1032.9547893759398,2,5.783424052218903,1,0,0.03742251,0
17.9787588796723,0,750.4143186493875,1,23.735863548113244,1,0,0.061337184,0
30.79068933006371,2,483.9539626943346,1,36.76731803184323,1,0,0.034561124,0
8.002981173954193,12,139.05809644005578,2,12.301189872905445,0,0,0.03194666,0
4.2327243843230224,17,895.4258967512462,2,21.48970065688776,1,0,0.017512042,0
125.85078631006392,11,429.5660019173098,3,14.0751905558755,0,0,0.7617854,0
29.93688570138167,12,312.119893253023,7,12.335420649475015,0,0,0.7004145,0
99.36799915546916,3,338.2693048920447,1,34.60359157081958,1,0,0.040626988,0
37.33231797381835,9,892.6959086452198,2,4.267235897435805,1,0,0.06649552,0
38.322094211140495,11,282.61714440188587,2,27.97998236357628,1,0,0.023948584,0
63.803986185668,2,195.09816613625145,4,1.083834234218481,0,1,0.9986369,1
66.84364364461952,6,1005.1229126710324,4,62.9805791800447,0,0,0.7717419,0
10.22086932069182,7,1782.0492840475415,1,10.199492621704588,0,0,0.0535611,0
107.8869867908355,19,116.66918374740152,3,9.22845949100821,1,0,0.050042722,0
12.83215432361764,5,550.0817256029663,2,3.4883775730475537,0,0,0.056705825,0
40.41912851384886,11,332.2858762782758,4,81.93726752111493,1,0,0.043805305,0
402.67493459442665,21,1883.349415715556,1,9.02623621655422,1,0,0.007515438,0
35.84352772555103,12,479.3514420447879,1,8.854918608075257,1,0,0.039706364,0
168.97139320632678,22,465.5502338940563,0,7.964197904720489,1,0,0.016623987,0
23.60249072014695,3,181.139610847223,4,24.422911585638435,0,1,0.99693054,1
60.39728444987353,2,457.9551538955803,3,22.4841281214319,0,1,0.95543367,1
34.85034516631525,22,415.24656260122345,3,5.2056688824418025,1,0,0.017802548,0
49.858494251244814,19,68.43460055649243,2,15.411846890191246,1,0,0.034420237,0
14.380283806507222,6,571.6832588353116,1,1.4521950288119538,0,0,0.018594168,0
13.520745125437228,14,241.65678475320337,2,28.8733621083368,0,0,0.023407971,0
46.01731599430343,14,173.83720491004297,2,2.8248632228637875,1,0,0.049091473,0
7.203782930629712,6,354.9062809656078,4,7.918635383742472,0,0,0.87458926,0
14.539111167190898,18,334.9965214124392,3,7.162771677021359,1,0,0.027502602,0
62.06764422062977,21,223.85312030419487,1,59.592504216152,0,1,0.30195135,0
18.18190826678473,12,620.8340856458727,0,17.41820107822396,1,0,0.015876362,0
13.923785983762976,16,577.2196114803999,1,20.026917236320937,0,0,0.010556525,0
11.239082069038806,7,727.5295526342337,1,8.277536125452711,0,0,0.01360644,0
38.29101785782978,21,336.3570038318405,1,4.36180150184974,1,0,0.014661809,0
23.24601826373896,15,514.4736574883394,4,21.09397064704053,1,0,0.044596244,0
38.39446790624366,6,215.32140405830012,1,35.858629651833226,1,0,0.015978746,0
27.60436528294631,17,199.53658517858943,2,25.26257795718479,1,0,0.015398432,0
202.1416343143729,7,450.3164627984151,1,2.453040438899528,1,0,0.02723494,0
21.66174547137916,3,406.8680585101429,3,32.72230727224451,0,1,0.91040486,1
4.905406446525289,10,438.8241130794944,1,5.623260734471587,1,0,0.028577749,0
37.16369003929045,6,1300.2711147192788,5,11.143305516188985,1,0,0.65189254,0
33.25084586886138,2,732.0956178425502,4,7.496570278418879,0,1,0.96054274,1
38.644312372568585,4,143.74673658604084,0,94.44385324145247,1,0,0.0034814517,0
6.925238743573393,14,586.0233462752678,0,4.953549898123481,0,0,0.007027091,0
100.13932251252746,0,606.6182147981079,2,5.906567226325581,1,0,0.084548876,0
32.17978512468258,4,362.7013325114491,4,2.8622372766871624,1,1,0.9832617,1
31.821091281524307,14,660.3554833922237,1,7.813551172164526,1,0,0.039197378,0
7.085869038164127,5,827.0880922657911,0,49.57445138162476,0,0,0.04368913,0
52.646411239032325,23,317.6561854017689,2,13.544647579846108,0,0,0.09103454,0
31.13029105765343,8,638.5025597938449,2,20.71910665194514,1,0,0.05135862,0
123.88109147057844,6,22.075391909742752,3,10.392995109629878,1,0,0.8796038,1
22.128044322036608,9,217.44173208455797,5,1.7227156208120824,1,0,0.092668414,0
9.951236891097954,22,295.5239776199285,6,30.17202174655586,0,0,0.3555725,0
37.61083224641417,6,505.75121623811856,1,15.383720929445769,0,0,0.019507602,0
13.625885492585535,9,1011.0249573981956,1,109.87662707474723,1,0,0.0067545995,0
49.73907584237092,11,761.4323140678109,0,24.412515382902814,1,0,0.021560062,0
11.555675029360938,21,553.9917342698944,2,36.22576530594601,1,0,0.0069363513,0
29.264338820024022,23,694.2139009966456,3,9.390985256070604,0,0,0.083217956,0
26.610484594686717,2,645.1319431907721,2,32.74144964688021,1,0,0.09014916,0
32.098323874531985,1,683.0961647238369,1,3.683646685293184,0,0,0.07870508,0
20.1133589982379,7,924.0152796169546,1,62.62370178160085,1,0,0.016362261,0
15.069974128949452,20,978.222517857644,2,1.272619994553407,1,0,0.025105264,0
31.31918773151831,20,457.8945045520539,4,9.599998960035242,0,0,0.5414296,0
18.878237381151845,10,408.2113651979057,1,10.082683810039676,0,0,0.01107896,0
38.4984900050913,21,390.02673783010096,1,18.878704834638597,0,0,0.028200679,0
25.469559570391358,13,950.4132299426478,0,1.2641422887542362,0,0,0.016684148,0
3.734746823576527,19,742.2879724822008,1,0.8579999310184265,1,0,0.02001708,0
31.24615061981873,17,572.5399017739262,3,52.69402551079094,1,0,0.011688712,0
128.02431219859187,16,340.01944466267605,2,2.7107629868255434,1,0,0.031716164,0
44.55676436448246,18,205.04130769196124,4,10.584241253792026,1,0,0.071243465,0
59.37603611058682,7,290.4142738091056,1,1.166151829274181,1,0,0.045908432,0
51.65532891653912,22,185.1285951526808,6,20.23715606939226,0,1,0.79263586,0
21.041814793144837,23,1010.36057903097,1,27.135706163056383,0,0,0.02140219,0
9.092733494977065,18,1340.081447217014,2,25.42579758994267,1,0,0.024231901,0
72.80164542951316,13,868.1896289206178,3,12.599701179800697,1,0,0.06699923,0
92.31624682301734,0,284.2571801257181,3,6.393458044046072,1,1,0.99582833,1
57.49203734743656,19,695.7258952956281,2,5.163909880494377,1,0,0.02612887,0
50.08192217445272,13,824.969638232426,1,14.675117509168604,1,0,0.04418954,0
48.66351633332212,9,284.4625170262862,2,21.27814423875345,1,0,0.03948922,0
32.30495866121322,22,68.44147147731995,5,11.640347840153032,1,0,0.086839035,0
43.28452706786134,22,888.2848838234895,2,12.171233610272305,1,0,0.019939274,0
33.579562290035376,14,1342.301340001397,1,8.65803953210326,0,0,0.0414091,0
45.519400514768776,14,163.7214283128615,3,6.860195950790731,1,0,0.062425226,0
13.29809863053856,5,361.9683833793099,2,8.887299808099444,1,0,0.111499704,0
18.052272014583927,17,240.93342058993227,2,8.651857981406243,1,0,0.022395188,0
57.541898303609,23,452.134190586097,2,54.57849230178365,0,0,0.23173098,0
23.926165987998605,3,798.1001734445649,0,25.40622340736669,0,0,0.047194675,0
3.204334326941883,5,363.5625515287991,3,5.099733350290878,1,1,0.9334687,1
37.464726949561175,9,940.086434536845,2,43.43893763866632,1,0,0.04212961,0
3.6491432911601698,6,151.5121334691942,2,4.921838743783509,1,0,0.09220009,0
210.39026381356183,2,298.6999072366834,4,8.338861949222764,1,1,0.9879815,1
66.54315571312202,15,91.82694910619,2,1.4470305966648738,1,0,0.058997843,0
63.57276628113614,8,811.6594515162876,0,29.62147590083957,1,0,0.02173226,0
17.518443324084554,0,102.2662887827663,0,60.07521513259361,0,0,0.015637336,0
11.207669711661124,13,430.9668053068814,2,8.587711576618492,1,0,0.02748038,0
27.10788434706027,15,591.8548122869316,3,27.60526619383872,0,0,0.1644698,0
33.91339925295981,6,109.63211977873964,0,22.88583836871932,1,0,0.010767905,0
15.841524911287838,7,569.3613410525024,1,14.27596227252636,1,0,0.031112326,0
38.77100338711395,0,695.9458891954168,1,23.814386530298727,1,0,0.06069999,0
64.52346086577968,12,633.0459094027995,2,14.027769663490655,1,0,0.051283516,0
59.32345149201388,10,381.3912542289707,2,2.010214537024995,1,0,0.057229366,0
12.259005347891874,22,225.21771397430624,3,19.50076489493616,0,1,0.9014653,1
4.157783504522217,18,826.808582391711,2,14.77165548313258,0,0,0.020383978,0
33.4449801389623,17,340.7362055864229,3,35.05522111753047,1,0,0.016490117,0
17.697189271021134,9,136.42151823045776,0,27.402173298980298,1,0,0.006001024,0
51.24760399522217,16,705.161983915026,1,20.65791408916869,1,0,0.026785921,0
161.57934606639952,18,331.32103422811,1,13.515129649174389,1,0,0.028078035,0
161.4366360209724,18,1542.6358514136225,1,13.223363834130112,0,0,0.44658518,0
43.98167478912213,9,409.39288492056335,1,15.423807704646055,1,0,0.036283504,0
96.8851683156427,22,461.0982412576189,1,20.174477354522548,1,0,0.013401849,0
161.948098870004,13,25.93837132399939,3,5.315555016468769,1,0,0.09186968,0
34.96086114358808,13,225.51352854951097,3,30.576042992765657,0,1,0.8995641,1
43.447657504138384,7,83.18807930399953,3,11.935882382733077,0,0,0.9861624,1
75.81862755731757,17,120.70481948558128,1,8.648794478497436,0,0,0.094507955,0
32.36730101517889,2,747.1995016183058,1,17.839495362819168,0,0,0.06207373,0
20.767533178365024,11,105.2546000938818,4,13.854283659386232,1,0,0.083390936,0
16.33921396522725,18,215.6720751624162,2,8.582048173317302,1,0,0.021736924,0
33.76074502051378,21,203.61946715225616,2,10.882763930685403,1,0,0.01869533,0
18.51242471124456,12,315.5604850355674,1,3.251488505925361,1,0,0.034027476,0
72.10790008419107,2,390.3181853292785,3,9.283292730531254,0,1,0.97543746,1
24.424533598187363,19,1396.8861283164306,1,8.182882821308487,1,0,0.034113243,0
136.52210964088786,23,374.2603149278293,2,17.19084920378849,1,0,0.01598986,0
107.21443855849544,18,774.6269833146158,0,2.2423547554559837,1,0,0.022368731,0
10.284161000169568,18,434.0922792774653,2,24.85265303194793,1,0,0.01043422,0
94.71103608008949,18,603.751025564247,3,23.38961286832785,1,0,0.028488401,0
22.92869834457037,23,279.4409855932658,0,13.697149154936431,1,0,0.007102344,0
125.07851715465505,9,60.530477613615545,3,23.61110108886635,0,1,0.9927537,1
55.12414144721962,4,565.9104368410556,3,8.07129819678365,1,1,0.9207955,1
32.33274243787664,7,91.04211416762854,1,6.66175586156277,1,0,0.04360546,0
64.2505458856222,0,1445.858994428372,6,37.37905209581874,1,1,0.9895555,1
19.85958387553412,5,1222.4878452077278,1,0.9822192611197688,0,0,0.04112199,0
46.3377109526806,11,208.25064781916828,3,18.675892615961573,1,0,0.0534218,0
48.911947334195865,11,527.2261364610893,2,19.506954731836277,0,0,0.047586963,0
29.445508299202853,5,1027.145678143506,0,3.252639547831839,1,0,0.025461532,0
49.063603662299045,14,513.4612843260727,1,7.922371813576169,1,1,0.038816057,0
13.073503168476714,7,821.3735641368592,2,23.974243407647865,1,0,0.057465054,0
57.79961681048889,20,790.6706284511099,2,8.509717992024944,1,0,0.024730198,0
10.6995662427488,6,99.31962507226304,3,34.89574422747495,1,0,0.6110694,0
61.582376215929024,23,344.84132480608406,3,1.9879499456122935,1,0,0.019323712,0
53.36225609995108,2,772.0981725279474,2,11.777246516449656,1,0,0.10583646,0
66.91846642758642,17,529.2996247800677,1,10.377647906263832,0,0,0.04972798,0
20.02909192217017,15,1154.9152887458697,2,16.20154855655506,0,0,0.031744372,0
615.3407770487705,13,204.57059659805063,3,25.79081622066304,1,1,0.34395158,0
27.51162149343288,10,658.7695687315949,3,61.62942025018735,1,0,0.024509208,0
39.49376013404438,6,451.82345902559337,3,6.009406489373573,1,0,0.7270163,0
16.676432607431252,14,125.5714436754924,0,2.3030532758031925,1,0,0.018878194,0
133.71328535953316,13,2254.03998963449,5,10.58304990217146,1,0,0.10075216,0
21.894785789759872,17,269.9539817179883,2,0.1594466289999349,1,0,0.029508691,0
88.32873400047153,6,678.4872313963155,5,26.49694922238448,1,0,0.41805655,0
13.973478456769383,2,46.106422507144266,3,10.632640595471589,1,1,0.997297,1
46.173917183494176,20,238.2445394477439,2,22.0744083373121,0,0,0.08741642,0
24.17122050627721,13,238.650414728011,3,1.7878609290779592,0,1,0.91755784,1
83.46373941896705,5,148.08764714875258,2,12.110391517888056,1,0,0.11089254,0
26.12994436816695,11,1560.6981833785449,6,8.423768585691574,1,0,0.12762645,0
15.179556651186674,9,554.0850410967381,0,26.74851918200415,1,0,0.010909688,0
53.0320848529451,13,130.91928266724946,2,5.519315507806648,1,0,0.057511896,0
11.115650488465404,5,402.40550918810175,3,21.745931233647536,1,1,0.8701961,0
13.922788607959568,21,506.86180388295566,2,7.5192669680005295,1,0,0.013135344,0
71.73966263202513,5,19.410912092702173,4,23.01692172693728,1,1,0.9887715,1
5.853776394652841,7,1244.649910647327,1,15.649445425870264,0,0,0.020762717,0
71.2521222199294,18,124.9827344647443,3,9.581263349172808,1,0,0.053372614,0
23.701120846704296,1,479.3978799050172,2,16.871347881512794,0,0,0.13945742,0
14.555009783600772,4,60.73382953495892,2,16.49570699162785,1,0,0.10707686,0
43.78200038086024,2,404.3932521602928,1,5.434587477720224,1,0,0.06218185,0
63.29393956692548,7,170.70358401867952,2,27.22694623303072,1,0,0.053066183,0
19.98274720558757,20,414.19154283808473,2,12.42330979412324,1,0,0.013050613,0
29.457412072334243,1,1372.3690987015868,2,16.05181949069196,1,0,0.12464994,0
74.41017750458704,13,652.1523552859979,2,63.9169375067819,1,0,0.011613487,0
71.19580468150755,21,999.338504536637,2,17.16441570907057,1,0,0.023907522,0
33.25054236393344,0,443.1923071664135,3,0.0146482679411119,1,1,0.9967847,1
16.839194191496798,21,604.2806775468623,4,7.221356716251826,1,0,0.027235093,0
14.26788182829102,12,1002.525446235431,1,0.2757645447372651,0,0,0.018679652,0
19.897064561896997,9,437.9531064716686,4,12.71924562755585,1,0,0.07083484,0
66.61617374985246,17,434.4057458895244,1,17.091309682661578,0,0,0.05615525,0
60.52876045401428,22,736.9567767454536,6,7.814520513204514,1,0,0.018639578,0
46.765506772817474,9,170.6419907086358,1,22.92143589141875,0,0,0.03948251,0
131.00294573952408,5,282.8214066817207,0,13.586632046312086,0,0,0.5218645,0
26.454650933411894,10,334.42841353377406,3,7.51320803874233,1,0,0.059753116,0
24.55041965494187,6,341.50015996599194,5,6.412108326311784,1,0,0.5831902,0
24.44857968332434,10,510.4198665924932,2,23.45291145742048,0,0,0.025581945,0
214.54834579220667,13,268.74071181704414,2,22.557959942562,1,0,0.04195615,0
5.041056688931718,16,9.387585844101094,2,0.8959179274087987,0,0,0.053636625,0
46.42765598101244,5,515.5501167458632,4,18.67146648005392,1,1,0.90188146,1
53.82190800104938,22,593.9145357057023,1,0.8171847466400382,0,0,0.04645912,0
37.46786776452584,21,272.30509525921747,4,30.846067358554347,0,1,0.9342552,1
321.0928802990691,21,341.586314445504,2,18.394902945920723,1,0,0.018289702,0
107.01306145884632,23,822.0798083947832,1,10.52930971579745,1,0,0.016664227,0
73.3834233603286,5,1343.108104542356,2,40.81610553001412,1,0,0.1281588,0
15.184278661575677,2,287.3556669200348,1,27.748150767648188,1,0,0.042661045,0
56.78805929129258,12,176.69702198345675,2,9.630689571580062,1,0,0.050567176,0
25.003428486815647,10,1406.351358864354,2,0.068813907609137,0,0,0.047044955,0
37.06362990068041,17,357.29014852886667,2,7.742058327585524,1,0,0.025229733,0
42.99439218026916,10,768.8233114887818,3,2.2574462427909205,1,0,0.08206547,0
22.598559034064145,13,311.520120926065,4,10.89750838536835,1,0,0.048386183,0
64.70775867515086,23,400.1313774128156,0,17.300299418240716,1,0,0.008509074,0
165.88722756263624,15,694.7946113193044,1,71.91845119019648,0,1,0.99140406,1
94.79883163319936,23,87.14935182611161,2,16.951697119096714,1,0,0.027148658,0
43.8057071186252,8,750.7814830693848,1,58.03790904887659,0,0,0.259808,0
5.785757005472011,1,751.2969294123225,0,2.9778122178832342,0,0,0.02456751,0
99.6381721126308,9,307.8207227193928,2,44.88882434461713,1,0,0.028345432,0
98.85278802920789,22,365.8735608330781,0,6.360626993907203,1,0,0.01617827,0
29.87505923072591,0,583.5140818556276,3,14.60251696657786,1,1,0.9936699,1
22.875338652698275,15,1011.891103427022,0,11.4830295205989,0,0,0.01637798,0
66.73522429466168,4,506.26554389296336,1,9.691046028622162,0,0,0.063136205,0
16.762666086824442,11,434.2836920859403,1,10.522652266285682,0,0,0.010679925,0
76.08582119186794,5,677.4994588483429,1,4.442739339820095,0,0,0.07749384,0
13.016128065301022,10,382.8299037020401,3,63.628520884140464,1,0,0.020222524,0
15.130737427165398,15,222.2329793752724,2,20.835919367410757,0,0,0.02837428,0
36.570162371993554,20,421.44255117730825,6,19.14323732484937,1,0,0.019331615,0
9.153316523143006,7,959.6104958002228,3,12.436763361827657,1,0,0.33153018,0
36.12653214352047,3,279.6493087208542,5,23.0345715950372,1,1,0.99127007,1
59.517567328936,2,646.4431088497579,1,63.690462429584734,1,0,0.025317973,0
10.473132153874271,9,410.0281049113319,0,39.08232502145175,0,0,0.012090221,0
86.28554854898442,14,274.045507445446,2,37.93240982480406,1,0,0.020046247,0
21.31326447845533,2,82.33824996866589,0,38.68769448220415,1,0,0.009207551,0
60.55506374854519,18,1300.0329928897486,3,15.02099217206025,1,0,0.048518207,0
44.211022569716135,9,281.5207632290847,5,4.871321654999693,1,0,0.065205805,0
23.565755214399875,8,115.59349628539096,2,33.36325645357864,1,0,0.02328046,0
22.136106212731704,19,974.351673414536,2,2.892590466093362,1,0,0.029684084,0
7.2848510551934895,12,533.2516259418724,1,26.999959914589788,1,0,0.012270045,0
18.83170003117335,19,537.1919355306206,1,0.2418226217804129,0,0,0.018175729,0
17.5655923812716,1,365.41233105565146,3,29.917299062302487,1,1,0.99292,1
169.61653375482342,3,501.50499149308473,4,2.896597667115319,1,1,0.9436969,1
94.33288906110366,19,779.2420395366784,1,2.1524465073569528,0,0,0.08933891,0
10.020565072886276,5,737.1127455033829,1,15.458296297058412,1,0,0.04581894,0
76.97258407100952,12,312.18572712286857,0,15.258456241192464,1,0,0.023380635,0
44.71594941627024,16,1402.9953429232337,1,11.19644988630921,1,0,0.04635663,0
25.40842302940208,23,235.4089082525758,3,6.712878708274496,0,0,0.9251448,1
56.0352853784096,4,235.4562755249817,2,2.1782409449285844,0,0,0.1655415,0
76.32843760089422,17,377.13660400156886,0,19.720033639225555,0,0,0.15222894,0
21.29821001029024,1,354.1216302884287,4,37.65170957553521,1,1,0.9987381,1
28.09105700867071,22,528.4968908164997,3,86.68307113870476,1,0,0.0023957985,0
42.47420510479984,20,116.98917111000496,3,6.309813766504776,1,0,0.047247726,0
14.442384702735282,8,673.523432885951,1,6.986696489039413,1,0,0.03762418,0
43.25366825947874,0,45.488861093059256,3,6.435965365113332,1,0,0.9992347,1
33.72982962331277,22,53.937873304157286,1,6.652741070073822,0,0,0.04283198,0
19.24158862851887,21,270.2047448987993,5,12.256213008397486,1,0,0.04044852,0
16.544031984473445,15,837.7418212313244,0,23.458194917711506,1,0,0.0153721385,0
48.48359047763454,14,363.20026562616425,3,2.0391529662243086,1,0,0.047553144,0
82.74945859087764,10,2395.0566027815016,1,21.110555046489743,1,1,0.50559443,0
49.66671451749532,9,637.5980121043312,0,12.300838817195006,1,0,0.025884945,0
16.350904353860805,18,759.2459812828135,2,30.91892698971596,0,0,0.023964752,0
73.50574315875795,7,653.6680336384197,0,0.0925692819889853,0,0,0.05000554,0
42.75057915022093,4,494.678092007624,3,48.7715019453633,0,1,0.8103468,0
63.48789876653328,9,156.88881676501276,3,1.498681093217502,1,0,0.08990388,0
108.42562182508787,17,801.1602245592117,2,16.737411580748017,1,0,0.02837295,0
15.656457728675363,21,31.082440111919137,1,40.880902946407815,0,0,0.018294249,0
31.997427641531107,17,496.62426299298494,4,8.601889707114207,1,0,0.046210133,0
20.847998834488973,13,461.369117241019,3,4.740517539931603,0,0,0.38704196,0
16.093524667155002,4,883.5208560728227,4,15.710780657912814,0,0,0.80573326,0
238.12323598933492,3,1027.68621238495,3,2.079848660072974,1,1,0.3438985,0
87.86066429675675,15,336.7839543965872,2,0.6565620548383788,0,0,0.1235145,0
6.986353980142741,13,701.739282649817,0,1.4411481724864168,0,0,0.00822681,0
54.38934929260655,16,425.0291251713804,3,27.231365440230597,1,0,0.029180946,0
21.699043597145437,7,141.9326134959944,1,19.490775902007268,1,0,0.019028826,0
106.86090929402688,23,929.1860998779656,2,14.625173101492164,0,0,0.19107056,0
39.484791000119614,21,527.5956738621203,4,14.560187985972592,1,0,0.029036887,0
31.021042314528568,3,88.4202668210795,1,53.87157753645184,1,0,0.012297931,0
41.731021362384006,3,275.18335353416046,1,3.011171356308401,1,0,0.06014458,0
52.29616052037821,1,482.1253444840957,0,2.355379079381117,1,0,0.030925002,0
37.57043305729542,11,405.3083068679163,3,21.523313711107427,0,0,0.48127213,0
29.74994576813429,11,657.9172529456075,6,50.78617745417289,0,0,0.28065577,0
32.11117627350231,0,779.0514287934182,2,44.12101575587052,1,0,0.08155827,0
58.926768247689616,18,368.4122774590807,2,54.83165137672631,1,0,0.006891204,0
12.721359774958689,6,62.02569776527995,1,12.592764122719482,1,0,0.028208807,0
36.47815617016984,8,740.894348844296,1,4.894882876471137,1,0,0.044013366,0
32.66979926281308,17,437.2328475280213,0,38.52526895141126,1,0,0.0064541665,0
23.20635560669189,4,137.53742137038503,0,0.5343433939991562,1,0,0.031324178,0
72.75042698793487,14,260.184182759039,0,10.23195746149872,1,0,0.024064267,0
10.945166749024088,6,238.45734761343095,2,10.122838099215404,1,0,0.07711335,0
25.981061354721763,22,993.0061508049032,2,0.7397664867245137,0,0,0.046098508,0
16.486488790331872,0,328.82161371902475,4,5.184281032343107,1,1,0.99938416,1
60.84308708934992,3,784.0512470141911,4,81.53755276438201,0,1,0.97755456,1
23.61168041421873,0,531.8539477333052,2,9.426676704749696,0,0,0.18794623,0
38.26972187860575,11,508.981629231188,6,29.97228624012893,1,0,0.042708784,0
52.38663931710903,10,352.677256091381,3,8.536252001895036,1,0,0.06769362,0
8.223182727643884,2,526.1812665018044,4,42.68710424798015,1,1,0.9947291,1
55.78768325642408,6,800.8375963233492,4,11.6861089601014,0,0,0.4197227,0
18.18169216418726,16,339.0362324709269,0,11.909899869256996,1,0,0.01338951,0
28.83020887352,4,2054.4500321511096,1,64.86774560802942,1,0,0.21950369,0
32.923315371706224,2,588.6114179927575,2,11.349683351551022,1,0,0.124605,0
77.8423500341628,4,435.0095521577607,2,37.93930923893757,0,0,0.57773703,0
72.88449043484763,22,262.4365430381247,3,31.482063421707466,1,0,0.017916497,0
190.32519106383515,18,1252.5813450229966,2,33.86052932988006,0,1,0.91821086,1
43.1531625111699,11,645.8533214517022,1,17.31100161068142,1,0,0.037368897,0
23.4386913277643,13,291.7222969028024,3,0.4090387507496312,1,0,0.05109767,0
22.87548726040889,12,816.7911644543777,1,0.4910244818243643,1,0,0.04339557,0
67.36434441089258,1,307.70595104232456,4,34.38174379600197,1,1,0.99835736,1
163.46131959276457,8,592.8108664571748,2,25.50341909305686,0,1,0.8572325,0
50.30569968772294,7,791.9603637173495,1,6.708489491135047,1,0,0.04292072,0
21.357498844360343,9,714.5562861517714,2,16.68279123096939,1,0,0.048384503,0
47.28185371695276,22,394.801933204027,3,10.195086573589032,1,0,0.017761447,0
46.466854821737336,20,851.0671222314503,1,4.79472430416282,1,0,0.02371213,0
37.7259084967504,20,307.38159386813595,2,2.184443895340372,1,0,0.02189266,0
18.285984228210665,18,801.1883596905868,2,48.39981518525316,1,0,0.009961575,0
3.4190314878771333,12,710.3526250006988,1,27.42969083649916,1,0,0.013719912,0
22.168051901787464,9,280.45122485338794,1,9.643981715566763,1,0,0.028923387,0
97.82672628929242,7,366.2947128038483,3,17.47691985051752,1,0,0.38139907,0
44.63069583397549,19,192.9991866988533,0,16.039706742786745,0,0,0.025032036,0
4.652738887743452,7,752.1157641318056,1,7.707913200168847,1,0,0.041335493,0
36.76866955868162,9,690.0641700470533,1,36.94654526807251,1,0,0.019677937,0
6.520261787389762,7,273.656739097415,3,31.58262638165032,1,0,0.1585776,0
234.65989821941656,1,575.074267234307,1,10.238297206367136,1,0,0.04293867,0
43.72203691311889,9,145.72155927415972,2,42.95977840650592,1,0,0.022513706,0
11.896273949750777,5,742.3764036967436,1,37.5701752063881,1,0,0.021730872,0
77.10002515992706,8,1248.210966069891,2,3.755075049815449,0,0,0.10247544,0
17.625961978219053,10,441.996000941712,0,1.3912399217814322,1,0,0.02264636,0
61.82987019236433,14,207.96787276429427,3,3.105746582398935,0,0,0.9595902,1
37.34557673167381,10,456.793951874126,2,54.00468446423572,0,0,0.119506545,0
12.15963100941295,22,99.39911177942189,4,7.114436619084634,1,0,0.062128913,0
68.10239082774274,4,172.287740767395,4,20.985117543407565,1,1,0.98881906,1
10.477624626059413,3,1244.1481854842432,2,12.406028971453336,1,0,0.12368597,0
127.97277236309203,16,228.06377254451132,2,54.10795414468722,1,0,0.017349355,0
38.72583810691456,18,806.7166882128506,1,12.675172591599804,1,0,0.025717555,0
14.00150143432179,5,293.0957787488532,2,12.548297459129715,1,0,0.094863795,0
6.7328566856124334,20,161.02494072645868,1,3.865322161948632,1,0,0.016789064,0
165.54829120882022,15,428.8009579560139,1,5.527518955987794,1,0,0.026951993,0
141.92951441720356,5,142.42730103641094,0,5.033839450994746,1,0,0.030700078,0
11.314516161422798,12,115.51915782819572,4,17.612980086606893,1,0,0.06403798,0
170.29078264806742,18,250.28343984393325,1,21.483588327243226,1,0,0.032811213,0
42.780329053313785,15,103.22594494104918,1,13.117133409341754,1,0,0.030868186,0
29.766179409036457,6,631.464410327344,2,0.5617521555194285,1,0,0.08961271,0
33.743744561747135,21,452.2672227213448,4,5.288880600809421,0,0,0.5523779,0
28.481000442142143,3,573.0591628232675,3,1.1485039607609746,1,0,0.97359043,1
139.2683683924811,17,420.1124897981612,3,24.55314979255712,0,0,0.88386583,1
42.10742490056598,14,1199.5936677647717,0,1.4008302001408477,1,0,0.027333835,0
6.549326336039759,14,111.04726478436976,3,7.472552023229243,0,1,0.9698108,1
258.45516841125203,4,1717.5250481870833,5,48.28272456431905,0,1,0.98138773,1
83.38979237092711,16,151.5538687298491,3,6.524676924445189,1,0,0.056718156,0
13.239595906265258,7,281.5646651763392,2,14.892942467222468,1,0,0.0459373,0
26.23692479582974,12,636.8171062424813,4,15.00160233734166,1,0,0.06724314,0
15.726337958814469,15,441.0994459190871,2,50.498544114798,1,0,0.0058132536,0
38.22619690952537,23,350.34688573194643,4,38.1659905212963,0,1,0.74775267,0
52.88829630779474,12,806.2347284096309,3,46.03840498357839,1,0,0.0367579,0
45.71388414645794,19,508.2012199784672,2,9.86847083573283,1,0,0.02199639,0
20.93143262359839,0,355.742411274304,1,26.444589196262825,0,0,0.03975131,0
17.33376935494807,3,1328.434189842091,2,0.6878394060605664,1,0,0.10533771,0
80.7200212622419,22,1661.9930862250155,2,38.45945297170071,1,0,0.033395983,0
33.31822000535861,3,317.5515017849752,4,7.685665581042563,1,1,0.99392796,1
299.3999483244628,3,342.3525735804964,2,17.139024882234565,1,0,0.122040175,0
17.222347565191388,10,760.5107516216665,1,15.837834754593922,1,0,0.028855074,0
76.42655492834432,14,431.7311792427423,1,26.830568954175085,1,0,0.021005332,0
38.30810435166662,22,431.821886871705,1,36.08604194677834,0,0,0.027520934,0
17.99735177447008,21,347.1122258098092,1,2.501183069713334,1,0,0.0123930145,0
130.61596214352443,3,800.8822523229476,3,13.890422512579963,1,0,0.72408843,0
41.07426619921584,19,588.621543895239,1,4.576711833081519,0,0,0.02798897,0
15.88323815467024,5,1408.503308984746,6,2.113272591779744,1,1,0.8157581,0
27.16868129525237,8,572.8701088077695,2,23.471788429286136,1,0,0.042145498,0
94.65331654902612,23,207.01569059653275,1,29.01420972464812,1,0,0.012059766,0
11.657802034649963,18,871.4982191426872,1,0.5987971038565689,1,0,0.027254188,0
132.65230951789053,17,489.7719820988127,1,13.963716561225546,1,0,0.02530169,0
69.40155863902565,6,214.8488170502188,3,7.171153255888404,1,0,0.67941463,0
28.21573619991645,13,262.9250734726004,1,13.468425023279494,1,0,0.021935668,0
129.9915702699669,21,56.5201419510253,1,4.392635433944098,1,0,0.035634648,0
187.5469314312469,3,198.20267937813503,1,3.003222510133738,1,0,0.04177309,0
64.04527789328704,11,653.5793890174305,1,1.644170557096861,0,0,0.045855414,0
42.92404909454745,0,835.2681251739017,4,1.4324424843650596,1,1,0.99656713,1
205.6896172046644,17,1234.7950821293275,3,1.0578415070475318,1,0,0.014801129,0
148.08432060419665,7,788.4946797139171,4,21.85211744724403,0,0,0.69497204,0
15.381725038996631,18,272.99778426515417,0,15.057845225837823,1,0,0.008807561,0
30.16243996519601,4,380.8740776150856,3,5.498614644856917,1,1,0.96989733,1
29.92396794090562,19,523.4548194137634,2,45.29710803299216,1,0,0.0075737494,0
24.920044601880004,21,422.9797849230143,2,11.835327674254591,1,0,0.012252166,0
9.015392635580351,23,121.28747044625544,2,40.65208996888375,1,0,0.0056984024,0
85.14003064658057,12,278.1945892913543,4,16.49112032011368,1,0,0.0678204,0
39.58232045446847,14,538.1776249575936,2,8.527844353982356,1,0,0.041244593,0
40.14457788244975,12,198.90134870678352,1,30.72557021629559,1,0,0.013646589,0
136.85549952941602,8,193.28704595093072,2,2.6227051432920776,1,0,0.062122036,0
21.55583580250503,14,1478.395134268217,1,0.6448031692421746,1,0,0.041986533,0
34.697335204775094,16,782.8582413211433,2,3.9693935595007392,0,0,0.050684597,0
47.30707747574369,11,516.4908320739548,4,21.44952731029928,1,0,0.07548824,0
24.403028715935395,3,216.91034948307328,4,31.073869092871373,1,1,0.9972011,1
32.98076439283837,5,307.0978812143036,2,48.25244519481521,0,0,0.07451181,0
75.07576433666473,10,225.6710826503904,3,30.609286683569152,0,0,0.94002783,1
36.30307486739424,17,493.187578933452,1,7.102236927196259,1,0,0.024698567,0
127.53465087285576,10,641.4359020016042,1,19.78449385783573,1,0,0.036127627,0
18.09628864653635,17,133.01192519412058,2,21.509740368000173,1,0,0.017918872,0
44.224812261553474,14,107.18903868528754,2,27.104516619469265,0,0,0.11248269,0
9.59276464620031,21,443.9380934183189,0,3.630461075182237,1,0,0.009566526,0
32.75475788456736,9,209.2965166662153,2,5.918468721828052,1,0,0.05213787,0
18.929313109600688,11,181.93963047167173,0,29.46360833800529,1,0,0.0059477813,0
131.4743650678025,2,294.3693937063535,1,4.549180200085688,1,0,0.053341065,0
73.62765660349827,3,671.0639543233373,3,13.063170058514451,0,1,0.80043375,0
59.03280468887404,6,122.28760092658636,1,21.98259476020106,0,0,0.07332076,0
207.1263863010224,23,838.9716051423167,1,0.0770472662863336,1,0,0.008893712,0
142.06048397457656,3,293.06950130384564,1,13.820510596153149,0,0,0.55273736,0
71.88777565433179,0,1237.8631928643988,1,15.61633543268919,1,0,0.05875211,0
19.132198328699022,19,389.74867756043096,3,0.1519201691007619,1,0,0.02684764,0
9.39832823993892,3,7.881163148411328,3,24.397378580115973,0,1,0.9979463,1
35.58916778259272,0,55.12228898788499,1,27.237596858104084,1,0,0.061708834,0
26.194347206010868,16,85.74512527036984,4,0.7792224510830815,1,0,0.10510483,0
19.913857312222348,16,279.156849848161,1,101.44144428035094,1,0,0.0013129327,0
27.846787690881506,20,1054.6355034087917,0,2.0931394146078217,1,1,0.021531928,0
7.7167102419680145,19,317.0800963472238,1,2.009205112988891,1,0,0.015192659,0
148.88033519675182,22,290.73348419024626,1,70.43178074020824,1,0,0.011325793,0
12.50780680037524,20,1376.543476944045,3,20.03554352741503,0,0,0.037632573,0
19.44005764990628,14,196.304102218051,3,7.118939606328464,1,0,0.047719322,0
62.59482757376765,19,184.34215028005872,3,35.38415324226676,1,0,0.023865063,0
7.897344300679219,6,102.49969357056796,2,6.958632039554835,0,0,0.052021798,0
87.17193035240275,12,537.6223299423275,4,2.7217254473619774,0,0,0.41901538,0
88.57730254331918,0,405.6258778480129,2,9.778860852072825,1,0,0.121430196,0
27.25886082417161,10,189.91415340790465,2,3.9038703380581343,0,0,0.052451592,0
13.247191449425234,17,624.3129955338012,1,2.6420861984544386,0,0,0.0151313385,0
23.412603320263823,17,177.53300349075704,0,32.771539906508124,1,0,0.00573179,0
6.390155782096586,15,133.384264949112,2,14.55006269320086,0,0,0.032042705,0
135.56357605417102,1,191.8072360831062,4,9.744066112121356,0,1,0.99876654,1
38.519535328816346,2,367.0493134565193,2,8.611697391605878,1,0,0.14201638,0
18.26865773512498,7,839.1063724303569,2,9.128367248950456,1,0,0.08291681,0
15.539891219737324,17,214.16717667089907,4,8.218148753819431,1,0,0.05886688,0
62.90051369752075,11,798.3930801980871,1,6.611598409302527,0,0,0.056508552,0
151.2955799858609,22,134.0100194898755,2,3.2438831868546525,0,0,0.22235784,0
10.991909910012756,22,1366.9515540317143,2,68.08777666934932,1,0,0.008781475,0
21.267002795216158,4,351.3588063151681,0,18.20511534280944,1,0,0.018844808,0
6.94980957026501,15,135.41359645954614,3,124.04001738094397,0,1,0.9783044,1
69.3063808764368,14,367.2280802336495,1,41.82176420489493,1,0,0.012469572,0
42.43245455516286,13,929.7605113819932,2,21.49834357183254,1,0,0.0530532,0
309.5462825458575,10,313.57709623797854,3,17.652099115359597,1,0,0.2470145,0
32.5974368137881,12,73.36084227738614,3,14.454285765182474,0,0,0.9882609,1
24.241298815516995,14,123.23617021393196,1,6.516076242473101,0,0,0.025278775,0
18.716045848600118,7,217.65901101163527,1,1.82913365935878,1,0,0.045581475,0
82.0107400359242,2,1207.6314758523076,4,1.2556811194466049,1,0,0.9595439,1
7.8419998096280255,13,613.2974853001334,0,11.72735041183842,1,0,0.015758758,0
74.43997719772857,21,935.6272972543144,2,30.74931828448033,0,0,0.21540178,0
46.22578611054547,6,925.7056430217772,1,23.368083408007028,1,0,0.03995261,0
22.68392872231064,7,162.35566888159525,3,16.556230202341723,1,0,0.24510446,0
15.57529398358951,2,941.6852576731412,0,0.4411880471750197,1,0,0.02873852,0
99.32577894798963,15,364.1794240778671,3,14.28116344004404,1,0,0.040841673,0
213.28023480337373,0,1194.2789126636078,2,3.1375193416435336,1,0,0.04181043,0
23.994239261504283,5,834.5808372490183,1,54.14172649326275,1,0,0.019768348,0
60.42487994890147,5,184.98575177768032,3,9.989910458861074,1,1,0.92415434,1
190.7001667063997,4,421.7230281220486,0,0.2367525805864458,1,0,0.023206322,0
20.33854317845505,21,933.4483406924826,1,65.09291107020088,1,0,0.00491313,0
28.826879661809603,23,262.91053406081164,4,1.231739214885659,0,1,0.9061872,1
11.51524031384322,15,311.0118005200303,2,7.519347655235594,1,0,0.023315568,0
31.814075121751607,6,155.04798075065565,0,17.458072348660707,1,0,0.013254403,0
33.875926385204515,13,239.8557502805909,3,12.467445825020365,1,0,0.045375265,0
24.61232649206612,22,309.9889639868962,3,14.385880929447012,1,0,0.017307084,0
18.15418067263029,15,205.83633849981504,1,18.071552659495445,1,0,0.012703005,0
8.150520050651084,20,127.07706620870368,0,22.90452103340647,0,0,0.007813811,0
10.214151024396676,16,886.5561187292326,3,12.000147821649133,0,0,0.088808544,0
14.480311638923697,13,241.39714873496217,5,42.81538606393916,1,0,0.024816541,0
67.26450671192542,21,675.0169310516414,1,3.1648212594048646,1,0,0.01894783,0
22.570952163314285,13,409.690811678956,2,12.450953296146714,1,0,0.028740097,0
16.30127751293486,16,918.2958658034752,3,38.1847614995605,1,0,0.027409894,0
68.25681873350774,0,102.97155611322562,4,16.9936126538865,1,1,0.99968195,1
62.45748343295603,10,131.76936326916888,2,21.562624429544183,0,0,0.19476506,0
17.87230046248659,18,127.21956982563532,1,3.240023837936411,0,0,0.026697986,0
20.17903519741028,15,369.4389934433383,3,42.44021811493565,1,0,0.013954792,0
68.56808641509903,16,503.2073979582376,1,9.800394985623155,1,0,0.03195354,0
51.77770713167372,18,254.90053359446247,0,14.389880615181552,1,0,0.015771247,0
16.53341592362551,14,342.55366790437995,2,25.125684256868656,1,0,0.014857067,0
46.00341053803072,2,743.1003551006062,4,47.63941566411779,1,0,0.9829642,1
35.58895524447991,19,53.59715228094459,3,22.08548842463125,1,0,0.0418314,0
105.59713570453457,12,755.7543645118951,3,8.462098105104047,1,0,0.056355346,0
16.02995923602383,11,368.2265504122626,3,22.34189719854327,1,0,0.038677387,0
84.79588797147699,9,201.53131329120853,2,3.162637048292841,0,0,0.1515466,0
55.22159436213701,9,391.471895621779,1,7.291320281291592,0,0,0.02973184,0
14.007968640725377,4,393.5170219840857,1,10.057902539346344,1,0,0.05611104,0
99.8731516728499,17,206.51249948525577,2,8.462358431075312,0,0,0.20572671,0
87.0061416623418,19,491.89100343063,1,0.8449888580281797,1,0,0.022832284,0
10.417898409021973,11,124.16868724151315,4,8.766935613212414,1,0,0.073192924,0
241.9356580339902,2,648.4764745853831,0,7.510524847508598,1,0,0.027120655,0
12.271225167884763,14,158.30141931478835,1,1.1396047661866795,1,0,0.03125865,0
15.239266399437598,0,298.21134292448426,3,9.91898312424303,1,1,0.9980502,1
26.907233537174807,3,272.34266525038964,0,11.961785343110224,1,0,0.02693856,0
76.3078390049082,4,78.1349409665933,3,0.2813171668866286,1,1,0.97858423,1
63.8209842433624,4,1328.3549227874876,3,61.69056617700687,1,1,0.8277783,0
33.4351472596719,12,1509.9285027507754,0,16.499080543992168,1,0,0.036991335,0
134.88176063851245,4,455.6236197621986,2,24.7871893022578,0,0,0.8074287,0
53.874421482702346,12,215.6162564506893,1,10.426442146687474,1,0,0.0337563,0
138.81095727270127,19,610.7683659126093,2,11.704465167434774,1,0,0.017677918,0
540.9141394823718,20,566.8711726291848,1,1.1115266385024702,0,0,0.049029544,0
44.032894439355736,23,136.90546153429102,0,83.97595999498296,1,0,0.001754459,0
3.1170776758671885,19,541.8190192475217,3,7.234475107757646,1,0,0.020519165,0
23.73475337803669,23,812.8908092344184,4,16.667845524054673,0,0,0.048551105,0
13.064006988844165,19,252.15743054277385,4,10.00309376828534,0,0,0.94988227,1
39.97434861926688,13,237.6702612212212,1,2.7290682523091503,0,0,0.03203185,0
40.18827054931098,1,572.4121029668257,1,40.87621507942028,1,0,0.038644712,0
11.291228348380992,18,463.5222003748832,5,10.674181038062947,1,0,0.025704589,0
12.108821413508675,4,910.53305606184,1,29.097843335538503,0,0,0.031820346,0
28.411861439396983,2,241.43698513246687,4,8.701273307955702,1,1,0.9981142,1
30.305346241212945,12,1939.0560057395485,2,0.0067977580406072,0,0,0.07055259,0
3.0000245269959995,7,1022.3709933162936,1,1.8155856986702124,1,0,0.04903231,0
93.23386951229338,15,348.61235188202335,1,6.940179511337033,1,0,0.03592117,0
37.7048207886017,22,655.1391855551938,0,36.85343187648634,1,0,0.006311194,0
36.24852417997136,0,478.05854900563247,3,5.065946208465898,0,1,0.9841793,1
48.696702424952825,7,882.5121210625837,1,10.842232637348,1,0,0.04313891,0
13.65549889532431,20,332.4725934558165,2,6.085150608827027,1,0,0.015259802,0
34.84918154057592,3,426.8219975834781,2,10.490759835894533,1,0,0.13508014,0
99.52933319794826,5,202.000109330459,2,5.815605210065885,1,0,0.101094306,0
103.38557547016576,10,383.0933704749885,3,22.904212765299988,1,0,0.06988352,0
57.14671067701192,12,308.38704904535257,2,22.7563322315744,0,0,0.08746111,0
27.95234726608436,18,113.589552575126,1,56.91957117059663,0,0,0.033235557,0
16.55377305016196,18,343.51199558162665,1,16.54505711946343,0,0,0.013474993,0
131.04902858729227,23,388.1706050898066,4,23.595588869320043,1,0,0.023661295,0
60.76340117361139,8,593.802126771208,4,66.37761546316433,1,0,0.15708956,0
24.30526399625834,0,325.8050949685701,4,4.226303592854254,1,1,0.99932826,1
4.47347582349538,21,606.0141918790679,1,11.893740965954644,0,0,0.010648512,0
15.755675199340567,15,666.3077290645361,1,12.823597657152929,1,0,0.025434878,0
5.639949104090224,15,85.4655047295893,2,4.182430619349313,1,0,0.034364074,0
122.5852462471898,20,681.920701943319,4,4.909449236312783,1,0,0.021240557,0
43.93544588864311,6,377.40292621020245,1,1.9927573155209868,0,0,0.027230982,0
17.752774847936035,19,721.3738675821255,1,21.38177738056994,0,0,0.014685393,0
27.964799841090706,17,153.70838268459124,0,1.6608998093647884,1,0,0.020776572,0
457.5063693174217,22,188.1950968431785,4,0.4353568342102851,0,0,0.7269186,0
119.48264032257666,10,515.1816683604438,2,21.877370416136085,1,0,0.042486206,0
9.887638174093569,15,228.74092820929093,4,9.008395236583691,0,1,0.9559274,1
32.21683093258915,14,1470.7639184534305,2,11.778633562401456,0,0,0.052255776,0
11.02487770078487,20,289.865264848588,3,13.374492620088262,1,0,0.020450497,0
6.810560216125311,17,380.4352066171679,1,5.119629413093955,0,0,0.01233143,0
43.37531693086675,9,144.37710856387912,3,2.716956463302738,1,0,0.083169475,0
386.91439472995467,17,710.5875647100993,2,0.578647494018651,0,0,0.1076967,0
168.21600309109104,14,108.90371049114324,2,21.537574594551604,1,0,0.04997019,0
38.19391870291726,19,1172.5780577133494,5,34.20204404543582,1,0,0.040838927,0
25.33098502739216,13,794.7383610548741,0,19.19271734580679,0,0,0.017971924,0
44.56986690748317,13,74.59869916967158,0,1.2767979386413044,1,0,0.027816622,0
100.7444566530019,10,589.3647664010173,0,62.97196246894213,1,0,0.013958545,0
8.748263287655206,12,683.7241795192625,2,3.6796393353686345,0,0,0.03148925,0
5.860626362828681,10,1202.027062439153,4,35.16047609219486,1,0,0.13148393,0
231.39845763725623,10,1975.305245853677,0,0.3312752802471571,1,0,0.018140303,0
48.17012432877344,16,61.06328856905526,0,3.302147447748533,1,0,0.027270012,0
177.01781368050715,17,193.66125900134796,4,19.24663222338424,1,0,0.057018742,0
46.21445489426542,3,482.5850155349443,0,16.362297888091,0,0,0.04823268,0
156.18721249590692,23,202.3624794244318,0,7.558765989497131,1,0,0.020999145,0
20.06945017578533,20,456.3497058799021,3,4.45178899648439,1,0,0.021180402,0
59.69848617360159,14,176.8030972391166,2,19.18948899286976,1,1,0.033956673,0
168.42338960202113,17,905.3965241595514,2,21.86763173299762,1,0,0.02262193,0
99.96573642910448,12,267.8340462706348,6,73.90528721058186,1,0,0.050458156,0
23.265008289454645,4,602.6088705790575,1,79.51091851471324,1,0,0.009758242,0
88.34094162743635,7,562.4330258878433,3,1.147375932713489,1,0,0.17302004,0
19.00763073666013,8,316.5890567573866,2,3.040979410117048,1,0,0.059371248,0
8.971926631946012,18,317.26478935977553,2,29.86165883806096,1,0,0.007598837,0
61.326262782404726,20,368.7831397664731,2,1.7413822067875622,1,0,0.020230774,0
145.60238155471828,15,315.1907232251838,3,44.76062089133875,1,0,0.04076823,0
84.65886522586847,10,547.5137861952729,2,7.084144418102824,1,0,0.059849095,0
10.564998820365274,0,784.582724485304,4,6.701962148524334,1,1,0.99774456,1
86.3682214301493,20,918.2494468502032,2,20.804607460671424,0,0,0.17169772,0
71.61292395175106,13,384.9276198523096,2,10.365575150233852,1,0,0.040025387,0
23.22707277025272,9,804.6913050834652,3,18.07543895721015,1,0,0.094679154,0
3.130694097309281,9,183.8139232827336,2,24.0455880585454,0,0,0.020868987,0
99.93069999734512,23,569.560658552796,0,0.0814579934379044,1,0,0.012635962,0
87.99274929506663,17,538.7786133640232,4,25.444632398335425,1,0,0.040296663,0
59.87182892412434,9,231.19719852080917,2,27.664865040347387,1,0,0.036833636,0
6.590698892470025,9,68.09812666901608,0,30.91384040503724,1,0,0.00371326,0
8.367568638423775,23,200.19234926140564,1,7.350712926584911,1,0,0.010272145,0
99.77746955043564,22,889.4210435716931,3,9.537743563274288,1,0,0.019882271,0
81.10598541442688,9,451.75336891955527,2,8.023568133411509,0,0,0.08638362,0
59.744286644954514,0,493.2401784589949,3,7.810026158259719,1,1,0.99349266,1
28.652255767231686,10,148.57079363465033,1,75.54251766575868,1,0,0.004090196,0
54.09663133135205,19,632.3288622594441,1,0.7031445705660281,1,0,0.023240026,0
21.378260444758755,4,1380.9511134687325,1,31.50676179168476,0,0,0.15289976,0
26.84014734507647,8,700.4235371329611,1,10.721064069667523,1,0,0.040637594,0
15.4735064790601,18,160.56939113339442,1,13.755602831591135,1,0,0.015394528,0
47.280151174972666,6,132.4687297182917,4,6.341088292872447,0,1,0.9933763,1
24.15650857386789,1,276.59626919235654,0,10.967776413053755,1,0,0.03271402,0
94.23803844873817,6,1156.827730166294,3,6.564183725682284,0,0,0.39768273,0
74.8571266088959,18,492.75819184432623,0,20.857391737813472,1,0,0.016098328,0
16.322368768713822,5,1078.0553578849267,1,16.568455686339725,0,0,0.029547377,0
227.3014673827232,11,141.44609427558015,5,32.69015104336007,1,0,0.14928173,0
11.986090932927215,20,201.91112758677687,4,30.29140437126232,1,0,0.027936542,0
57.27156063417157,20,108.688925770926,0,3.879841448896733,1,0,0.021438422,0
107.5463174612015,9,612.4855012368197,3,6.675216283486335,0,0,0.32460177,0
131.00403298070052,14,77.8498293943951,3,7.839151842462835,1,0,0.08136296,0
4.067737788459676,18,726.5837496451292,3,22.315315309386094,1,0,0.020580787,0
99.1665965022657,22,875.8219047822914,3,9.352977798747856,1,0,0.019799687,0
123.34006804459068,7,187.7948610799827,1,12.262398213653404,1,0,0.05050394,0
153.42962087343577,12,948.33744824631,3,8.098527761869486,1,0,0.040211067,0
3.987356532111952,4,588.1830380025054,0,11.670388771349758,1,0,0.026069684,0
18.645061066438547,5,401.17727583251553,4,36.07812198798823,0,1,0.9017924,1
33.16572570590019,1,1274.397306915963,6,8.113295865666009,0,1,0.9921617,1
23.462022643402594,22,163.7023470436189,3,19.168675419228112,0,0,0.96021056,1
139.38387789014394,8,125.89230258339065,2,60.18230078070548,1,0,0.072847486,0
18.59445602434464,21,52.419238297899376,2,1.8361185843995864,1,0,0.03026201,0
124.68290088005644,20,136.22284569578102,1,5.57014066458486,1,0,0.0343125,0
64.08052443390153,20,104.6525852599952,0,11.44562693240325,1,0,0.019749217,0
8.573028773754658,12,398.5100541066589,2,20.83570238090112,1,0,0.018291855,0
13.597577580334628,14,827.2876483743802,1,4.981046375625271,1,0,0.036826167,0
22.91035474805024,0,327.11574172888925,0,7.231280180347082,1,0,0.037654664,0
40.31036235041698,6,701.2144819556772,2,38.20478790186696,1,0,0.04343045,0
98.69572737893532,0,279.5034287001909,0,6.820272998964868,1,0,0.03517761,0
30.497238193520644,0,1407.0132203968428,1,4.681065905487085,0,0,0.11637373,0
90.76782912072107,8,285.7713781808836,3,13.60103912491974,0,1,0.9001179,1
7.590737967599372,19,178.10868894348792,2,25.330303214594394,1,0,0.010192579,0
1.7365788385182173,14,128.97751716323356,2,25.720584582771828,1,0,0.012094197,0
26.12897997278173,15,825.7819438759569,4,25.16321189408044,1,0,0.054632057,0
57.88163649943067,7,126.681356711673,2,58.37188459819311,1,0,0.023436707,0
25.50405855279636,10,897.7917943203537,3,23.03217187298516,1,0,0.08577746,0
13.335631731380058,9,650.8664557772489,1,0.2179551899460189,1,0,0.040568206,0
55.83044577060468,12,1331.3854514208883,2,10.27152540543612,1,0,0.07430143,0
252.88775515554968,3,699.2740611151966,1,17.191102508909143,1,0,0.052799746,0
33.002870973481485,18,681.0444918595015,4,2.5462651878766667,1,0,0.04447106,0
17.707550154853806,10,683.9583369722822,3,4.034618023099396,1,0,0.0740561,0
15.71414674986683,5,385.9358803294748,5,1.7500704996384069,0,1,0.9531011,1
261.3913770959891,3,125.02043562523448,3,23.072069996756564,1,1,0.983959,1
35.152153902559455,0,230.93139876191225,0,8.62886040193332,1,0,0.036472954,0
67.50309250217447,11,186.87693317006716,1,10.309355335218097,0,0,0.05920004,0
123.96591964305084,2,389.8348581594337,3,1.770169369482149,1,0,0.9380187,1
107.46639430511064,7,639.5438082719003,3,9.472376211153154,1,0,0.1736225,0
14.55663078224519,23,140.8879798076176,1,30.53408339099271,1,0,0.005983676,0
95.2047985933705,12,895.4471872075452,1,6.458496953545299,1,0,0.044351056,0
85.10082431921683,5,468.095001941844,3,3.953801105292973,1,0,0.75943184,0
59.694481563291866,20,93.55397853314204,4,1.870377817394349,1,0,0.09166815,0
100.44542950748652,23,143.2466917273043,2,11.13876812995952,1,0,0.027730457,0
20.8786448363813,4,295.08966825373125,1,47.57197714572207,0,0,0.018570988,0
33.976459615459646,0,161.6825843431109,0,7.902605792771455,1,0,0.03624176,0
21.65624077413005,18,436.56432669698427,1,37.39418328734782,1,0,0.006439811,0
78.12510236446792,16,269.86650590709866,2,8.94746601729844,1,0,0.034816068,0
19.047066742328955,15,816.5108602268716,3,18.613195931379398,0,0,0.09611427,0
54.2353410997204,12,654.6699442783795,1,5.440941374057564,1,0,0.04582075,0
12.255528850586549,16,478.1010074671472,0,7.101323059891961,1,0,0.016512759,0
32.39491718809979,11,540.3095289769141,2,7.443425039651263,1,0,0.05040671,0
25.487222234459736,8,403.3338565914916,3,42.74072664235534,0,0,0.4549796,0
32.64778239184946,0,651.7744118241831,3,12.8937127017406,0,1,0.9546208,1
41.800287668864,7,859.6477570799974,4,1.3410700245688325,1,0,0.4301133,0
30.451381411574463,13,913.7436902606414,2,4.851802059450797,1,0,0.05610585,0
29.38658102776488,10,270.6030063420121,4,16.52412222058355,0,0,0.89813024,1
4.616972459576037,14,461.4371551384758,0,39.16213167060677,1,0,0.004566454,0
110.52951664566562,5,68.21943167911306,3,43.0600761622548,1,1,0.9854447,1
19.623682526089716,20,88.58160400631856,2,11.463957846224623,1,0,0.024251115,0
28.65287879320208,16,270.6317940564413,0,15.231040667957409,1,0,0.012786848,0
16.001186455235544,19,87.51038069598185,0,14.05946226266501,0,0,0.012229116,0
99.40548962494417,21,568.740362013431,2,1.4204397386493397,1,0,0.01667897,0
14.815773341675696,19,101.34641426011926,4,29.98686070902093,0,1,0.99200964,1
60.60172887120554,17,153.33065450299503,0,53.01487612502258,1,0,0.0067677023,0
118.90291021537897,1,788.8640233528607,0,26.11843267029237,0,1,0.73255044,0
189.71117625451672,10,830.0640652343633,1,9.48041240555645,1,0,0.029570602,0
120.08617002049093,21,589.4912028085107,3,0.0134349110763661,0,0,0.3160458,0
68.00381440012038,21,585.1324167384421,2,1.0859049853047873,1,0,0.018478097,0
11.055125418078454,12,394.6830234312394,4,1.4239284590564938,1,0,0.051907744,0
133.05698135588463,20,585.4416558656487,1,0.2094828890969005,1,0,0.017631311,0
120.14599865016322,20,167.09813000186747,2,10.76121875542123,1,0,0.03483269,0
84.69903868935762,14,806.4508488918998,1,10.270875436510266,1,0,0.042827874,0
81.80802669107489,21,376.72900359939615,5,1.3265664897178624,1,0,0.03703045,0
39.61810437740695,15,386.1541463159116,2,57.9001686738416,1,0,0.006605191,0
21.94954955515247,1,283.25062219859313,1,11.72572697079786,1,0,0.07407059,0
108.1488703911738,3,1285.5835813630256,0,5.217328227870567,1,0,0.024621429,0
131.105160153559,9,236.5565327751592,1,7.407082370248833,0,0,0.31435695,0
13.03954834850177,11,758.8660881925852,1,11.559232631763097,1,0,0.03131748,0
91.66659413383742,12,100.10511429483368,1,35.278919660386755,1,0,0.027656121,0
47.08263458372844,9,469.1946437110717,2,10.62232471863132,0,0,0.049134675,0
89.28730757314379,14,567.1548020666006,4,16.752511217825486,0,0,0.3789687,0
48.50479762694993,7,545.993676067771,3,1.0286546942740953,0,0,0.31722838,0
111.8497564579357,22,324.6338459993188,2,2.039225997204228,1,0,0.019848304,0
102.69004022169528,0,395.0272617046216,0,16.624143647517588,1,0,0.036108796,0
89.53648544850161,0,784.9764414357559,2,29.17108551195718,1,0,0.11373527,0
9.357263520280798,7,353.5013858212104,6,39.79220194225896,0,1,0.91354555,1
84.11709660143843,14,357.65185868993984,0,91.73655011341552,1,0,0.006158415,0
38.92427681255891,4,752.1445106208087,4,0.968366735313998,1,1,0.9566016,1
12.06838672395866,11,129.59461654584558,2,42.679025144285966,0,1,0.027832983,0
75.00371695378134,6,167.3606401304415,2,16.21426776063572,1,0,0.08559484,0
9.50277076518805,3,556.8131949520905,0,21.66721068752081,1,0,0.022389842,0
90.5030812662914,17,218.9754698611827,1,6.717009997269908,1,0,0.037771314,0
200.5573739876636,16,571.2155095072277,2,6.211344463134983,0,0,0.22596307,0
22.53893608809444,1,823.6212960610217,2,16.394499558797,0,0,0.19203119,0
92.8776922008188,17,946.9251257790128,1,10.855353640467776,1,0,0.035301294,0
58.3019738430128,23,526.5951766696236,1,8.8122857485496,0,0,0.054142624,0
71.11680089597438,2,310.38099555566447,3,26.05066770833676,1,1,0.98895675,1
9.718583098667317,12,254.59623546271055,1,14.568450193252866,0,0,0.010016946,0
68.33148402563359,2,286.088848961432,2,10.89136058483922,1,0,0.1371426,0
42.62033143143032,13,630.3137616202591,1,26.582882859407327,0,0,0.03628692,0
77.83852783006157,11,1198.2283422637367,2,34.40968986789216,1,0,0.06304184,0
37.67843616657529,3,187.91240409331223,2,9.84276372332524,1,0,0.15846841,0
110.9839588421882,22,593.8079107206091,2,14.101629813665417,1,0,0.014588994,0
49.11458314556005,0,711.4268533538918,2,15.82644172770248,0,0,0.24791612,0
73.47274359146023,19,130.7024090295641,1,7.753107353184296,1,0,0.034066793,0
145.70075502236529,16,739.1452815624385,4,2.335786764872165,1,0,0.029769933,0
44.909706769783554,15,414.8081056247671,0,8.866193753058134,1,0,0.022969808,0
100.51241323771232,23,391.6338957487639,2,69.27728107387114,0,1,0.9192085,1
47.02001915929384,9,397.4976156590607,1,12.421584957980574,0,0,0.02215714,0
63.00266742152917,13,28.54037579873245,0,24.028138659549278,1,0,0.02002177,0
22.29941969736556,22,459.2877081370596,4,29.91729297664009,0,0,0.3641843,0
81.02305552718025,1,195.3895986382321,0,21.7306560611569,1,0,0.033143498,0
126.67713242079792,11,278.9681962487198,4,20.952233197134625,0,0,0.9571655,1
34.70871657548657,19,777.8836355317394,3,16.58875531363591,1,0,0.029956706,0
82.58994966839177,3,1790.4142692113069,3,21.162824657003668,1,0,0.7624638,0
57.55503136674601,4,239.42571596016975,2,6.360250619129754,1,0,0.13281924,0
12.636112095716951,14,243.7743109251264,2,9.495698318354028,1,0,0.023924965,0
53.436339919054205,21,278.58140493880313,0,9.056287816898648,1,0,0.012871755,0
138.86552839478617,2,22.806287785169133,2,6.605649620727745,1,0,0.14869696,0
23.354736236396576,1,693.5605736737805,5,4.456500394486488,0,0,0.9887912,1
6.499789666788943,20,601.8451796360782,2,2.1358256154165964,1,0,0.017556425,0
46.21076689147682,6,222.7415113462448,5,15.153658135328527,0,1,0.9820479,1
20.02475690180053,12,246.39344292817745,1,9.482990444752032,1,0,0.0246987,0
245.67636711474927,18,1445.2208259641957,2,45.66139089887117,0,1,0.97537315,1
36.3044440075578,17,423.2785985770195,2,14.064302414899355,1,0,0.02284018,0
37.634205895434526,5,329.6567043258712,1,31.25438385754143,1,0,0.022760658,0
20.3509112213574,20,517.2951464246919,1,5.782620389284114,1,0,0.014766319,0
48.39474571951669,18,692.3170369643398,2,28.96832081165838,1,0,0.02061061,0
21.70977844030069,18,86.10969573535063,2,67.26097725015282,1,0,0.0038945337,0
15.565696400944905,12,518.1484718348755,1,8.29753835602977,1,0,0.031520482,0
35.60250168239095,18,206.66564159125625,2,19.40941039498844,1,0,0.019316038,0
